dutyName,dutyTel3,hpid,hv10,hv11,hv17,hv18,hv2,hv28,hv29,hv3,hv30,hv31,hv36,hv42,hv5,hv7,hvamyn,hvangioayn,hvcrrtayn,hvctayn,hvec,hvecmoayn,hvgc,hvhypoayn,hvidate,hvincuayn,hvmriayn,hvncc,hvoc,hvoxyayn,hvs01,hvs02,hvs03,hvs04,hvs05,hvs06,hvs07,hvs08,hvs19,hvs22,hvs26,hvs27,hvs28,hvs29,hvs30,hvs31,hvs32,hvs33,hvs34,hvs35,hvs37,hvs38,hvs50,hvs51,hvventiayn,hvventisoayn,phpid,rnum,hv35,hv40,hvicc,hvs17,hvs18,hvs24,hv26,hv41,hvs25,hvs58,query_sido,query_sigungu,hv27,hvs59,hv24,hv25,hv38,hv39,hv6,hv60,hv61,hv9,hvs12,hvs14,hvs21,hvs23,hvs56,hvs57,hvs60,hvs61,hv43,hvs36,hv13,hv14,hvcc,hvs11,hvs46,hvs47,hv32,hv34,hvs09,hvs15,hv16,hv19,hv21,hv22,hv23,hvs49,hvs52,hvs53,hvs54,hvs55,hvccc,hvs16,hv15,hv33,hv37,hvs10,hvs20,hvs48
강릉아산병원,033-610-3333,A2200008,Y,Y,0,1,1,3,2,6,2,3,15,Y,Y,Y,Y,Y,Y,Y,0,Y,137,Y,20260526115515,Y,Y,0,8,Y,23,3,2,3,18,14,16,13,38,15,2,4,3,4,33,8,12,8,5,1,2,596,1,6,Y,Y,A2200008,1,,,,,,,,,,,강원특별자치도,강릉시,,,,,,,,,,,,,,,,,,,,,,,,,,,,,,,,,,,,,,,,,,,,,,,,
의료법인강릉동인병원,033-650-6105,A2200005,,,,,2,,1,,2,,,,Y,Y,Y,Y,Y,Y,15,N1,93,N1,20260526115537,N1,Y,,5,N1,17,,1,2,,12,,,,5,,2,1,1,14,,,1,,,,248,,,Y,N1,A2200005,2,2,10,2,12,2,101,,,,,강원특별자치도,강릉시,,,,,,,,,,,,,,,,,,,,,,,,,,,,,,,,,,,,,,,,,,,,,,,,
강원특별자치도강릉의료원,033-610-1234,A2200011,,,,,,,,,1,,,,Y,,Y,N1,N1,Y,-2,N1,38,N1,20260526115501,N1,Y,,1,N1,5,,,1,,,,,,2,,1,1,,4,,,,,,,122,,,Y,N1,A2200011,3,,,3,8,,,20,5,5,20,강원특별자치도,강릉시,,,,,,,,,,,,,,,,,,,,,,,,,,,,,,,,,,,,,,,,,,,,,,,,
의료법인동해동인병원,033-530-0129,A2200003,,,,,,,,,1,,,,Y,,Y,N1,N1,Y,8,N1,27,N1,20260526115527,N1,Y,,0,N1,10,,,1,,,,,,2,,1,1,,7,,,,,,,178,,,Y,N1,A2200003,1,1,56,9,19,1,110,,,,,강원특별자치도,동해시,,,,,,,,,,,,,,,,,,,,,,,,,,,,,,,,,,,,,,,,,,,,,,,,
강원특별자치도삼척의료원,033-571-0431,A2200007,,Y,,,,1,2,,1,,,Y,Y,,Y,N1,Y,Y,16,N1,101,N1,20260526115502,Y,Y,,4,Y,16,1,2,1,,,,,,4,1,1,1,,3,,3,1,,,3,192,,,Y,N1,A2200007,1,,,0,10,,,,4,4,,강원특별자치도,삼척시,,,,,,,,,,,,,,,,,,,,,,,,,,,,,,,,,,,,,,,,,,,,,,,,
강원특별자치도속초의료원,033-630-6036,A2200012,Y,Y,,,,,2,,1,,,Y,Y,,Y,N1,N1,Y,17,N1,64,N1,20260526115501,Y,Y,,3,N1,17,,2,1,,,,,,3,2,1,1,,7,1,1,,,,,154,,,Y,Y,A2200012,1,,,0,8,,,,,,,강원특별자치도,속초시,,,,,,,,,,,,,,,,,,,,,,,,,,,,,,,,,,,,,,,,,,,,,,,,
의료법인온세움의료재단온재병원,033-639-8988,A2200046,,,,,,,,,1,,,,Y,,Y,N1,N1,Y,6,N1,92,N1,20260526115456,N1,Y,,4,N1,9,,,1,,,,,,4,,1,1,,4,,,,,,,219,,,Y,N1,A2200046,2,,29,4,15,,59,,,,,강원특별자치도,속초시,,,,,,,,,,,,,,,,,,,,,,,,,,,,,,,,,,,,,,,,,,,,,,,,
의료법인성심의료재단양구성심병원,033-480-8816,A2200037,,Y,,,,,1,,,,,Y,Y,,Y,N1,N1,Y,5,N1,27,N1,20260526115451,Y,N1,,,N1,5,,1,,,,,,,,1,1,,,1,,1,,,,,52,,,Y,N1,A2200037,1,,,,,,,,,,,강원특별자치도,양구군,,,,,,,,,,,,,,,,,,,,,,,,,,,,,,,,,,,,,,,,,,,,,,,,
강원특별자치도영월의료원,033-370-9129,A2200002,,Y,,,,,,,,,,Y,Y,,Y,N1,N1,Y,9,N1,37,N1,20260526115001,Y,Y,,2,N1,9,,,,,,,,,2,1,1,1,,7,,3,,,,,174,,,Y,N1,A2200002,1,0,,2,10,2,,,1,2,,강원특별자치도,영월군,1,1,,,,,,,,,,,,,,,,,,,,,,,,,,,,,,,,,,,,,,,,,,,,,,
연세대학교원주세브란스기독병원,033-741-1641,A2200001,Y,Y,1,,4,3,2,3,2,0,13,Y,Y,Y,Y,Y,Y,Y,12,Y,118,Y,20260526114500,Y,Y,9,2,Y,29,3,2,3,20,15,12,19,30,15,2,5,4,7,100,12,25,16,7,13,4,618,2,,Y,Y,A2200001,1,,15,,,,24,,,,,강원특별자치도,원주시,,,1,8,2,2,0,2,6,1,15,20,40,2,4,8,2,6,,,,,,,,,,,,,,,,,,,,,,,,,,,,,,
강원특별자치도원주의료원,033-760-4701,A2200015,,,,,,,,,2,,,,Y,,Y,N1,N1,Y,2,N1,1,N1,20260526115502,N1,Y,,3,N1,8,,,2,,,,,,3,,1,1,,7,,,,,,,163,,,Y,N1,A2200015,2,,,4,11,,,,,,,강원특별자치도,원주시,,,,,,,,,,,,,,,,,,,,,,,,,,,,,,,,,,,,,,,,,,,,,,,,
의료법인성지의료재단성지병원,033-760-3119,A2200024,,,,,,,,,1,,,,Y,,Y,N1,N1,Y,4,N1,-61,N1,20260526114929,N1,Y,,4,N1,7,,,1,,,,,,4,,1,2,,4,,,,,,,135,,,Y,N1,A2200024,3,,,9,9,,,13,,,13,강원특별자치도,원주시,,,,,,,,,,,,,,,,,,,,,,,,,,,,,,,,,,,,,,,,,,,,,,,,
근로복지공단정선병원,033-560-7150,A2200048,,,,,,,,,1,,,,Y,,Y,N1,N1,Y,5,N1,43,N1,20260526115100,N1,N1,,,N1,5,,,1,,,,,,,,1,,,3,,,,,,,149,,,Y,N1,A2200048,1,,,,,,,,,,,강원특별자치도,정선군,,,,,,,,,,,,,,,,,,,,,,,,,,,,,,,,,,,,,,,,,,,,,,,,
철원병원,033-452-5012,A2201730,N,Y,,,,,1,,,,,Y,Y,N,Y,N,N,Y,5,N,35,N,20260526115001,Y,Y,,2,N,5,,1,,,,,,,2,1,1,1,0,1,0,1,0,0,0,0,68,,,Y,N,A2201730,1,,,,,,,,,,,강원특별자치도,철원군,,,,,,,,,,,,,,,,,,,N,0,,,,,,,,,,,,,,,,,,,,,,,,,,,,
한림대학교춘천성심병원,033-240-5219,A2200013,Y,Y,,0,,2,,,,1,8,Y,Y,Y,Y,Y,Y,Y,6,Y,55,Y,20260526115323,Y,Y,,5,Y,22,3,,,20,,,,45,9,1,2,2,3,33,1,4,6,2,1,1,252,,2,Y,Y,A2200013,1,0,,1,20,2,,,1,2,,강원특별자치도,춘천시,,,,,,,,,,,,,,,,,,,Y,1,2,3,2,8,2,3,,,,,,,,,,,,,,,,,,,,,,
강원대학교병원,033-258-2293,A2200009,Y,Y,0,,0,4,2,,3,4,,Y,Y,Y,Y,Y,Y,Y,-1,Y,215,Y,20260526115500,Y,Y,5,7,Y,15,6,2,3,5,10,,15,,11,3,4,2,4,43,13,24,12,3,10,0,508,0,,Y,Y,A2200009,2,1,4,,,2,16,,14,14,,강원특별자치도,춘천시,,,,,,,4,,,,8,,,,,,,,Y,0,,,,,,,6,4,8,8,,,,,,,,,,,,,,,,,,
근로복지공단태백병원,033-580-3119,A2200004,,,,,,,1,,,,,Y,Y,,Y,N1,N1,Y,8,N1,68,N1,20260526115400,N1,Y,,1,N1,9,,1,,,,,,,2,1,1,1,,8,,,,,,,223,,,Y,N1,A2200004,1,1,,2,9,1,,,,,,강원특별자치도,태백시,,,,,,,,,,,,,,,,,,,,,,,,,,,,,,,,,,,,,,,,,,,,,,,,
평창군보건의료원,033-330-4812,E2200026,,,,,,,,,1,,,,Y,,Y,N1,N1,Y,6,N1,20,N1,20260526115501,N1,N1,,,N1,6,,,1,,,,,,,,1,,,1,,,,,,,20,,,Y,N1,E2200026,1,,,,,,,,,,,강원특별자치도,평창군,,,,,,,,,,,,,,,,,,,,,,,,,,,,,,,,,,,,,,,,,,,,,,,,
홍천아산병원,033-430-5119,A2200014,,,,,,,,,,,,,Y,,Y,N1,N1,Y,4,N1,14,N1,20260526115003,N1,Y,,2,N1,10,,,,,,,,,2,,1,1,,4,,,,,,,128,,,Y,N1,A2200014,1,,,0,7,,,,,,,강원특별자치도,홍천군,,,,,,,,,,,,,,,,,,,,,,,,,,,,,,,,,,,,,,,,,,,,,,,,
화천군보건의료원,033-440-2880,E2200025,,,,,,,,,1,,,,,,Y,N1,N1,N1,7,N1,16,N1,20260526115500,N1,N1,,,N1,7,,,1,,,,,,,,,,,1,,,,,,,16,,,Y,N1,E2200025,1,,,,,,,,,,,강원특별자치도,화천군,,,,,,,,,,,,,,,,,,,,,,,,,,,,,,,,,,,,,,,,,,,,,,,,
횡성대성병원,033-345-1191,A2200016,,,,,,,,,1,,,,Y,,Y,N1,N1,Y,7,N1,28,N1,20260526115458,N1,Y,,1,N1,9,,,1,,,,,,1,,1,1,,1,,,,,,,114,,,Y,N1,A2200016,1,,,,,,,,,,,강원특별자치도,횡성군,,,,,,,,,,,,,,,,,,,,,,,,,,,,,,,,,,,,,,,,,,,,,,,,
의료법인명지의료재단명지병원,031-810-7119,A2100042,Y,Y,0,1,,0,0,,0,7,15,Y,Y,Y,Y,Y,Y,Y,5,Y,168,Y,20260526115500,Y,Y,3,4,Y,15,0,0,3,16,,,3,28,13,2,6,3,5,49,4,5,8,5,2,2,443,4,3,Y,Y,A2100042,1,4,0,9,31,4,0,0,0,0,0,경기도,고양시,,,0,0,,,,,,,,,,,0,0,,,Y,1,3,0,,,3,2,,,,,3,2,0,0,0,3,2,0,0,0,,,,,,,,
국민건강보험공단일산병원,031-900-0761,A2100033,Y,Y,1,,0,5,2,5,2,8,5,Y,Y,Y,Y,Y,Y,Y,4,Y,142,N1,20260526115503,Y,Y,0,5,N1,23,5,2,3,19,10,16,20,29,20,2,4,3,3,60,8,28,13,5,,,648,1,,Y,Y,A2100033,2,6,13,,,11,28,0,2,4,0,경기도,고양시,,,,0,,,,,,,,,,,,0,,,,,,,,,,,,5,,6,,1,,0,0,,1,,0,0,,,,,,,,
동국대학교일산불교병원,031-961-7777,A2100047,Y,Y,,,6,3,1,15,3,,,Y,Y,Y,Y,Y,Y,Y,6,Y,197,Y,20260526115521,Y,Y,9,4,N1,19,3,1,3,,16,20,13,,12,8,2,2,2,19,13,25,4,2,1,,522,,,Y,Y,A2100047,3,0,7,,,4,15,,0,0,,경기도,고양시,3,3,,,,,,,,,,,,,,,,,,,,,,,,,,,,,,,,,,,,,,,,,,,,,,
인제대학교일산백병원,031-910-7114,A2100038,N,N,,,1,,3,1,1,,,Y,Y,Y,Y,Y,Y,Y,17,Y,138,Y,20260526115328,N,Y,,8,N1,34,,3,3,,25,32,,,17,3,3,3,4,53,18,22,7,3,1,,534,,,Y,N,A2100038,4,0,8,,,4,16,,1,2,,경기도,고양시,,,,,,,,,,,,,,,,,,,,,,,,,,,,,,,,,,,,,,,,,0,4,,,,,,
의료법인자인의료재단(더자인병원),031-930-3119,A2100290,,,,,,,2,,2,,,,Y,Y,Y,Y,N1,Y,14,N1,86,N1,20260526115537,N1,Y,,5,N1,16,,2,2,,,,,,5,,2,2,1,15,,,,,,,250,,,Y,N1,A2100290,5,,,,,,,,,,,경기도,고양시,,,,,,,,,,,,,,,,,,,,,,,,,,,,,,,,,,,,,,,,,,,,,,,,
국립암센터,031-920-0119,A2100049,,N,,,,,,,1,,,,Y,Y,Y,Y,Y,Y,4,Y,101,Y,20260526115200,N,Y,,12,N1,24,,,1,,,,,,18,,7,5,3,29,,1,8,2,7,,554,,,Y,N1,A2100049,6,9,,11,19,9,,,,,,경기도,고양시,,,,,,,,,,,,,,,,,,,,,,,,,,,,,,,,,,,,,,,,,,,,,,,,
의료법인성광의료재단일산차병원,031-782-8587,A2116972,Y,Y,,,,,,,3,,,Y,,,Y,N1,N1,N1,6,N1,63,N1,20260526115328,Y,N1,0,0,N1,6,,,4,,,,17,,10,9,,,,4,11,19,,,,,179,,,Y,Y,A2116972,7,1,,3,4,1,,,1,1,,경기도,고양시,,,,,,,,,,,,,,,,,,,,,,,,,,,,,,,,,,,,,,,,,,,,,,,,
중앙대학교광명병원,02-2222-1351,A2118788,Y,Y,,,,,1,,1,,,Y,Y,Y,Y,Y,Y,Y,8,Y,186,Y,20260526115508,Y,Y,1,7,N1,21,,1,2,,,,16,,17,2,2,2,5,28,6,16,5,4,10,,584,,,Y,Y,A2118788,1,4,,10,24,6,,,0,2,,경기도,광명시,,,,,,,,,,,,,,,,,,,,,0,0,1,5,0,0,,3,,5,,,,,,,,,,,,,,,,,,
광명성애병원,02-2680-7116,A2100007,Y,Y,,,,4,1,,4,,,Y,Y,Y,Y,Y,Y,Y,1,N1,89,N1,20260526115435,Y,Y,,2,N1,11,4,1,4,,,,,,5,2,2,2,1,12,2,5,1,,,,189,,,Y,Y,A2100007,2,0,,8,13,1,,29,,,50,경기도,광명시,,,,,,,,,,,,,,,,,,,,,,,,,,,,,,,,,,,,,,,,,,,,,,,,
참조은병원,031-881-9119,A2100155,,,,,,1,1,,3,,,,Y,Y,Y,Y,Y,Y,1,N1,59,Y,20260526115253,N1,Y,,5,N1,9,1,1,3,,,,,,7,,3,3,2,18,,,3,,2,,286,,,Y,N1,A2100155,1,0,,-2,24,1,,,1,2,,경기도,광주시,6,6,0,0,,,,,,,,,,,0,0,,,,,,,,,,,,,,,,,,,,,,,,,,,,,,,,
한양대학교구리병원,1644-9118,A2100039,Y,Y,,,1,,2,2,2,,,Y,Y,Y,Y,Y,Y,Y,3,Y,102,Y,20260526114800,Y,Y,7,3,N1,18,,3,2,,17,14,10,,9,1,3,2,3,21,6,14,4,2,2,,488,,,Y,Y,A2100039,1,,,,,,,,2,5,,경기도,구리시,,,,,,,,,,,,,,,,,,,,,,,,,,,,,,,,,,,,,,,,,,,,,,,,
효산의료재단지샘병원,031-389-3119,A2100054,,,,,,,2,,1,,,,Y,Y,Y,Y,Y,Y,12,N1,86,N1,20260526115532,N1,Y,,1,N1,18,,2,1,,,,,,5,,2,1,3,11,,,2,,,,367,,,Y,N1,A2100054,1,1,,10,18,1,,,0,2,,경기도,군포시,1,1,,,,,,,,,,,,,,,,,,,,,,,,,,,,,,,,,,,,,,,,,,,,,,
원광대학교산본병원,031-390-2345,A2100048,,,,,,,1,,2,,,Y,Y,Y,Y,Y,Y,Y,14,N1,63,N1,20260526115200,N1,Y,,3,N1,17,,1,2,,,,,,5,1,1,1,1,1,,,2,,,,188,,,Y,N1,A2100048,2,,,6,12,,,,,,,경기도,군포시,,,,,,,,,,,,,,,,,,,,,,,,,,,,,,,,,,,,,,,,,,,,,,,,
의료법인우리의료재단김포우리병원,031-999-1119,A2100053,,,,,,,1,,6,,,,Y,Y,Y,Y,Y,Y,15,Y,47,Y,20260526115357,N1,Y,,2,N1,22,,1,6,,,,,,7,,2,2,2,48,,,4,1,2,,477,,,Y,N1,A2100053,1,0,,8,36,1,,0,0,11,0,경기도,김포시,,,0,0,,,,,,,,,,,0,0,,,,,,,,,,,,,,,,,,,,,,,,,,,,,,,,
의료법인인봉의료재단뉴고려병원,031-980-9119,A2100006,,,,,,,1,,2,,,,Y,Y,Y,Y,Y,Y,10,N1,76,N1,20260526115331,N1,Y,,2,N1,14,,1,2,,,,,,6,,2,2,2,7,,,1,,,,278,,,Y,N1,A2100006,2,5,,2,24,10,,,,,,경기도,김포시,3,3,,,,,,,,,,,,,,,,,,,,,,,,,,,,,,,,,,,,,,,,,,,,,,
남양주한양병원,031-510-0119,A2100041,,,,,,,1,,2,,,,Y,Y,Y,Y,Y,Y,16,N1,71,N1,20260526115527,N1,Y,,,N1,17,,1,2,,,,,,,,2,2,1,33,,,2,,,,244,,,Y,N1,A2100041,1,7,,1,17,23,,,,,,경기도,남양주시,,,,,,,,,,,,,,,,,,,,,,,,,,,,,,,,,,,,,,,,,,,,,,,,
현대병원,031-574-0114,A2100037,,,,,,,3,,,,,,Y,Y,Y,Y,Y,Y,10,N1,93,Y,20260526115318,N1,Y,,6,N1,17,,3,,,,,,,7,,2,2,2,50,,,17,,2,,342,,,Y,N1,A2100037,2,5,,1,19,20,,,,,,경기도,남양주시,,,,,,,,,,,,,,,,,,,,,,,,,,,,,,,,,,,,,,,,,,,,,,,,
엘병원,031-527-6119,A2118188,,,,,,,,,2,,,,Y,,Y,N1,N1,Y,8,N1,36,N1,20260526115528,N1,Y,,2,N1,8,,,2,,,,,,3,,1,1,,2,,,,,,,146,,,Y,N1,A2118188,3,0,,1,8,1,,,0,1,,경기도,남양주시,,,,,,,,,,,,,,,,,,,,,,,,,,,,,,,,,,,,,,,,,,,,,,,,
순천향대학교부속부천병원,032-621-5117,A2100005,Y,Y,,,2,0,0,4,0,3,15,Y,Y,Y,Y,Y,Y,Y,7,Y,215,Y,20260526115122,Y,Y,1,10,Y,17,5,0,0,20,16,15,24,34,21,1,4,3,5,71,9,31,17,4,3,1,674,,,Y,Y,A2100005,1,4,,2,20,8,,,1,7,,경기도,부천시,,,0,0,,,,,1,,,,,,0,0,,5,Y,1,2,0,,,2,3,,,,,,,,0,,,,,0,,,,,,,,,
부천세종병원,032-340-1119,A2100055,Y,Y,,,,,1,,2,,,Y,Y,Y,Y,Y,Y,Y,12,Y,74,Y,20260526115510,Y,Y,,3,N1,17,,1,2,,,,,,6,1,2,1,5,18,1,1,5,4,1,,271,,,Y,Y,A2100055,2,0,,4,22,2,,,1,6,,경기도,부천시,,,,,,,,,,,,,,,,,,,,,,,,,,,,,,,,,,,,,,,,,,,,,,,,
가톨릭대학교부천성모병원,032-340-2100,A2100052,Y,Y,,,5,,2,1,1,,,Y,Y,Y,Y,Y,Y,Y,6,Y,190,Y,20260526115508,Y,Y,7,4,N1,31,,2,1,,16,12,10,,14,3,3,3,3,28,4,14,11,1,2,,562,,,Y,Y,A2100052,3,1,,,,4,,,1,4,,경기도,부천시,3,3,,,,,1,,,,18,,,,,,,,,,,,,,,,,,,,,,,,,,,,,,,,,,,,,
의료법인대인의료재단 다니엘종합병원,032-670-0119,A2100050,,,,,,,1,,3,,,,Y,,Y,N1,N,Y,4,N1,56,N1,20260526115503,N1,Y,,1,N1,6,,1,3,,,,,,3,,1,1,,17,,,1,,,,169,,,Y,N1,A2100050,4,1,,1,30,1,,,,,,경기도,부천시,,,,,,,,,,,,,,,,,,,,,,,,,,,,,,,,,,,,,,,,,,,,,,,,
분당서울대학교병원,031-787-3119,A2100001,Y,Y,,3,2,1,1,6,2,3,17,Y,Y,Y,Y,Y,Y,Y,-33,Y,172,Y,20260526115300,Y,Y,2,9,N1,30,5,2,3,15,13,13,35,30,39,3,11,11,11,128,17,39,16,8,8,,1247,,5,Y,Y,A2100001,1,0,0,3,8,1,15,,1,3,,경기도,성남시,,,9,,,,0,,1,,10,,,,9,,,2,,,,,,,,,1,3,6,9,,,,,5,,,,,5,,,,,,,,
차의과학대학교분당차병원,031-780-5840,A2100030,Y,Y,0,0,0,3,,0,,0,9,Y,Y,Y,Y,Y,Y,Y,0,Y,166,Y,20260526115116,Y,Y,9,4,N1,22,11,,,14,9,8,35,43,26,8,5,3,4,40,26,46,6,2,2,,726,2,2,Y,Y,A2100030,2,1,5,,,4,22,,,,,경기도,성남시,0,0,,0,,,0,,,,7,,,,,1,,,,,1,2,,,2,3,,1,,6,1,,,,0,1,,,,0,,,1,0,4,2,6,1
대진의료재단분당제생병원,031-779-0119,A2100025,Y,Y,,,3,3,1,7,2,,,Y,Y,Y,Y,Y,Y,Y,6,Y,153,Y,20260526115500,Y,Y,0,4,N1,24,3,1,2,,11,14,3,,9,2,4,3,3,22,1,5,5,2,3,,484,,,Y,Y,A2100025,3,4,,,,4,,,2,2,,경기도,성남시,,,,,,,,,,,,,,,,,,,Y,1,,,,,,,,,,,,,,,7,,,,,7,,,,,,,,
성남시의료원,031-738-7300,A2116806,,,,,,6,2,18,4,,,,Y,Y,Y,Y,Y,Y,12,Y,120,Y,20260526115501,N1,Y,,6,Y,17,6,2,4,,,25,,,8,,3,2,2,31,,,6,3,1,2,241,,,Y,N1,A2116806,4,2,,,,5,,,28,28,,경기도,성남시,,,,,,,,,,,,,,,,,,,,,,,,,,,,,,,,,,,,,,,,,,,,,,,,
국군수도병원,031-725-6119,A2100258,,,,,,,0,,,,,,Y,Y,Y,Y,Y,Y,15,Y,146,N1,20260526115013,N1,Y,,9,N1,16,,2,,,,,,,9,,3,4,2,2,,,5,2,,,530,,,Y,N1,A2100258,5,1,0,4,12,1,15,,,,,경기도,성남시,,,1,6,9,,,,,14,,20,40,,2,6,,,,,,,,,,,,,,,,,,,,,,,,,,,,,,,,
순천의료재단성남정병원,031-750-6003,A2100016,,,,,,,2,,,,,,Y,,Y,N1,N1,Y,8,N1,78,N1,20260526115125,N1,Y,,4,N1,9,,2,,,,,,,4,,1,1,,1,,,,,,,98,,,Y,N1,A2100016,6,,,,,,,,,,,경기도,성남시,,,,48,,,,,,,,,,,,105,,,,,,,,,,,,,,,,,,0,,,,,0,,,,,,,,,
성남중앙병원,031-799-5599,A2100011,,,,,,,,,1,,,,Y,,Y,N1,N1,Y,6,N1,,N1,20260526115148,N1,Y,,5,N1,9,,,1,,,,,,5,,1,1,,2,,,,,,,,,,Y,N1,A2100011,7,,,,,,,,,,,경기도,성남시,,,,,,,,,,,,,,,,,,,,,,,,,,,,,,,,,,,,,,,,,,,,,,,,
아주대학교병원,031-219-7777,A2100002,Y,Y,,1,1,6,0,-1,0,0,23,Y,Y,Y,Y,Y,Y,Y,6,Y,212,Y,20260526115104,Y,Y,1,5,N1,30,9,0,0,16,14,10,36,42,25,3,8,6,9,126,27,34,32,9,7,,792,,2,Y,Y,A2100002,1,0,7,,,3,20,,6,8,,경기도,수원시,0,0,0,0,4,1,3,2,6,1,13,40,60,3,0,0,2,6,,,2,2,2,6,2,6,,2,,7,2,,,,,4,,,,,5,11,1,0,1,2,6,1
의료법인명인의료재단화홍병원,031-8021-6829,A2117135,Y,,,,,,2,,3,,,,Y,,Y,N1,N1,Y,8,Y,61,N1,20260526114825,N1,Y,,3,Y,15,,2,3,,,,,,6,,2,2,,4,1,,,1,,1,228,,,Y,Y,A2117135,2,0,,7,29,1,,,,,,경기도,수원시,,,,,,,,,,,,,,,,,,,,,,,,,,,,,,,,,,,,,,,,,,,,,,,,
의료법인녹산의료재단동수원병원,031-210-0119,A2100009,,Y,,,,,1,,1,,,Y,Y,Y,Y,Y,Y,Y,12,N1,95,N1,20260526115116,Y,Y,,2,N1,17,,1,2,,,,,,5,1,2,2,1,15,,4,1,,,,339,,,Y,N1,A2100009,3,0,,2,20,3,,,0,1,,경기도,수원시,,,,,,,,,,,,,,,,,,,,,,,,,,,,,,,,,,,,,,,,,,,,,,,,
가톨릭대학교성빈센트병원,031-249-7370,A2100012,Y,Y,,,8,-8,2,4,1,1,,Y,Y,Y,Y,Y,Y,Y,1,Y,87,Y,20260526115507,Y,Y,1,8,N1,28,6,2,2,4,20,11,18,,19,2,5,4,6,52,7,18,12,4,4,,534,,,Y,Y,A2100012,4,2,7,,,5,30,,7,11,,경기도,수원시,,,,,,,3,,,,15,,,,,,,,,,,,,,,,,4,,8,1,,,,,1,,,,,1,8,1,2,4,2,6,1
의료법인덕산의료재단수원덕산병원,031-686-2911,A2121061,N,Y,,,,3,1,,2,2,4,Y,Y,Y,Y,Y,Y,Y,22,Y,93,N1,20260526115504,Y,Y,,6,N1,24,3,1,2,2,,,,4,9,5,3,2,2,15,N,2,5,2,,,403,,,Y,N,A2121061,5,1,,8,22,3,,,0,5,,경기도,수원시,,,,,,,,,,,,,,,,,,,,,,,,,,,,,,,,,,,,,,,,,,,,,,,,
경기도의료원수원병원,031-888-0119,A2100032,,,,,,,,,2,,,,Y,,Y,N1,N1,Y,7,N1,49,N1,20260526115501,N1,Y,,2,N1,8,,,2,,,,,,3,,1,1,,9,,,,,,,156,,,Y,N1,A2100032,6,,,2,9,,,,2,2,,경기도,수원시,3,3,,,,,,,,,,,,,,,,,,,,,,,,,,,,,,,,,,,,,,,,,,,,,,
의료법인토마스의료재단윌스기념병원,031-240-6119,A2100175,,,,,,,1,,2,,,Y,Y,Y,Y,Y,Y,Y,16,N1,55,N1,20260526115357,N1,Y,,6,N1,18,,1,2,,,,,,10,1,1,4,1,1,,,1,,,,282,,,Y,N1,A2100175,7,1,,1,18,1,,,,,,경기도,수원시,,,,,,,,,,,,,,,,,,,,,,,,,,,,,,,,,,,,,,,,,,,,,,,,
의료법인남촌의료재단시화병원,031-5189-0567,A2100008,,,,,,5,1,,4,,,Y,Y,Y,Y,Y,Y,Y,13,Y,62,N1,20260526115444,N1,Y,,7,N1,16,5,1,5,,,,,,7,1,3,3,2,29,,,4,2,,,461,,,Y,N1,A2100008,1,1,,4,35,1,,,1,1,,경기도,시흥시,,,,,,,,,,,,,,,,,,,,,,,,,,,,,,,,,,,,,,,,,,,,,,,,
의료법인석경의료재단센트럴병원,031-8041-3019,A2100027,,,,,,,1,,2,,,,Y,,Y,N1,Y,Y,18,N1,89,N1,20260526115303,N1,Y,,2,N1,18,,1,2,,,,,,3,,2,2,,7,,,2,,,,239,,,Y,N1,A2100027,2,,,7,20,,,,,,,경기도,시흥시,,,,,,,,,,,,,,,,,,,,,,,,,,,,,,,,,,,,,,,,,,,,,,,,
의료법인록향의료재단신천연합병원,031-310-6661,A2100013,,,,,,,,,1,,,,Y,,Y,N1,Y,Y,5,N1,13,N1,20260526115509,N1,Y,,2,N1,10,,,1,,,,,,3,,1,1,,4,,,1,,,,112,,,Y,N1,A2100013,3,0,,2,6,1,,,,,,경기도,시흥시,,,,,,,,,,,,,,,,,,,,,,,,,,,,,,,,,,,,,,,,,,,,,,,,
고려대학교의과대학부속안산병원,031-412-5381,A2100003,Y,Y,1,,0,4,,4,2,1,17,Y,Y,Y,Y,Y,Y,Y,6,Y,85,Y,20260526115508,Y,Y,5,6,N1,22,4,,3,18,10,13,25,30,20,2,3,4,4,66,15,19,8,5,3,,605,2,,Y,Y,A2100003,1,0,12,2,6,1,16,,6,10,,경기도,안산시,,,,,,,,,,,,,,,,,,,,,2,3,,,2,3,,,,,,,,,,,,,,,,,,,,,,
대아의료재단한도병원,031-8040-1129,A2100017,,,,,,,1,,2,,,,Y,Y,Y,Y,Y,Y,15,N1,84,N1,20260526115434,N1,Y,,3,N1,17,,1,2,,,,,,6,,3,2,2,20,,,2,,,,343,,,Y,N1,A2100017,2,0,,7,29,1,,,,,,경기도,안산시,,,,,,,,,,,,,,,,,,,,,,,,,,,,,,,,,,,,,,,,,,,,,,,,
의료법인플러스의료재단단원병원,031-8040-5911,A2100021,,,,,,,1,,2,,,,Y,Y,Y,Y,Y,Y,15,Y,94,N1,20260526115155,N1,Y,,4,N1,17,,1,2,,,,,,5,,1,1,2,8,,,2,1,,,342,,,Y,N1,A2100021,3,1,,11,27,1,,,,,,경기도,안산시,,,,,,,,,,,,,,,,,,,,,,,,,,,,,,,,,,,1,,,,,1,,,,,,,,
근로복지공단안산병원,031-500-1119,A2100014,,,,,,,,,1,,,,Y,,Y,N1,N1,Y,6,N1,104,N1,20260526115400,N1,Y,,3,N1,7,,,1,,,,,,3,,1,1,,14,,,,,,,359,,,Y,N1,A2100014,4,1,,13,18,1,,,0,2,,경기도,안산시,,,,,,,,,,,,,,,,,,,,,,,,,,,,,,,,,,,,,,,,,,,,,,,,
의료법인칠석의료재단사랑의병원,031-502-0119,A2100124,,,,,,,1,,,,,,Y,,Y,N1,Y,Y,7,N1,38,N1,20260526114903,N1,Y,,2,N1,13,,1,,,,,,,5,,2,2,,8,,,1,,,,206,,,Y,N1,A2100124,5,,,0,14,,,,,,,경기도,안산시,,,,,,,,,,,,,,,,,,,,,,,,,,,,,,,,,,,,,,,,,,,,,,,,
경기도의료원안성병원,031-8046-5119,A2100045,,,,,,,1,,,,,,Y,,Y,N1,N1,Y,12,N1,61,N1,20260526115501,N1,Y,,2,N1,14,,1,,,,,,,5,,1,1,,8,,,,,,,178,,,Y,N1,A2100045,1,1,,6,13,2,,,7,8,,경기도,안성시,,,,,,,,,,,,,,,,,,,,,,,,,,,,,,,,,,,,,,,,,,,,,,,,
안성성모병원,031-675-8275,A2100305,,,,,,,,,1,,,,Y,,Y,N1,N1,Y,7,N1,80,N1,20260526115419,N1,Y,,1,N1,9,,,1,,,,,,3,,1,1,,7,,,,,,,188,,,Y,N1,A2100305,2,,,7,20,,,,,,,경기도,안성시,,,,,,,,,,,,,,,,,,,,,,,,,,,,,,,,,,,,,,,,,,,,,,,,
한림대학교성심병원,031-380-1500,A2100004,Y,Y,1,,0,2,2,3,3,1,21,Y,Y,Y,Y,Y,Y,Y,8,Y,155,Y,20260526115427,Y,Y,7,5,N1,25,3,2,4,19,27,16,9,30,19,2,4,3,6,68,9,10,17,12,1,,610,1,,Y,Y,A2100004,1,1,7,,,3,20,,0,14,,경기도,안양시,,,,,,,,,,,,,,,,,,,Y,1,5,,1,8,5,,,,,,,,,,,,,,,,6,18,,,,,,
효산의료재단안양샘병원,031-467-9119,A2100015,,,,,1,,1,0,2,,,,Y,Y,Y,Y,Y,Y,7,Y,82,N1,20260526115047,N1,Y,,3,N1,17,,1,2,,8,9,,,6,,2,1,2,12,,,2,1,,,306,,,Y,N1,A2100015,2,1,,,,1,,,,,,경기도,안양시,,,,,,,,,,,,,,,,,,,,,,,,,,,,,,,,,,,,,,,,,,,,,,,,
남양주한양병원,031-510-0119,A2100041,,,,,,,1,,2,,,,Y,Y,Y,Y,Y,Y,16,N1,71,N1,20260526115527,N1,Y,,,N1,17,,1,2,,,,,,,,2,2,1,33,,,2,,,,244,,,Y,N1,A2100041,1,7,,1,17,23,,,,,,경기도,양주시,,,,,,,,,,,,,,,,,,,,,,,,,,,,,,,,,,,,,,,,,,,,,,,,
현대병원,031-574-0114,A2100037,,,,,,,3,,,,,,Y,Y,Y,Y,Y,Y,10,N1,93,Y,20260526115318,N1,Y,,6,N1,17,,3,,,,,,,7,,2,2,2,50,,,17,,2,,342,,,Y,N1,A2100037,2,5,,1,19,20,,,,,,경기도,양주시,,,,,,,,,,,,,,,,,,,,,,,,,,,,,,,,,,,,,,,,,,,,,,,,
엘병원,031-527-6119,A2118188,,,,,,,,,2,,,,Y,,Y,N1,N1,Y,8,N1,36,N1,20260526115528,N1,Y,,2,N1,8,,,2,,,,,,3,,1,1,,2,,,,,,,146,,,Y,N1,A2118188,3,0,,1,8,1,,,0,1,,경기도,양주시,,,,,,,,,,,,,,,,,,,,,,,,,,,,,,,,,,,,,,,,,,,,,,,,
양평병원,031-770-5119,A2100089,N,N,,,,,,,1,,,N,Y,N,Y,N,N,Y,5,N,35,N,20260526115001,N,Y,,3,N,9,,,1,,,,,,3,0,1,1,0,1,0,0,0,0,0,0,90,,,Y,N,A2100089,1,,,,,,,,,,,경기도,양평군,,,,,,,,,,,,,,,,,,,N,0,,,,,,,,,,,,,,,,,,,,,,,,,,,,
세종여주병원,031-880-7754,A2100194,,,,,,,,,4,,,,Y,,Y,N1,N1,Y,6,N1,113,N1,20260526115502,N1,Y,,1,N1,6,,,4,,,,,,2,,1,1,,4,,,,,,,196,,,Y,N1,A2100194,1,,,,,,,,,,,경기도,여주시,,,,,,,,,,,,,,,,,,,,,,3,,,,3,,,,,,,,,,,,,,,,,,,,,,
연천군보건의료원,031-839-4119,E2100187,,,,,,,,,,,,,Y,,Y,N1,N1,Y,10,N1,50,N1,20260526115309,N1,N1,,2,N1,10,,,,,,,,,2,,1,,,1,,,,,,,52,,,Y,N1,E2100187,1,,,,,,,,,,,경기도,연천군,,,,,,,,,,,,,,,,,,,,,,,,,,,,,,,,,,,,,,,,,,,,,,,,
오산한국병원,031-378-5119,A2100024,,,,,,,1,,2,,,,Y,Y,Y,Y,Y,Y,14,N1,46,Y,20260526115249,N1,Y,,3,N1,17,,1,2,,,,,,5,,2,2,2,17,,,2,,1,,262,,,Y,N1,A2100024,1,1,,2,34,1,,,2,2,,경기도,오산시,,,,,,,,,,,,,,,,,,,,,,,,,,,,,,,,,,,,,,,,,,,,,,,,
연세대학교의과대학용인세브란스병원,031-5189-9001,A2100020,Y,Y,,,0,3,1,0,2,,,Y,Y,Y,Y,Y,Y,Y,5,Y,87,Y,20260526115316,Y,Y,1,6,N1,16,6,1,3,,19,16,12,,15,2,3,3,4,31,6,18,6,3,4,,597,,,Y,Y,A2100020,1,2,,,,2,,,4,4,,경기도,용인시,,,,,,,,,,,,,,,,,,,,,,,,,,,,,,,,,,,,,,,,,,,,,,,,
강남병원,031-300-0119,A2100029,,,,,,,1,,2,,,,Y,,Y,N1,Y,Y,12,N1,56,N1,20260526115317,N1,Y,,3,N1,17,,1,2,,,,,,4,,2,2,,7,,,2,,,,267,,,Y,N1,A2100029,2,1,,5,31,1,,,,,,경기도,용인시,,,,,,,,,,,,,,,,,,,,,,,,,,,,,,,,,,,,,,,,,,,,,,,,
(의)영문의료재단 다보스병원,031-8021-2130,A2100019,,,,,,,1,,2,,,,Y,,Y,N1,Y,Y,8,N1,31,N1,20260526115511,N1,Y,,4,N1,13,,1,2,,,,,,6,,1,1,,7,,,1,,,,225,,,Y,N1,A2100019,3,1,,1,25,1,,,,,,경기도,용인시,4,4,,,,,,,,,,,,,,,,,,,,,,,,,,,,,,,,,,,,,,,,,,,,,,
(의)효심의료재단용인서울병원,031-336-0119,A2100122,,,,,,,,,,,,,Y,,Y,N1,N1,Y,8,N1,144,N1,20260526115514,N1,Y,,3,N1,10,,,,,,,,,3,,1,1,,1,,,,,,,201,,,Y,N1,A2100122,4,,,,,,,,,,,경기도,용인시,,,,,,,,,,,,,,,,,,,,,,,,,,,,,,,,,,,,,,,,,,,,,,,,
메디필드한강병원,031-332-1119,A2121142,,,,,,,1,,2,,,,Y,Y,Y,Y,Y,Y,16,N1,158,N1,20260526115505,N1,Y,,6,N1,17,,1,2,,,,,,6,,3,2,1,13,,,2,,,,192,,,Y,N1,A2121142,5,1,,10,15,1,,,1,1,,경기도,용인시,,,,,,,,,,,,,,,,,,,,,,,,,,,,,,,,,,,,,,,,,,,,,,,,
가톨릭대학교의정부성모병원,031-820-5200,A2100040,Y,Y,0,0,,11,2,,4,-1,13,Y,Y,Y,Y,Y,Y,Y,8,Y,176,Y,20260526115508,Y,Y,0,2,N1,42,11,2,4,18,,,15,30,13,3,4,3,4,54,10,28,12,4,3,,519,1,1,Y,Y,A2100040,1,0,,0,26,4,,,,,,경기도,의정부시,,,,,9,1,,2,5,0,,20,53,2,,,2,6,,,,,,,,,,0,,6,,,,,,,,,,,,,,,,,,
학교법인을지학원의정부을지대학교병원,031-8074-0119,A2117994,Y,Y,,,0,0,1,-1,2,,,Y,Y,Y,Y,Y,Y,Y,16,Y,160,Y,20260526115101,Y,Y,3,2,N1,22,0,1,2,,29,22,5,,14,8,3,3,4,48,5,5,6,3,2,,588,,,Y,Y,A2117994,2,2,8,,,2,22,,1,6,,경기도,의정부시,1,4,,,,,,0,0,,,,,,,,0,0,,,,,,,,,,,,,,,,,,,,,,,,,,,,,,
의료법인영동의료재단의정부백병원,031-842-1211,A2100034,,,,,,,,,2,,,,Y,,Y,N1,N1,Y,8,N1,84,N1,20260526115356,N1,Y,,2,N1,10,,,2,,,,,,3,,1,1,,1,,,,,,,192,,,Y,N1,A2100034,3,,,0,9,,,,,,,경기도,의정부시,,,,,,,,,,,,,,,,,,,,,,,,,,,,,,,,,,,,,,,,,,,,,,,,
추병원,031-845-8313,A2100150,,,,,,,1,,1,,,,Y,Y,Y,Y,N1,Y,10,N1,73,N1,20260526115522,N1,Y,,3,N1,12,,1,1,,,,,,3,,2,1,1,1,,,,,,,210,,,Y,N1,A2100150,4,,,2,15,,,,,,,경기도,의정부시,,,,,,,,,,,,,,,,,,,,,,,,,,,,,,,,,,,,,,,,,,,,,,,,
경기도의료원의정부병원,031-828-5119,A2100043,,,,,,,1,,,,,,Y,,Y,N1,N1,Y,10,N1,25,N1,20260526115501,N1,Y,,3,N1,10,,1,,,,,,,3,,1,1,,8,,,,,,,86,,,Y,N1,A2100043,5,,18,2,6,,70,0,2,5,0,경기도,의정부시,,,,,,,,,,,,,,,,,,,,,,,,,,,,,,,,,,,,,,,,,,,,,,,,
경기도의료원이천병원,031-630-4333,A2100193,,,,,,,1,,1,,,,Y,,Y,N1,N1,Y,15,N1,59,N1,20260526115402,N1,Y,,4,N1,17,,1,2,,,,,,4,,1,1,,8,,,,,,,190,,,Y,N1,A2100193,1,2,,0,8,2,,,6,6,,경기도,이천시,,,,,,,,,,,,,,,,,,,,,,,,,,,,,,,,,,,,,,,,,,,,,,,,
경기도의료원파주병원,031-940-9119,A2100035,,,,,,,1,,2,,,Y,Y,,Y,N1,N1,Y,12,N1,78,N1,20260526115402,N1,Y,,3,N1,17,,1,2,,,,,,3,1,1,1,,9,,,,,,,192,,,Y,N1,A2100035,1,,,3,8,,,,,,,경기도,파주시,,,,,,,,,,,,,,,,,,,,,,,,,,,,,,,,,,,,,,,,,,,,,,,,
메디인병원,031-570-7912,A2100131,,,,,,,,,2,,,,Y,Y,Y,Y,N1,Y,6,N1,59,N1,20260526115510,N1,Y,,3,N1,12,,,2,,,,,,4,,1,1,1,2,,,,,,,206,,,Y,N1,A2100131,2,,,,,,,,,,,경기도,파주시,,,,,,,,,,,,,,,,,,,,,,,,,,,,,,,,,,,,,,,,,,,,,,,,
의료법인백송의료재단굿모닝병원,031-5182-7582,A2100028,,,,,,,2,,1,,,,Y,Y,Y,Y,Y,Y,8,Y,85,N1,20260526115401,N1,Y,,1,Y,19,,2,1,,,,,,7,,5,3,3,23,,,5,3,,1,392,,,Y,N1,A2100028,1,0,,3,27,3,,,,,,경기도,평택시,6,6,,,,,,,,,,,,,,,,,,,,,,,,,,,,,,,,,,,,,,,,,,,,,,
의료법인양진의료재단평택성모병원,070-5012-0119,A2113246,,,,,,,1,,2,,,,Y,Y,Y,Y,Y,Y,11,N1,40,N1,20260526115352,N1,Y,,6,N1,17,,1,2,,,,,,6,,3,3,2,8,,,2,,,,329,,,Y,N1,A2113246,2,2,,-1,34,2,,0,,,0,경기도,평택시,,,,,,,,,,,,,,,,,,,,,,,,,,,,,,,,,,,,,,,,,,,,,,,,
의료법인갈렌의료재단박병원,031-662-4119,A2100309,,,,,,,,,1,,,,Y,,Y,N1,N1,Y,10,N1,40,N1,20260526115503,N1,Y,,0,N1,10,,,1,,,,,,2,,1,2,,3,,,,,,,143,,,Y,N1,A2100309,3,,,2,10,,,,,,,경기도,평택시,,,,,,,,,,,,,,,,,,,,,,,,,,,,,,,,,,,,,,,,,,,,,,,,
의료법인박애의료재단박애병원,031-650-9219,A2100022,,,,,,,,,1,,,,Y,,Y,N1,Y,Y,8,N1,99,N1,20260526115128,N1,Y,,5,N1,10,,,1,,,,,,5,,2,1,,20,,,2,,,,193,,,Y,N1,A2100022,4,,,5,10,,,,,,,경기도,평택시,,,,,,,,,,,,,,,,,,,,,,,,,,,,,,,,,,,,,,,,,,,,,,,,
경기도의료원포천병원,031-539-9119,A2100031,,Y,,,,,1,,2,,,Y,Y,,Y,N1,N1,Y,16,N1,47,N1,20260526115502,Y,Y,,4,N1,17,,1,2,,,,,,4,3,1,1,,7,,2,,,,,137,,,Y,N1,A2100031,1,0,,2,10,0,,,1,3,,경기도,포천시,,,,,,,,,,,,,,,,,,,,,,,,,,,,,,,,,,,,,,,,,,,,,,,,
의료법인 일심의료재단 포천우리병원,031-541-8282,A2100036,,,,,,,1,,3,,,,Y,Y,Y,Y,Y,Y,17,N1,88,N1,20260526115414,N1,Y,,2,N1,18,,1,3,,,,,,5,,2,2,1,14,,,3,,,,201,,,Y,N1,A2100036,2,2,,14,18,2,,,2,2,,경기도,포천시,,,,,,,,,,,,,,,,,,,,,,,,,,,,,,,,,,,,,,,,,,,,,,,,
한림대학교동탄성심병원,031-8086-2119,A2100046,Y,Y,,,6,9,,0,,,,Y,Y,Y,Y,Y,Y,Y,14,Y,128,Y,20260526115508,Y,Y,10,7,Y,32,9,,,,28,13,13,,20,1,6,3,6,50,8,16,17,5,5,1,515,,,Y,Y,A2100046,1,7,,,,11,,,6,4,,경기도,화성시,,,,,,,,,,,,,,,,,,,Y,1,2,0,0,13,3,0,,2,,9,,,,,,,,,,,,,,,,,,
의료법인은혜와감사의료재단화성중앙종합병원,031-371-7998,A2100018,,,,,,,,,1,,,,Y,,Y,N1,N1,Y,8,N1,54,N1,20260526115406,N1,Y,,2,N1,9,,,1,,,,,,3,,1,1,,3,,,,,,,131,,,Y,N1,A2100018,2,,,1,8,,,,,,,경기도,화성시,,,,,,,,,,,,,,,,,,,,,,,,,,,,,,,,,,,,,,,,,,,,,,,,
의료법인원광의료재단원광종합병원,031-8077-7219,A2115699,,,,,,,1,,,,,,Y,,Y,N1,N1,Y,8,N1,23,N1,20260526115348,N1,Y,,3,N1,9,,1,,,,,,,4,,1,2,,4,,,,,,,135,,,Y,N1,A2115699,3,,,0,9,,,,,,,경기도,화성시,,,,,,,,,,,,,,,,,,,,,,,,,,,,,,,,,,,,,,,,,,,,,,,,
의료법인 거붕 백병원,055-733-0180,A2800008,,,,,,,,,1,,,,Y,,Y,N1,N1,Y,5,N1,47,N1,20260526115445,N1,Y,,3,N1,9,,,1,,,,,,4,,2,2,,12,,,,,,,365,,,Y,N1,A2800008,1,,,5,20,,,,,,,경상남도,거제시,,,,,,,,,,,,,,,,,,,,,,,,,,,,,,,,,,,,,,,,,,,,,,,,
의료법인 대우의료재단대우병원,055-680-8119,A2800005,,,,,,,,,1,,,,Y,,Y,N1,N1,Y,8,N1,43,N1,20260526115213,N1,Y,,2,N1,9,,,1,,,,,,4,,2,1,,5,,,,,,,231,,,Y,N1,A2800005,2,,,2,10,,,,,,,경상남도,거제시,,,,,,,,,,,,,,,,,,,,,,,,,,,,,,,,,,,,,,,,,,,,,,,,
의료법인 성념의료재단맑은샘병원,055-736-0119,A2800022,,,,,,,,,1,,,,Y,,Y,N1,N1,Y,9,N1,13,N1,20260526115004,N1,Y,,2,N1,9,,,1,,,,,,2,,1,1,,4,,,,,,,200,,,Y,N1,A2800022,3,,,,,,,,,,,경상남도,거제시,,,,,,,,,,,,,,,,,,,,,,,,,,,,,,,,,,,,,,,,,,,,,,,,
거창적십자병원,055-949-3359,A2800076,,Y,,,,,,,1,,,Y,Y,,Y,N1,N1,Y,9,N1,36,N1,20260526115318,Y,Y,,2,N1,9,,,1,,,,,,2,1,1,1,,2,,2,,,,,91,,,Y,N1,A2800076,1,,,,,,,,,,,경상남도,거창군,,,,,,,,,,,,,,,,,,,,,,,,,,,,,,,,,,,,,,,,,,,,,,,,
강병원,055-673-4848,A2800032,,,,,,,,,1,,,,Y,,Y,N1,N1,Y,9,N1,35,N1,20260526115214,N1,Y,,1,N1,9,,,1,,,,,,1,,1,1,,1,,,,,,,99,,,Y,N1,A2800032,1,,,,,,,,,,,경상남도,고성군,,,,,,,,,,,,,,,,,,,,,,,,,,,,,,,,,,,,,,,,,,,,,,,,
의료법인환명의료재단 조은금강병원,055-330-0200,A2800010,,,,,,,1,,2,,,,Y,Y,Y,Y,N1,Y,15,N1,103,N1,20260526115431,N1,Y,,4,Y,17,,1,2,,,,,,4,,1,2,1,7,,,,,,2,305,,,Y,N1,A2800010,1,1,5,11,23,1,96,,,,,경상남도,김해시,,,,,,,,,,,,,,,,,,,,,,,,,,,,,,,,,,,,,,,,,,,,,,,,
의료법인숭인의료재단 김해복음병원,055-330-8844,A2800006,,,,,,,1,,3,,,,Y,Y,Y,Y,Y,Y,16,N1,30,N1,20260526115233,N1,Y,,3,N1,16,,1,3,,,,,,5,,2,3,1,3,,,3,,,,359,,,Y,N1,A2800006,2,0,,5,18,1,,,,,,경상남도,김해시,,,,,,,,,,,,,,,,,,,,,,,,,,,,,,,,,,,,,,,,,,,,,,,,
강일병원,055-822-0119,A2803677,,,,,,,1,,2,,,,Y,Y,Y,Y,N1,Y,6,N1,138,N1,20260526115305,N1,Y,,5,N1,8,,1,2,,,,,,5,,1,2,1,1,,,,,,,276,,,Y,N1,A2803677,3,,,13,15,,,,,,,경상남도,김해시,,,,,,,,,,,,,,,,,,,,,,,,,,,,,,,,,,,,,,,,,,,,,,,,
의료법인갑을의료재단 갑을장유병원,055-310-6119,A2800014,,,,,,,1,,,,,,Y,,Y,N1,N1,Y,7,N1,45,N1,20260526115525,N1,Y,,4,N1,9,,1,,,,,,,4,,1,1,,1,,,,,,,210,,,Y,N1,A2800014,4,,,,,,,,,,,경상남도,김해시,,,,,,,,,,,,,,,,,,,,,,,,,,,,,,,,,,,,,,,,,,,,,,,,
의료법인 이도의료재단 남해병원,055-860-6630,A2800094,N,N,,,,,1,,1,,,N,Y,N,Y,N,N,Y,8,N,73,N,20260526114546,N,Y,,2,N,,,,,,,,,,,,,,,,,,,,,,,,,N,N,A2800094,1,,,,,,,,,,,경상남도,남해군,,,,,,,,,,,,,,,,,,,N,,,,,,,,,,,,,,,,,,,,,,,,,,,,,
밀양병원,055-356-9119,A2800113,,,,,,,,,1,,,,Y,,Y,N1,N1,Y,6,N1,39,N1,20260526115135,N1,Y,,0,N1,8,,,1,,,,,,0,,1,1,,1,,,,,,,200,,,Y,N1,A2800113,1,,,,,,,,,,,경상남도,밀양시,,,,,,,,,,,,,,,,,,,,,,,,,,,,,,,,,,,,,,,,,,,,,,,,
의료법인승연의료재단 삼천포서울병원,055-830-9019,A2800068,,,,,,,,,1,,,,Y,,Y,N1,N1,Y,9,N1,21,N1,20260526114920,N1,Y,,3,Y,9,,,1,,,,,,3,,1,2,,4,,,,,,1,279,,,Y,N1,A2800068,1,,,,,,,,,,,경상남도,사천시,,,,,,,,,,,,,,,,,,,,,,,,,,,,,,,,,,,,,,,,,,,,,,,,
삼천포제일병원,055-830-3099,A2800101,,,,,,,,,2,,,,Y,,Y,N1,N1,Y,8,N1,74,N1,20260526115356,N1,Y,,2,Y,8,,,2,,,,,,2,,1,1,,1,,,,,,1,214,,,Y,N1,A2800101,2,,,,,,,,,,,경상남도,사천시,,,,,,,,,,,,,,,,,,,,,,,,,,,,,,,,,,,,,,,,,,,,,,,,
산청군보건의료원,055-970-7582,E2800380,,,,,,,,,1,,,,,,Y,N1,N1,N1,5,N1,20,N1,20260526115501,N1,N1,,,N1,5,,,1,,,,,,,,,,,1,,,,,,,20,,,Y,N1,E2800380,1,,,,,,,,,,,경상남도,산청군,,,,,,,,,,,,,,,,,,,,,,,,,,,,,,,,,,,,,,,,,,,,,,,,
양산부산대학교병원,055-360-1463,A2800011,Y,Y,2,1,6,1,,5,1,3,24,Y,Y,Y,Y,Y,Y,Y,-2,Y,261,Y,20260526115327,Y,Y,10,6,N1,23,8,,1,16,16,11,38,30,25,4,6,5,6,92,24,23,19,12,2,,766,2,2,Y,Y,A2800011,1,0,11,,,0,33,,4,4,,경상남도,양산시,,,,4,,,1,,,,9,,,,,4,,,,,2,1,,,2,3,6,,11,,1,,,0,0,1,,,0,0,6,10,1,2,1,2,6,1
양산성모병원,055-912-9785,A2804593,,,,,,,1,,,,,,Y,,Y,N1,N1,Y,10,N1,124,N1,20260526090044,N1,Y,,4,N1,13,,1,,,,,,,4,,1,2,,1,,,,,,,214,,,Y,N1,A2804593,2,,,5,5,,,,,,,경상남도,양산시,,,,,,,,,,,,,,,,,,,,,,,,,,,,,,,,,,,,,,,,,,,,,,,,
베데스다복음병원,055-781-9911,A2800019,,,,,,,,,1,,,,Y,,Y,N1,N1,Y,5,N1,31,N1,20260526115406,N1,Y,,3,N1,9,,,1,,,,,,3,,1,1,,1,,,,,,,110,,,Y,N1,A2800019,3,,,,,,,,,,,경상남도,양산시,,,,,,,,,,,,,,,,,,,,,,,,,,,,,,,,,,,,,,,,,,,,,,,,
의령병원,055-573-6806,A2800090,,,,,,,,,0,,,,Y,,Y,N1,N1,Y,3,N1,30,N1,20260526115106,N1,N1,,,N1,4,,,1,,,,,,,,1,,,1,,,,,,,58,,,Y,N1,A2800090,1,,,,,,,,,,,경상남도,의령군,,,,,,,,,,,,,,,,,,,,,,,,,,,,,,,,,,,,,,,,,,,,,,,,
경상국립대학교병원,055-750-8282,A2800001,Y,Y,,3,1,3,2,0,3,1,8,Y,Y,Y,Y,Y,Y,Y,20,Y,258,Y,20260526115401,Y,Y,9,12,N1,34,3,2,3,14,8,9,15,30,15,7,3,3,5,15,9,20,6,4,17,,655,,6,Y,Y,A2800001,1,0,5,,,3,23,,5,7,,경상남도,진주시,,,,,22,2,,2,6,17,,20,40,2,,,2,6,,,,,,,,,,2,,6,,,,,,,,,,,,,,,,,,
한일병원,055-750-1333,A2800043,,,,,,,1,,1,,,,Y,Y,Y,Y,Y,Y,13,N1,44,N1,20260526115202,N1,Y,,3,Y,17,,1,2,,,,,,4,,2,2,1,6,,,1,,,1,282,,,Y,N1,A2800043,2,1,,1,15,1,,,,,,경상남도,진주시,,,,,,,,,,,,,,,,,,,,,,,,,,,,,,,,,,,,,,,,,,,,,,,,
제일병원,055-750-7119,A2800003,,,,,,,1,,2,,,,Y,Y,Y,Y,N1,Y,11,N1,48,N1,20260526115416,N1,Y,,4,Y,17,,1,2,,,,,,7,,2,2,1,4,,,,,,1,258,,,Y,N1,A2800003,3,,,6,9,,,,,,,경상남도,진주시,,,,,,,,,,,,,,,,,,,Y,1,,,,,,,,,,,,,,,,,,,,,,,,,,,,
반도병원,055-749-0200,A2800084,,,,,,,,,1,,,,Y,,Y,N1,N1,Y,7,N1,81,N1,20260526115006,N1,Y,,3,N1,7,,,1,,,,,,3,,1,1,,3,,,,,,,165,,,Y,N1,A2800084,4,,,,,,,,,,,경상남도,진주시,,,,,,,,,,,,,,,,,,,,,,,,,,,,,,,,,,,,,,,,,,,,,,,,
의료법인 문병욱의료재단 진주고려병원,055-751-2525,A2800015,,,,,,,,,1,,,,Y,Y,Y,Y,N1,Y,9,N1,95,N1,20260526115159,N1,Y,,0,Y,10,,,1,,,,,,4,,2,2,1,4,,,,,,1,229,,,Y,N1,A2800015,5,,,3,9,,,,,,,경상남도,진주시,,,,,,,,,,,,,,,,,,,,,,,,,,,,,,,,,,,,,,,,,,,,,,,,
진주복음병원,055-749-7119,A2800037,,,,,,,,,1,,,,Y,,Y,N1,N1,Y,7,N1,50,N1,20260526115445,N1,Y,,2,N1,9,,,1,,,,,,3,,1,1,,1,,,,,,,131,,,Y,N1,A2800037,6,,,,,,,,,,,경상남도,진주시,,,,,,,,,,,,,,,,,,,,,,,,,,,,,,,,,,,,,,,,,,,,,,,,
태황의료재단한성병원,055-530-5119,A2800062,,,,,,,,,1,,,,,,Y,N1,N1,N1,9,N1,62,N1,20260526115429,N1,N1,,,N1,9,,,1,,,,,,,,,,,,,,,,,,167,,,N1,N1,A2800062,1,,,,,,,,,,,경상남도,창녕군,,,,,,,,,,,,,,,,,,,,,,,,,,,,,,,,,,,,,,,,,,,,,,,,
학교법인성균관대학삼성창원병원,055-233-6119,A2800020,Y,Y,,0,2,3,2,2,3,6,18,Y,Y,Y,Y,Y,Y,Y,1,Y,161,Y,20260526115436,Y,Y,6,5,N1,18,3,2,3,19,15,20,12,30,15,7,4,3,4,45,8,20,5,3,3,,645,,1,Y,Y,A2800020,1,0,,,,3,,,1,5,,경상남도,창원시,,,,,,,,,,,,,,,,,,,,,,,,,,,,,,,,,,,,,,,,,,,,,,,,
의료법인합포의료재단에스엠지연세병원,055-240-7777,A2800017,,,,,,,1,,2,,,,Y,Y,Y,Y,Y,Y,13,N1,65,N1,20260526115505,N1,Y,,4,N1,17,,1,2,,,,,,4,,1,2,1,7,,,1,,,,286,,,Y,N1,A2800017,2,0,,0,11,1,,,,,,경상남도,창원시,,,,,,,,,,,,,,,,,,,,,,,,,,,,,,,,,,,,,,,,,,,,,,,,
창원경상국립대학교병원,055-214-1339,A2803505,Y,Y,,,,,1,,2,,,Y,Y,Y,Y,Y,Y,Y,10,Y,172,Y,20260526115101,Y,Y,1,8,N1,18,,1,2,,,,17,,13,9,3,2,5,52,9,22,6,7,14,,437,,,Y,Y,A2803505,3,2,11,13,34,2,22,,6,6,,경상남도,창원시,,,5,0,,,,,,,,,,,5,0,,,,,,,,,,,,,,,,,,,,,,,,,,,,,,,,
창원한마음병원,055-225-0350,A2800007,Y,Y,,,0,,1,1,1,,,Y,Y,Y,Y,Y,Y,Y,4,Y,79,Y,20260526115411,Y,Y,10,3,Y,21,,1,3,,25,37,10,,13,2,4,4,4,29,3,11,6,1,2,2,688,,,Y,Y,A2800007,4,1,,,,1,,,0,6,,경상남도,창원시,,,,,,,,,,,,,,,,,,,,,,,,,,,,,,,,,,,,,,,,,,,,,,,,
창원파티마병원,055-270-1119,A2800004,Y,Y,,,2,,1,0,2,,,Y,Y,Y,Y,Y,Y,Y,5,N1,165,Y,20260526115106,Y,Y,1,2,N1,17,,1,2,,13,14,2,,7,2,4,3,3,16,3,6,3,,3,,447,,,Y,Y,A2800004,5,0,,,,2,,,6,6,,경상남도,창원시,,,,,,,,,,,,,,,,,,,Y,1,,,,,,,,,,,,,,,,,,,,,,,,,,,,
경상남도마산의료원,055-249-1119,A2800025,,,,,,,1,,1,,,,Y,,Y,N1,Y,Y,12,N1,100,N1,20260526115501,N1,Y,,3,N1,13,,1,1,,,,,,5,,1,1,,17,,,2,,,,263,,,Y,N1,A2800025,6,1,,5,6,2,,,22,27,,경상남도,창원시,,,,,,,,,,,,,,,,,,,,,,,,,,,,,,,,,,,,,,,,,,,,,,,,
의료법인청아의료재단청아병원,055-230-1700,A2800009,,,,,,,,,1,,,,Y,,Y,N1,N1,Y,5,N1,90,N1,20260526115418,N1,Y,,3,N1,9,,,1,,,,,,4,,2,2,,4,,,,,,,274,,,Y,N1,A2800009,7,,,,,,,,,,,경상남도,창원시,,,,,,,,,,,,,,,,,,,,,,,,,,,,,,,,,,,,,,,,,,,,,,,,
연세에스병원,055-548-7789,A2800021,,,,,,,,,1,,,,Y,Y,Y,Y,N1,Y,6,N1,136,N1,20260526115408,N1,Y,,2,N1,9,,,1,,,,,,3,,2,2,1,5,,,,,,,255,,,Y,N1,A2800021,8,,,6,10,,,,,,,경상남도,창원시,,,,,,,,,,,,,,,,,,,,,,,,,,,,,,,,,,,,,,,,,,,,,,,,
새통영병원,055-640-4119,A2800092,,,,,,,,,1,,,,Y,,Y,N1,N1,Y,8,N1,75,N1,20260526115426,N1,Y,,1,N1,9,,,1,,,,,,3,,1,2,,3,,,,,,,256,,,Y,N1,A2800092,1,,,,,,,,,,,경상남도,통영시,,,,,,,,,,,,,,,,,,,,,,,,,,,,,,,,,,,,,,,,,,,,,,,,
함양성심병원,055-964-4322,A2800080,,,,,,,,,1,,,,Y,,Y,N1,N1,Y,3,N1,37,N1,20260526115213,N1,Y,,2,N1,4,,,1,,,,,,2,,1,1,,1,,,,,,,121,,,Y,N1,A2800080,1,,,,,,,,,,,경상남도,함양군,,,,,,,,,,,,,,,,,,,,,,,,,,,,,,,,,,,,,,,,,,,,,,,,
삼성합천병원,070-5125-5030,A2800055,,,,,,,,,1,,,,Y,,Y,N1,N1,Y,3,N1,15,N1,20260526115501,N1,Y,,2,N1,4,,,1,,,,,,2,,1,1,,1,,,,,,,141,,,Y,N1,A2800055,1,,,,,,,,,,,경상남도,합천군,,,,,,,,,,,,,,,,,,,,,,,,,,,,,,,,,,,,,,,,,,,,,,,,
의)근원의료재단경산중앙병원,053-715-0119,A2700019,,,,,,,,,2,,,,Y,,Y,N1,N1,Y,7,N1,77,N1,20260526115502,N1,Y,,3,N1,10,,,2,,,,,,4,,1,1,,9,,,,,,,303,,,Y,N1,A2700019,1,0,32,3,11,2,116,,,,,경상북도,경산시,,,,,,,,,,,,,,,,,,,,,,,,,,,,,,,,,,,,,,,,,,,,,,,,
의료법인서명의료재단세명종합병원,053-819-8500,A2700036,,,,,,,,,2,,,,Y,,Y,N1,N1,Y,5,N1,58,N1,20260526115426,N1,Y,,2,N1,13,,,2,,,,,,4,,1,1,,6,,,,,,,264,,,Y,N1,A2700036,2,,4,1,14,,22,,,,,경상북도,경산시,,,,,,,,,,,,,,,,,,,,,,,,,,,,,,,,,,,,,,,,,,,,,,,,
동국대학교의과대학경주병원,054-770-8306,A2700003,Y,Y,,,0,2,2,1,5,,,Y,Y,Y,Y,Y,Y,Y,9,N1,51,N1,20260526115032,Y,Y,,3,N1,16,3,2,5,,11,17,,,7,1,2,2,2,26,2,6,2,,,,278,,,Y,Y,A2700003,1,4,9,-3,7,4,17,,3,3,,경상북도,경주시,,,,,,,,,,,,,,,,,,,,,,,,,,,,,,,,,,,,,,,,,,,,,,,,
계명대학교경주동산병원,054-770-9420,A2700097,,,,,,,,,1,,,,Y,,Y,N1,N1,Y,9,N1,48,N1,20260526115422,N1,Y,,2,N1,9,,,1,,,,,,2,,1,1,,1,,,,,,,88,,,Y,N1,A2700097,2,,,,,,,,,,,경상북도,경주시,,,,,,,,,,,,,,,,,,,,,,,,,,,,,,,,,,,,,,,,,,,,,,,,
의료법인영암의료재단고령영생병원,070-4700-0728,A2700070,,,,,,,,,1,,,,Y,,Y,N1,N1,Y,5,N1,34,N1,20260526115526,N1,N1,,1,N1,5,,,1,,,,,,1,,1,,,1,,,,,,,59,,,Y,N1,A2700070,1,,,,,,,,,,,경상북도,고령군,,,,,,,,,,,,,,,,,,,,,,,,,,,,,,,,,,,,,,,,,,,,,,,,
차의과학대학교부속구미차병원,054-450-9998,A2700007,Y,Y,0,,,5,3,,3,3,8,Y,Y,Y,Y,Y,Y,Y,8,Y,71,Y,20260526115505,Y,Y,0,2,N1,20,5,3,3,25,,,8,30,8,3,3,2,2,21,3,13,2,1,2,,301,3,,Y,Y,A2700007,1,,,2,18,,,,,,,경상북도,구미시,,,,,,,,,,,,,,,,,,,Y,1,,,,,,,,,,,,,,,,,,,,,,,,,,,,
순천향대학교부속구미병원,054-468-9119,A2700013,,Y,,,,4,1,,2,0,1,Y,Y,Y,Y,Y,Y,Y,9,N1,46,N1,20260526115121,Y,Y,,4,N1,13,4,1,2,2,,,,3,6,1,2,2,2,21,,1,2,,,,263,,,Y,N1,A2700013,2,2,,3,31,2,,,1,1,,경상북도,구미시,,,,,,,,,,,,,,,,,,,,,,,,,,,,,,,,,,,,,,,,,,,,,,,,
구미강동병원,054-478-9521,A2700015,,,,,,,1,,2,,,,Y,Y,Y,Y,N1,Y,6,N1,71,N1,20260526115422,N1,Y,,5,N1,7,,1,2,,,,,,5,,1,1,1,3,,,,,,,191,,,Y,N1,A2700015,3,,,3,12,,,9,,,9,경상북도,구미시,,,,,,,,,,,,,,,,,,,,,,,,,,,,,,,,,,,,,,,,,,,,,,,,
의료법인덕산의료재단김천제일병원,054-420-9500,A2700012,,,,,,,1,,3,,,Y,Y,Y,Y,Y,N1,Y,12,N1,90,N1,20260526115139,N1,Y,,3,N1,16,,1,3,,,,,,4,3,1,1,1,10,,,,,,,279,,,Y,N1,A2700012,1,,,7,18,,,,,,,경상북도,김천시,,,,,,,,,,,,,,,,,,,,,,,,,,,,,,,,,,,,,,,,,,,,,,,,
경상북도김천의료원,054-429-8234,A2700018,,,,,,,1,,,,,,Y,,Y,N1,N1,Y,9,N1,47,N1,20260526115502,N1,Y,,5,N1,17,,1,,,,,,,5,,1,2,,7,,,,,,,274,,,Y,N1,A2700018,2,1,,2,22,3,,,,,,경상북도,김천시,,,,,,,,,,,,,,,,,,,,,,,,,,,,,,,,,,,,,,,,,,,,,,,,
의료법인동춘의료재단문경제일병원,054-550-7777,A2700006,,,,,,,1,,0,,,,Y,,Y,N1,N1,Y,16,N1,71,N1,20260526115500,N1,Y,,2,N1,17,,1,2,,,,,,3,,2,1,,8,,,,,,,309,,,Y,N1,A2700006,1,1,60,15,31,1,162,,4,4,,경상북도,문경시,,,,,,,,,,,,,,,,,,,,,,,,,,,,,,,,,,,,,,,,,,,,,,,,
의료법인삼백의료재단상주성모병원,054-530-7811,A2700009,,,,,,,,,1,,,,Y,,Y,N1,N1,Y,8,N1,26,N1,20260526115434,N1,Y,,3,N1,9,,,1,,,,,,3,,1,1,,1,,,,,,,172,,,Y,N1,A2700009,1,,,3,10,,,,,,,경상북도,상주시,,,,,,,,,,,,,,,,,,,,,,,,,,,,,,,,,,,,,,,,,,,,,,,,
상주적십자병원,054-530-3171,A2700011,,Y,,,,,1,,,,,Y,Y,,Y,N1,Y,Y,7,N1,58,N1,20260526115312,Y,Y,,3,N1,9,,1,,,,,,,3,1,1,1,,7,,2,1,,,,164,,,Y,N1,A2700011,2,,,3,10,,,,,,,경상북도,상주시,,,,,,,,,,,,,,,,,,,,,,,,,,,,,,,,,,,,,,,,,,,,,,,,
의료법인안동병원,054-840-0119,A2700014,Y,Y,0,,0,0,,,,0,7,Y,Y,Y,Y,Y,Y,Y,1,Y,104,Y,20260526115200,Y,Y,10,7,Y,15,3,,,19,20,,10,30,11,3,6,3,5,67,3,12,14,4,13,1,775,1,,Y,Y,A2700014,1,3,0,13,13,3,34,,4,6,,경상북도,안동시,,,,,3,2,,0,2,0,,20,40,2,,,2,6,Y,1,2,2,,,2,3,,,,,,,,,,,,,,,,,,,,,,
안동성소병원,054-850-8282,A2700004,,Y,,,,,0,,0,,,Y,Y,Y,Y,Y,Y,Y,3,N1,129,N1,20260526115518,Y,Y,,4,N1,12,,1,2,,,,,,6,1,2,2,2,21,,4,1,,,,396,,,Y,N1,A2700004,2,3,23,7,18,3,186,,1,2,,경상북도,안동시,4,5,,,,,,,,,,,,,,,,,,,,,,,,,,,,,,,,,,,,,,,,,,,,,,
경상북도안동의료원,054-850-6100,A2700001,,,,,,,,,2,,,,Y,,Y,N1,N1,Y,6,N1,121,N1,20260526115501,N1,Y,,4,N1,6,,,2,,,,,,5,,1,1,,8,,,,,,,238,,,Y,N1,A2700001,3,,,5,10,,,,,,,경상북도,안동시,,,,,,,,,,,,,,,,,,,,,,,,,,,,,,,,,,,,,,,,,,,,,,,,
영주기독병원,054-635-3050,A2700031,,Y,,,,,,,1,,,Y,Y,,Y,N1,N1,Y,4,N1,9,N1,20260526115135,Y,N1,,1,N1,4,,,1,,,,,,1,1,1,,,1,,2,,,,,70,,,Y,N1,A2700031,1,,,,,,,,,,,경상북도,영주시,,,,,,,,,,,,,,,,,,,,,,,,,,,,,,,,,,,,,,,,,,,,,,,,
영주자인병원,070-7335-5229,A2700020,,,,,,,,,1,,,,Y,,Y,N1,N1,Y,4,N1,13,N1,20260526115447,N1,Y,,,N1,4,,,1,,,,,,2,,1,1,,,,,,,,,133,,,N1,N1,A2700020,2,,,,,,,,,,,경상북도,영주시,,,,,,,,,,,,,,,,,,,,,,,,,,,,,,,,,,,,,,,,,,,,,,,,
영주적십자병원,054-630-0112,A2702752,,,,,,,1,,,,,,Y,,Y,N1,Y,Y,10,N1,72,N1,20260526115532,N1,Y,,2,N1,10,,1,,,,,,,3,,1,1,,4,,,1,,,,140,,,Y,N1,A2702752,3,,,2,10,,,,,,,경상북도,영주시,,,,,,,,,,,,,,,,,,,,,,,,,,,,,,,,,,,,,,,,,,,,,,,,
영남대학교의과대학부속영천병원,054-330-7575,A2700017,,,,,,,1,,2,,,,Y,,Y,N1,N1,Y,5,N1,66,N1,20260526115415,N1,Y,,3,N1,10,,1,2,,,,,,4,,1,1,,1,,,,,,,190,,,Y,N1,A2700017,1,,,3,10,,,,,,,경상북도,영천시,,,,,,,,,,,,,,,,,,,,,,,,,,,,,,,,,,,,,,,,,,,,,,,,
의료법인서준의료재단예천권병원,054-650-2119,A2700023,,Y,,,,,1,,0,,,Y,Y,,Y,N1,N1,Y,6,N1,83,N1,20260526115025,Y,Y,,2,N1,6,,1,0,,,,,,2,1,1,1,,3,,2,,,,,173,,,Y,N1,A2700023,1,,,,,,,,0,0,,경상북도,예천군,,,,,,,,,,,,,,,,,,,,,,,,,,,,,,,,,,,,,,,,,,,,,,,,
울릉군보건의료원,054-790-6911,E2700553,,,,,,,,,,,,,Y,,Y,N1,N1,Y,4,N1,26,N1,20260526115501,N1,N1,,1,N1,5,,,,,,,,,1,,1,,,1,,,,,,,27,,,Y,N1,E2700553,1,,,,,,,,,,,경상북도,울릉군,,,,,,,,,,,,,,,,,,,,,,,,,,,,,,,,,,,,,,,,,,,,,,,,
울진군의료원,054-785-7119,A2700052,,,,,,,2,,,,,,Y,,Y,N1,N1,Y,8,N1,29,N1,20260526115101,N1,Y,,3,N1,8,,2,,,,,,,3,,1,1,,1,,,,,,,91,,,Y,N1,A2700052,1,,,,,,,,2,2,,경상북도,울진군,,,,,,,,,,,,,,,,,,,,,,,,,,,,,,,,,,,,,,,,,,,,,,,,
의료법인영제의료재단영남제일병원,054-861-9111,A2700063,,,,,,,,,1,,,,Y,,Y,N1,N1,Y,4,N1,27,N1,20260526115322,N1,N1,,1,N1,,,,,,,,,,,,,,,,,,,,,,,,,Y,N1,A2700063,1,,,,,,,,,,,경상북도,의성군,,,,,,,,,,,,,,,,,,,,,,,,,,,,,,,,,,,,,,,,,,,,,,,,
의료법인대남의료재단청도대남병원,054-370-5112,A2700038,,,,,,,,,,,,,Y,,Y,N1,N1,Y,10,N1,92,N1,20260526115407,N1,Y,,1,N1,10,,,,,,,,,1,,1,1,,1,,,,,,,115,,,Y,N1,A2700038,1,,,,,,,,,,,경상북도,청도군,,,,,,,,,,,,,,,,,,,,,,,,,,,,,,,,,,,,,,,,,,,,,,,,
청송군보건의료원,054-870-7119,E2700554,,,,,,,,,1,,,,,,Y,N1,N1,N1,5,N1,55,N1,20260526115500,N1,N1,,,N1,5,,,1,,,,,,,,,,,1,,,,,,,45,,,Y,N1,E2700554,1,,,,,,,,,,,경상북도,청송군,,,,,,,,,,,,,,,,,,,,,,,,,,,,,,,,,,,,,,,,,,,,,,,,
포항성모병원,054-260-8600,A2700016,Y,Y,,5,,11,,,,0,6,Y,Y,Y,Y,Y,Y,Y,9,Y,128,Y,20260526115338,Y,Y,,5,Y,20,11,,,15,,,,17,9,1,3,2,2,25,1,6,4,1,2,3,468,,5,Y,Y,A2700016,1,1,,2,16,1,,,1,1,,경상북도,포항시,,,,,,,,,,,,,,,,,,,,,2,3,,,2,3,,,,,,2,,,,,13,,,,,,,,,,,
포항세명기독병원,054-289-1711,A2700002,,,,,,,1,,2,,,,Y,Y,Y,Y,Y,Y,5,Y,119,Y,20260526115230,N1,Y,,11,Y,15,,1,3,,,,,,14,,6,5,4,25,,,5,1,1,1,665,,,Y,N1,A2700002,2,0,,2,54,1,,,2,6,,경상북도,포항시,6,6,,,,,,,,,,,,,,,,,,,,,,,,,,,,,,,,,,,,,,,,,,,,,,
에스포항병원,054-289-9120,A2700008,Y,,,,,,,,0,,,,Y,Y,Y,Y,Y,Y,1,N1,96,N1,20260526115341,N1,Y,,0,N1,6,,,1,,,,,,4,,2,2,3,9,9,,1,,,,239,,,Y,Y,A2700008,3,1,,-1,14,1,,,,,,경상북도,포항시,,,,,,,,,,,,,,,,,,,,,,,,,,,,,,,,,,,,,,,,,,,,,,,,
의료법인은성의료재단좋은선린병원,054-245-5200,A2702563,,,,,,,,,2,,,,Y,N,Y,N,N1,Y,9,N1,97,N1,20260526115519,N1,Y,,4,N,10,,,2,,,,,,4,,1,1,2,7,,,,,,14,281,,,N,N1,A2702563,4,1,,3,17,1,,2,,,2,경상북도,포항시,,,,,,,,,,,,,,,,,,,,,,,,,,,,,,,,,,,,,,,,,,,,,,,,
경상북도포항의료원,054-245-0129,A2700005,,,,,,,1,,1,,,,Y,,Y,N1,N1,Y,8,N1,7,N1,20260526115502,N1,Y,,2,N1,8,,1,1,,,,,,3,,1,1,,4,,,,,,,142,,,Y,N1,A2700005,5,1,37,10,19,1,86,,6,7,,경상북도,포항시,,,,,,,,,,,,,,,,,,,,,,,,,,,,,,,,,,,,,,,,,,,,,,,,
KS병원,062-975-9119,A1500019,,,,,0,7,1,,2,,,,Y,Y,Y,Y,Y,Y,9,N1,39,Y,20260526115342,N1,Y,,2,N1,15,7,1,2,,11,,,,4,,2,2,1,5,,,1,,1,,270,,,Y,N1,A1500019,1,,,-1,12,,,,,,,광주광역시,광산구,0,0,,,,,,,,,,,,,,,,,,,,,,,,,,,,,,,,,,,,,,,,,,,,,,
첨단종합병원,062-601-8119,A1500011,,,,,,,1,,2,,,,Y,Y,Y,Y,N1,Y,19,N1,116,N1,20260526115245,N1,Y,,2,N1,22,,1,2,,,,,,5,,2,1,1,10,,,,,,,412,,,Y,N1,A1500011,2,1,10,4,23,1,49,,0,1,,광주광역시,광산구,,,,,,,,,,,,,,,,,,,,,,,,,,,,,,,,,,,,,,,,,,,,,,,,
신가병원,062-610-8119,A1500006,,,,,,,,,1,,,,Y,,Y,N1,N1,Y,7,N1,50,N1,20260526115252,N1,Y,,3,N1,9,,,1,,,,,,3,,1,1,,1,,,,,,,201,,,Y,N1,A1500006,3,,,,,,,,,,,광주광역시,광산구,1,1,,,,,,,,,,,,,,,,,,,,,,,,,,,,,,,,,,,,,,,,,,,,,,
광주센트럴병원,062-960-5119,A1502007,,,,,,,,,1,,,,Y,,Y,N1,N1,Y,9,N1,50,N1,20260526115529,N1,Y,,2,N1,10,,,1,,,,,,3,,1,1,,1,,,,,,,299,,,Y,N1,A1502007,4,,,,,,,,,,,광주광역시,광산구,,,,,,,,,,,,,,,,,,,,,,,,,,,,,,,,,,,,,,,,,,,,,,,,
하남성심병원,062-958-1250,A1500017,,,,,,,,,1,,,,Y,,Y,N1,N1,Y,16,N1,22,N1,20260526115350,N1,Y,,5,N1,19,,,1,,,,,,5,,1,1,,4,,,,,,,261,,,Y,N1,A1500017,5,,,2,10,,,,,,,광주광역시,광산구,,,,,,,,,,,,,,,,,,,,,,,,,,,,,,,,,,,,,,,,,,,,,,,,
광주수완병원,062-958-1119,A1500018,,,,,,,,,0,,,,Y,,Y,N1,N1,Y,9,N1,63,N1,20260526114910,N1,Y,,1,N1,9,,,1,,,,,,3,,1,1,,2,,,,,,,177,,,Y,N1,A1500018,6,,,,,,,,,,,광주광역시,광산구,,,,,,,,,,,,,,,,,,,,,,,,,,,,,,,,,,,,,,,,,,,,,,,,
광주보훈병원,062-602-6119,A1500004,,,,,,,1,,1,,,,Y,Y,Y,Y,Y,Y,11,N1,64,N1,20260526115226,N1,Y,,5,N1,14,,1,1,,,,,,7,,2,3,2,11,,,2,,,,512,,,Y,N1,A1500004,7,1,,16,25,1,,,1,2,,광주광역시,광산구,,,,,,,,,,,,,,,,,,,,,,,,,,,,,,,,,,,,,,,,,,,,,,,,
광주기독병원,062-650-5119,A1500021,,,,,0,,1,0,2,,,N,Y,Y,Y,Y,Y,Y,10,N1,85,N1,20260526104414,N1,Y,3,5,N1,20,,1,2,,16,9,3,,8,0,2,2,2,11,,,2,,,,514,,,Y,N1,A1500021,1,1,,,,3,,,,,,광주광역시,남구,,,,,,,,,,,,,,,,,,,,,,,,,,,,,,,,,,,,,,,,,,,,,,,,
동아병원,062-650-2515,A1500013,,,,,,,,,1,,,,Y,,Y,N1,N1,Y,9,N1,98,N1,20260526120022,N1,Y,,1,N1,9,,,1,,,,,,6,,1,2,,1,,,,,,,276,,,Y,N1,A1500013,2,,,,,,,,,,,광주광역시,남구,,,,,,,,,,,,,,,,,,,,,,,,,,,,,,,,,,,,,,,,,,,,,,,,
광주씨티병원,062-460-7119,A1500009,,,,,,,,,1,,,,Y,,Y,N1,N1,Y,9,N1,63,N1,20260526115856,N1,Y,,2,N1,10,,,1,,,,,,4,,1,1,,1,,,,,,,173,,,Y,N1,A1500009,3,,,,,,,,,,,광주광역시,남구,,,,,,,,,,,,,,,,,,,,,,,,,,,,,,,,,,,,,,,,,,,,,,,,
전남대학교병원,062-220-6801,A1500002,Y,Y,,0,1,3,,4,,2,7,Y,Y,Y,Y,Y,Y,Y,3,Y,243,Y,20260526120000,Y,Y,4,7,Y,26,4,,,18,11,12,33,30,20,8,5,4,7,86,22,32,12,7,6,1,811,,2,Y,Y,A1500002,1,,16,1,8,,32,,4,7,,광주광역시,동구,,,,,2,2,6,2,3,7,15,20,40,2,,,2,6,,,2,0,0,9,2,5,1,2,8,13,,,,,,,,,,,,,,,,,,
조선대학교병원,062-220-3129,A1500001,Y,Y,,1,4,3,0,11,0,9,11,Y,Y,Y,Y,Y,Y,Y,17,Y,190,Y,20260526120018,Y,Y,5,5,Y,23,4,0,0,20,16,20,20,28,15,3,5,3,3,65,11,15,24,5,1,1,545,,2,Y,Y,A1500001,2,0,8,,,2,15,,5,5,,광주광역시,동구,,,,,,,7,,,,19,,,,,,,,Y,1,2,3,,,2,3,,,,,,,1,,,,,2,,,,,,,,,,
광주병원,062-260-7119,A1500015,,,,,,,,,1,,,,Y,Y,Y,Y,N1,Y,5,N1,35,N1,20260526115124,N1,Y,,1,N1,10,,,1,,,,,,4,,1,1,1,1,,,,,,,278,,,Y,N1,A1500015,1,,,5,13,,,,,,,광주광역시,북구,,,,,,,,,,,,,,,,,,,,,,,,,,,,,,,,,,,,,,,,,,,,,,,,
운암한국병원,062-608-8119,A1500010,,,,,,,,,1,,,,Y,,Y,N1,N1,Y,4,N1,66,N1,20260526115548,N1,N,,,N1,9,,,1,,,,,,,,1,1,,1,,,,,,,208,,,Y,N1,A1500010,2,,,,,,,,,,,광주광역시,북구,,,,,,,,,,,,,,,,,,,,,,,,,,,,,,,,,,,,,,,,,,,,,,,,
광주현대병원,062-570-0119,A1500003,,,,,,,,,1,,,,Y,,Y,N1,N1,Y,0,N1,63,N1,20260526115716,N1,Y,,3,N1,9,,,1,,,,,,5,,1,2,,1,,,,,,,236,,,Y,N1,A1500003,3,,,,,,,,,,,광주광역시,북구,1,1,,,,,,,,,,,,,,,,,,,,,,,,,,,,,,,,,,,,,,,,,,,,,,
광주일곡병원,062-608-7119,A1500005,,,,,,,,,1,,,,Y,,Y,N1,N1,Y,5,N1,64,N1,20260526120027,N1,Y,,2,N1,9,,,1,,,,,,2,,1,1,,1,,,,,,,144,,,Y,N1,A1500005,4,,,,,,,,,,,광주광역시,북구,,,,,,,,,,,,,,,,,,,,,,,,,,,,,,,,,,,,,,,,,,,,,,,,
광주희망병원,062-608-6119,A1500007,,,,,,,,,1,,,,,,Y,N1,N1,N1,8,N1,59,N1,20260526115105,N1,N1,,3,N1,9,,,1,,,,,,3,,,,,,,,,,,,182,,,N1,N1,A1500007,5,1,,2,8,1,,,,,,광주광역시,북구,,,,,,,,,,,,,,,,,,,,,,,,,,,,,,,,,,,,,,,,,,,,,,,,
서광병원,062-600-8119,A1500020,,,,,,2,2,,1,,,N,Y,N,Y,N,Y,Y,18,N1,32,N1,20260526115832,N1,Y,,0,N1,18,2,2,1,,,,,,2,0,1,1,0,1,,,1,,,,136,,,Y,N1,A1500020,1,0,,6,18,1,,,1,1,,광주광역시,서구,,,,,,,,,,,,,,,,,,,,,,,,,,,,,,,,,,,,,,,,,,,,,,,,
상무병원,062-600-7119,A1500022,,,,,,,,,1,,,,Y,,Y,N1,N1,Y,8,N1,111,N1,20260526115928,N1,Y,,2,N1,9,,,1,,,,,,3,,1,1,,1,,,,,,,202,,,Y,N1,A1500022,2,,,,,,,,,,,광주광역시,서구,,,,,,,,,,,,,,,,,,,,,,,,,,,,,,,,,,,,,,,,,,,,,,,,
광주한국병원,062-380-3119,A1500016,,,,,,,,,1,,,,Y,,Y,N1,N1,Y,15,N1,80,N1,20260526115655,N1,Y,,2,N1,15,,,1,,,,,,4,,1,1,,1,,,,,,,259,,,Y,N1,A1500016,3,,,,,,,,,,,광주광역시,서구,,,,,,,,,,,,,,,,,,,,,,,,,,,,,,,,,,,,,,,,,,,,,,,,
미래로21병원,062-450-1119,A1500014,,,,,,,,,1,,,,Y,Y,Y,Y,Y,Y,5,N1,69,N1,20260526115730,N1,Y,,1,N1,9,,,1,,,,,,3,,1,1,1,4,,,1,,,,192,,,Y,N1,A1500014,4,,,1,8,,,,,,,광주광역시,서구,,,,,,,,,,,,,,,,,,,,,,,,,,,,,,,,,,,,,,,,,,,,,,,,
영남대학교병원,053-620-3177,A1300001,Y,Y,1,3,1,3,2,7,3,9,19,Y,Y,Y,Y,Y,Y,Y,9,Y,190,Y,20260526115737,Y,Y,3,10,Y,28,3,2,3,22,10,15,15,30,23,2,4,4,4,75,5,11,8,5,5,1,704,1,3,Y,Y,A1300001,1,5,14,,,13,20,,5,7,,대구광역시,남구,,,,,,,10,,,,14,,,,,,,,,,,0,,,,0,,2,,7,,,0,,,,,0,,,,,,,,,,
대구가톨릭대학교병원,053-650-3000,A1300004,Y,Y,,,-1,,1,3,3,,,Y,Y,Y,Y,Y,Y,Y,1,Y,264,Y,20260526115705,Y,Y,5,11,N1,24,,1,3,,15,25,42,,19,2,3,3,5,58,20,32,8,3,4,,704,,,Y,Y,A1300004,2,4,7,0,0,6,20,,3,9,,대구광역시,남구,,,,,,,5,,,,16,,,,,,,,Y,1,,,,,,,,,,,,,,,,,,,,,,,,,,,,
드림종합병원,053-640-8575,A1300034,,,,,,,,,1,,,,Y,Y,Y,Y,Y,Y,6,Y,69,N1,20260526115720,N1,Y,,2,N1,8,,,1,,,,,,3,,2,1,1,2,,,1,1,,,183,,,Y,N1,A1300034,3,,,,,,,,,,,대구광역시,남구,1,1,,,,,,,,,,,,,,,,,,,,,,,,,,,,,,,,,,,,,,,,,,,,,,
계명대학교동산병원,053-258-6306,A1300003,Y,Y,,,0,,1,0,0,,6,Y,Y,Y,Y,Y,Y,Y,-2,Y,257,Y,20260526115934,Y,Y,0,9,Y,23,,2,1,,14,13,39,20,24,6,6,5,7,56,13,37,9,4,14,2,778,,,Y,Y,A1300003,1,0,0,3,10,1,0,,2,7,,대구광역시,달서구,,,,,,,3,,,,15,,,,,,,,Y,1,,,4,8,,,0,,7,,,,,,,,,,,,,,,,,,,
의료법인구의료재단구병원,053-557-7119,A1300006,,,,,,,,,1,,,,Y,,Y,N1,N1,Y,8,N1,73,N1,20260526064710,N1,Y,,9,N1,10,,,1,,,,,,9,,3,1,,3,,,,,,,235,,,Y,N1,A1300006,2,1,,6,18,1,,,,,,대구광역시,달서구,,,,,,,,,,,,,,,,,,,,,,,,,,,,,,,,,,,,,,,,,,,,,,,,
더블유병원,053-550-5019,A1300110,,,,,,,,,1,,,,Y,,Y,N1,N1,Y,5,N1,71,N1,20260526115905,N1,Y,,1,Y,10,,,1,,,,,,8,,1,1,,1,,,,,,8,431,,,Y,N1,A1300110,3,,,,,,,,,,,대구광역시,달서구,,,,,,,,,,,,,,,,,,,,,,,,,,,,,,,,,,,,,,,,,,,,,,,,
한국보훈복지의료공단대구보훈병원,053-630-7014,A1300011,,,,,,,1,,1,,,,Y,Y,Y,Y,N1,Y,3,N1,45,N1,20260526115910,N1,Y,,6,N1,12,,1,1,,,,,,6,,1,3,2,9,,,,,,,415,,,Y,N1,A1300011,4,1,,8,13,1,,,1,1,,대구광역시,달서구,,,,,,,,,,,,,,,,,,,,,,,,,,,,,,,,,,,,,,,,,,,,,,,,
삼일병원,053-659-3119,A1300045,,,,,,,1,,,,,,Y,Y,Y,Y,N1,Y,11,N1,58,N1,20260526120018,N1,Y,,0,N1,14,,1,,,,,,,4,,3,2,1,3,,,,,,,299,,,Y,N1,A1300045,5,,,,,,,,,,,대구광역시,달서구,,,,,,,,,,,,,,,,,,,,,,,,,,,,,,,,,,,,,,,,,,,,,,,,
나사렛종합병원,053-643-3119,A1300038,,,,,,,,,1,,,,Y,Y,Y,Y,Y,Y,8,N1,50,N1,20260526115940,N1,Y,,5,N1,9,,,1,,,,,,5,,2,2,2,5,,,1,,,,231,,,Y,N1,A1300038,6,0,,3,28,1,,,,,,대구광역시,달서구,,,,,,,,,,,,,,,,,,,,,,1,,,,9,,,,,,,,,,,,,,,,,,,,,,
대구파티마병원,053-940-7119,A1300009,Y,Y,,,4,4,2,2,5,,,Y,Y,Y,Y,Y,Y,Y,-15,Y,219,Y,20260526120000,Y,Y,3,3,N1,25,5,2,5,,17,10,10,,8,2,4,3,4,33,11,18,5,1,1,,502,,,Y,Y,A1300009,1,1,,,,7,,,,,,대구광역시,동구,,,,,,,1,,,,12,,,,,,,,,,,,,,,,,,,,,,,,,,,,,,,,,,,,,
강남종합병원,053-980-9018,A1300018,,,,,,,1,,,,,,Y,,Y,N1,N1,Y,12,N1,68,N1,20260526115441,N1,Y,,6,N1,15,,1,,,,,,,7,,2,2,,2,,,,,,,207,,,Y,N1,A1300018,2,,,,,,,,1,1,,대구광역시,동구,,,,,,,,,,,,,,,,,,,,,,,,,,,,,,,,,,,,,,,,,,,,,,,,
칠곡경북대학교병원,053-200-2100,A1300010,Y,Y,,,6,3,1,8,3,,0,Y,Y,Y,Y,Y,Y,Y,-7,Y,241,Y,20260526120013,Y,Y,17,5,N1,23,7,1,3,,10,14,39,0,19,2,8,5,8,52,9,27,9,3,1,,762,,,Y,Y,A1300010,1,2,12,,,2,20,,13,13,,대구광역시,북구,,,,,,,,,,,,,,,,,,,,,,,,,,,4,,10,,1,,,,,1,,,,,,,1,1,3,2,8,1
대구가톨릭대학교칠곡가톨릭병원,053-320-2111,A1300005,,,,,,,,,1,,,,Y,,Y,N1,N1,Y,1,N1,58,N1,20260526115734,N1,Y,,3,N1,9,,,1,,,,,,3,,2,2,,1,,,,,,,161,,,Y,N1,A1300005,2,,,,,,,,,,,대구광역시,북구,,,,,,,,,,,,,,,,,,,,,,,,,,,,,,,,,,,,,,,,,,,,,,,,
계명대학교동산병원,053-258-6306,A1300003,Y,Y,,,0,,1,0,0,,6,Y,Y,Y,Y,Y,Y,Y,-2,Y,257,Y,20260526115934,Y,Y,0,9,Y,23,,2,1,,14,13,39,20,24,6,6,5,7,56,13,37,9,4,14,2,778,,,Y,Y,A1300003,1,0,0,3,10,1,0,,2,7,,대구광역시,서구,,,,,,,3,,,,15,,,,,,,,Y,1,,,4,8,,,0,,7,,,,,,,,,,,,,,,,,,,
의료법인구의료재단구병원,053-557-7119,A1300006,,,,,,,,,1,,,,Y,,Y,N1,N1,Y,8,N1,73,N1,20260526064710,N1,Y,,9,N1,10,,,1,,,,,,9,,3,1,,3,,,,,,,235,,,Y,N1,A1300006,2,1,,6,18,1,,,,,,대구광역시,서구,,,,,,,,,,,,,,,,,,,,,,,,,,,,,,,,,,,,,,,,,,,,,,,,
더블유병원,053-550-5019,A1300110,,,,,,,,,1,,,,Y,,Y,N1,N1,Y,5,N1,71,N1,20260526115905,N1,Y,,1,Y,10,,,1,,,,,,8,,1,1,,1,,,,,,8,431,,,Y,N1,A1300110,3,,,,,,,,,,,대구광역시,서구,,,,,,,,,,,,,,,,,,,,,,,,,,,,,,,,,,,,,,,,,,,,,,,,
한국보훈복지의료공단대구보훈병원,053-630-7014,A1300011,,,,,,,1,,1,,,,Y,Y,Y,Y,N1,Y,3,N1,45,N1,20260526115910,N1,Y,,6,N1,12,,1,1,,,,,,6,,1,3,2,9,,,,,,,415,,,Y,N1,A1300011,4,1,,8,13,1,,,1,1,,대구광역시,서구,,,,,,,,,,,,,,,,,,,,,,,,,,,,,,,,,,,,,,,,,,,,,,,,
삼일병원,053-659-3119,A1300045,,,,,,,1,,,,,,Y,Y,Y,Y,N1,Y,11,N1,58,N1,20260526120018,N1,Y,,0,N1,14,,1,,,,,,,4,,3,2,1,3,,,,,,,299,,,Y,N1,A1300045,5,,,,,,,,,,,대구광역시,서구,,,,,,,,,,,,,,,,,,,,,,,,,,,,,,,,,,,,,,,,,,,,,,,,
나사렛종합병원,053-643-3119,A1300038,,,,,,,,,1,,,,Y,Y,Y,Y,Y,Y,8,N1,50,N1,20260526115940,N1,Y,,5,N1,9,,,1,,,,,,5,,2,2,2,5,,,1,,,,231,,,Y,N1,A1300038,6,0,,3,28,1,,,,,,대구광역시,서구,,,,,,,,,,,,,,,,,,,,,,1,,,,9,,,,,,,,,,,,,,,,,,,,,,
대구굿모닝병원,053-620-9119,A1300076,,,,,,,1,,1,,,,Y,Y,Y,Y,N1,Y,11,N1,58,N1,20260526115857,N1,Y,,3,N1,17,,1,1,,,,,,4,,2,4,2,13,,,,,,,226,,,Y,N1,A1300076,7,0,,4,26,1,,,,,,대구광역시,서구,,,,,,,,,,,,,,,,,,,,,,,,,,,,,,,,,,,,,,,,,,,,,,,,
대구의료원,053-560-7288,A1300007,,Y,,,,,1,,1,,,Y,Y,,Y,N1,N1,Y,14,N1,35,N1,20260526115901,Y,Y,,4,N1,18,,1,1,,,,,,4,1,1,1,,13,,4,,,,,254,,,Y,N1,A1300007,8,1,0,7,18,1,82,,1,3,,대구광역시,서구,,,,,,,,,,,,,,,,,,,,,,,,,,,,,,,,,,,,,,,,,,,,,,,,
(재)미리내천주성삼성직수도회천주성삼병원,053-790-0555,A1300081,,,,,,,,,1,,,,Y,,Y,N1,N1,Y,7,N1,34,N1,20260526120003,N1,Y,,2,N1,9,,,1,,,,,,4,,1,2,,4,,,,,,,294,,,Y,N1,A1300081,1,,,,,,,,,,,대구광역시,수성구,,,,,,,,,,,,,,,,,,,,,,,,,,,,,,,,,,,,,,,,,,,,,,,,
경북대학교병원,053-200-5100,A1300002,Y,Y,,,3,2,,4,,11,34,Y,Y,Y,Y,Y,Y,Y,2,Y,186,Y,20260526115705,Y,Y,-2,5,N1,25,4,,,20,7,7,15,44,17,2,5,5,5,82,8,11,11,9,5,,582,,,Y,Y,A1300002,1,,6,,,,20,,1,5,,대구광역시,중구,,,,,14,1,0,2,3,2,7,20,40,2,,,2,6,,,2,3,2,6,2,3,,2,,10,,,,,,,,,,,8,11,,,,,,
곽병원,053-605-3333,A1300008,,,,,,,,,2,,,,Y,,Y,N1,N1,Y,8,N1,64,N1,20260526120017,N1,Y,,4,N1,10,,,2,,,,,,4,,1,1,,2,,,,,,,221,,,Y,N1,A1300008,2,,,,,,,,,,,대구광역시,중구,,,,,,,,,,,,,,,,,,,,,,,,,,,,,,,,,,,,,,,,,,,,,,,,
계명대학교대구동산병원,053-250-8481,A1303386,,,,,,,1,,1,,,N,Y,Y,Y,Y,Y,Y,11,N1,40,N,20260526115930,N1,Y,,3,N1,12,,1,1,,,,,,3,0,2,1,1,6,,,6,,0,,196,,,Y,N1,A1303386,3,0,,1,7,5,,,,,,대구광역시,중구,,,,,,,,,,,,,,,,,,,,,,,,,,,,,,,,,,,,,,,,,,,,,,,,
대전보훈병원,042-939-0100,A1600004,,,,,,,1,,1,,,,Y,Y,Y,Y,N1,Y,6,N1,63,N1,20260526115839,N1,Y,,5,N1,7,,1,1,,,,,,5,,1,3,1,11,,,,,,,316,,,Y,N1,A1600004,1,1,,3,10,1,,,0,1,,대전광역시,대덕구,,,,,,,,,,,,,,,,,,,,,,,,,,,,,,,,,,,,,,,,,,,,,,,,
대전한국병원,042-606-1119,A1600003,,Y,,,,,1,,,,,Y,Y,Y,Y,Y,Y,Y,0,N1,35,N1,20260526120005,Y,Y,,1,N1,9,,1,,,,,,,4,4,2,2,2,6,,1,1,,,,241,,,Y,N1,A1600003,1,,,2,12,,,,,,,대전광역시,동구,,,,,,,,,,,,,,,,,,,,,,,,,,,,,,,,,,,,,,,,,,,,,,,,
학교법인건양교육재단건양대학교병원,042-600-9119,A1600006,Y,Y,1,1,,5,2,,3,7,11,Y,Y,Y,Y,Y,Y,Y,14,Y,337,Y,20260526115521,Y,Y,2,12,Y,24,5,2,3,16,,,24,28,20,2,4,4,4,46,17,23,10,3,1,1,658,1,3,Y,Y,A1600006,1,1,11,21,59,5,20,0,0,1,0,대전광역시,서구,,,0,,,,,,,,,,,,0,,,,,,,0,,,,0,,,,,,3,0,0,0,,4,0,0,0,,,,,,,,
학교법인을지학원대전을지대학교병원,042-259-1119,A1600002,Y,Y,,,4,,2,-2,1,,,Y,Y,Y,Y,Y,Y,Y,13,Y,92,Y,20260526120000,Y,Y,16,8,N1,21,,2,1,,20,20,20,,15,16,4,2,4,70,12,47,7,3,3,,331,,,Y,Y,A1600002,2,0,7,,,11,20,0,,,30,대전광역시,서구,3,3,0,0,4,2,,1,4,6,,20,40,2,0,0,2,6,,,,,,,,,,0,,5,,,,0,0,,,,0,0,,,,,,,,
대청병원,042-589-0119,A1602246,,,,,,,,,1,,,,Y,,Y,N1,Y,Y,8,N1,112,N1,20260526120010,N1,Y,,3,N1,9,,,1,,,,,,3,,2,1,,10,,,1,,,,245,,,Y,N1,A1602246,3,,,1,17,,,,,,,대전광역시,서구,,,,,,,,,,,,,,,,,,,,,,,,,,,,,,,,,,,,,,,,,,,,,,,,
의료법인영훈의료재단유성선병원,042-609-1119,A1600007,,,,,,,2,,1,,,Y,Y,Y,Y,Y,Y,Y,5,Y,60,N1,20260526115621,N1,Y,,-8,N1,17,,2,1,,,,,,7,1,3,2,2,16,,,2,1,,,368,,,Y,N1,A1600007,1,1,,6,19,1,,,1,1,,대전광역시,유성구,,,,,,,,,,,,,,,,,,,,,,,,,,,,,,,,,,,,,,,,,,,,,,,,
충남대학교병원,042-280-8129,A1600001,Y,Y,,,3,3,2,5,3,2,21,Y,Y,Y,Y,Y,Y,Y,-1,Y,103,Y,20260526115900,Y,Y,5,-3,N1,28,6,2,3,20,16,14,34,30,21,5,5,4,5,76,12,36,6,8,2,,949,,,Y,Y,A1600001,1,7,15,1,12,8,26,,9,14,,대전광역시,중구,0,0,,,,,,,,,,,,,,,,,,,0,0,,,0,0,0,3,5,10,,,,,,,,,,,,,,,,,,
학교법인가톨릭학원가톨릭대학교대전성모병원,042-220-9118,A1600005,Y,Y,,,5,,2,0,,,,Y,Y,Y,Y,Y,Y,Y,10,Y,138,N1,20260526120012,Y,Y,4,4,N1,19,,3,,,15,3,4,,12,1,3,2,4,24,5,7,5,2,,,537,,,Y,Y,A1600005,2,0,,,,1,,,0,4,,대전광역시,중구,,,,,,,2,,,,9,,,,,,,,,,,,0,3,,,,1,,3,,,,,,,,,,,1,2,,,,,,
의료법인영훈의료재단대전선병원,042-220-8129,A1600008,,,,,,,1,,3,,,Y,Y,Y,Y,Y,Y,Y,14,N1,42,N1,20260526120034,N1,Y,,3,N1,17,,1,3,,,,,,7,1,2,2,2,11,,,3,,,,311,,,Y,N1,A1600008,3,0,,3,24,1,,,0,1,,대전광역시,중구,,,,,,,,,,,,,,,,,,,,,,,,,,,,,,,,,,,,,,,,,,,,,,,,
(의)서일의료재단기장병원,051-723-2119,A1200028,,,,,,,,,1,,,,Y,,Y,N1,N1,Y,7,N1,22,N1,20260526120027,N1,Y,,0,N1,9,,,1,,,,,,3,,1,1,,1,,,,,,,154,,,Y,N1,A1200028,1,,,,,,,,,,,부산광역시,기장군,,,,,,,,,,,,,,,,,,,,,,,,,,,,,,,,,,,,,,,,,,,,,,,,
동남권원자력의학원원자력병원,051-720-5911,A1200015,,,,,,,1,,,,,,Y,Y,Y,Y,Y,Y,6,Y,115,N1,20260526115904,N1,Y,,3,N1,9,,1,,,,,,,8,,2,2,2,13,,,1,1,,,261,,,Y,N1,A1200015,2,,,8,12,,,,,,,부산광역시,기장군,,,,,,,,,,,,,,,,,,,,,,,,,,,,,,,,,,,,,,,,,,,,,,,,
부산성모병원(재단법인 천주교부산교구유지재단),051-933-7119,A1200013,Y,Y,,,,4,1,,,,,,Y,,Y,N1,Y,Y,7,N1,78,N1,20260526115710,Y,Y,2,4,N1,10,4,1,,,,,10,,7,,1,1,,6,14,13,1,,,,373,,,Y,Y,A1200013,1,2,,5,18,2,,,1,2,,부산광역시,남구,4,4,,,,,,,,,,,,,,,,,,,,,,,,,,,,,,,,,,,,,,,,,,,,,,
좋은문화병원,051-630-0909,A1200026,Y,Y,,,,2,1,,2,,,Y,Y,,Y,N1,N1,Y,3,N1,84,N1,20260526115927,Y,Y,5,1,Y,7,2,1,2,,,,12,,8,8,2,2,,3,6,17,,,,1,270,,,Y,Y,A1200026,1,,,2,8,,,,2,2,,부산광역시,동구,,,,,,,,,,,,,,,,,,,,,,,,,,,,,,,,,,,,,,,,,,,,,,,,
의료법인정화의료재단 봉생기념병원,051-664-4119,A1200017,,,,,7,,,5,1,,,,Y,Y,Y,Y,Y,Y,7,N1,60,N1,20260526115338,N1,Y,,6,N1,9,,,2,,11,11,,,8,,1,2,2,11,,,4,,,,335,,,Y,N1,A1200017,2,,14,,,,31,,0,1,,부산광역시,동구,,,,,,,,,,,,,,,,,,,,,,,,,,,,,,,,,,,,,,,,,,,,,,,,
대동병원,051-550-9391,A1200018,,,,,,3,1,,2,,,,Y,Y,Y,Y,Y,Y,10,N1,59,N1,20260526120022,N1,Y,,4,N1,15,3,1,2,,,,,,6,,2,1,1,10,,,1,,,,401,,,Y,N1,A1200018,1,0,,1,21,1,,,0,1,,부산광역시,동래구,,,,,,,,,,,,,,,,,,,,,,,,,,,,,,,,,,,,,,,,,,,,,,,,
동래봉생병원,051-520-5700,A1200011,,,,,,,1,,1,,,,Y,Y,Y,Y,Y,Y,4,N1,88,N1,20260526115811,N1,Y,,6,N1,8,,1,1,,,,,,7,,1,2,2,11,,,1,,,,241,,,Y,N1,A1200011,2,2,,11,18,2,,,,,,부산광역시,동래구,,,,,,,,,,,,,,,,,,,,,,,,,,,,,,,,,,,,,,,,,,,,,,,,
의료법인 광혜의료재단 광혜병원,051-504-2119,A1200009,,,,,,,2,,1,,,,Y,,Y,N1,N1,Y,7,N1,67,N1,20260526115736,N1,Y,,3,N1,9,,2,1,,,,,,3,,1,1,,4,,,,,,,190,,,Y,N1,A1200009,3,,,2,9,,,,1,1,,부산광역시,동래구,,,,,,,,,,,,,,,,,,,,,,,,,,,,,,,,,,,,,,,,,,,,,,,,
의료법인 온그룹의료재단 온병원,051-607-0139,A1200020,,,,,,,1,,2,,,,Y,Y,Y,Y,Y,Y,19,N1,136,N1,20260526115550,N1,Y,,7,Y,20,,1,2,,,,,,9,,4,2,2,7,,,1,,,1,588,,,Y,N1,A1200020,1,0,,8,23,1,,,5,6,,부산광역시,부산진구,,,,,,,,,,,,,,,,,,,,,,,,,,,,,,,,,,,,,,,,,,,,,,,,
인제대학교부산백병원,051-890-5995,A1200001,Y,Y,,,0,,0,1,2,,,Y,Y,Y,Y,Y,Y,Y,19,Y,146,Y,20260526115639,Y,Y,4,3,Y,32,,1,2,,19,18,35,,17,4,5,3,6,68,19,38,16,3,7,2,691,,,Y,Y,A1200001,2,0,8,2,4,1,20,,1,8,,부산광역시,부산진구,,,,,,,0,,,,12,,,,,,,,,,,,,,,,,0,,6,,,,,,,,,,,,,,,,,,
학교법인)동의병원,051-850-8777,A1200019,,,,,,,,,1,,,,Y,Y,Y,Y,Y,Y,9,Y,116,N1,20260526115900,N1,Y,,1,N1,14,,,1,,,,,,5,,2,2,2,7,,,2,1,,,448,,,Y,N1,A1200019,3,,,15,23,,,,,,,부산광역시,부산진구,,,,,,,,,,,,,,,,,,,,,,,,,,,,,,,,,,,,,,,,,,,,,,,,
학교법인 춘해병원,051-608-0119,A1200025,,,,,,,,,1,,,,Y,,Y,N1,N1,Y,9,N1,108,N1,20260526115858,N1,Y,,3,N1,9,,,1,,,,,,4,,1,1,,3,,,,,,,201,,,Y,N1,A1200025,4,,,,,,,,,,,부산광역시,부산진구,,,,,,,,,,,,,,,,,,,,,,,,,,,,,,,,,,,,,,,,,,,,,,,,
구포성심병원,051-330-2090,A1200045,,,,,,,,,1,,,,Y,Y,Y,Y,N1,Y,2,N1,38,N1,20260526115535,N1,Y,,3,N1,9,,,1,,,,,,4,,1,1,1,4,,,,,,,243,,,Y,N1,A1200045,1,,,,,,,,,,,부산광역시,북구,,,,,,,,,,,,,,,,,,,,,,,,,,,,,,,,,,,,,,,,,,,,,,,,
의료법인 인당의료재단 부민병원,051-330-3129,A1200006,,,,,,,1,,1,,,,Y,Y,Y,Y,Y,Y,7,N1,36,N1,20260526120032,N1,Y,,6,N1,10,,1,1,,,,,,8,,2,3,1,7,,,1,,,,366,,,Y,N1,A1200006,2,0,,0,18,1,,,,,,부산광역시,북구,,,,,,,,,,,,,,,,,,,,,,,,,,,,,,,,,,,,,,,,,,,,,,,,
의료법인 은성의료재단 좋은삼선병원,051-310-9119,A1200005,,,,,,1,1,,2,,,,Y,Y,Y,Y,Y,Y,5,N1,39,N1,20260526115926,N1,Y,,3,N1,13,1,1,2,,,,,,7,,2,2,2,11,,,1,,,,375,,,Y,N1,A1200005,1,0,,2,19,2,,,2,2,,부산광역시,사상구,3,3,,,,,1,,,,5,,,,,,,,,,,,,,,,,1,,4,,,,,,,,,,,,,,,,,,
한국보훈복지의료공단 부산보훈병원,051-601-6183,A1200016,,,,,,,1,,1,,,,Y,Y,Y,Y,N1,Y,5,N1,43,N1,20260526115846,N1,Y,,5,N1,11,,1,1,,,,,,7,,2,3,2,11,,,,,,,452,,,Y,N1,A1200016,2,1,,4,9,1,,,,,,부산광역시,사상구,,,,,,,,,,,,,,,,,,,,,,,,,,,,,,,,,,,,,,,,,,,,,,,,
동아대학교병원,051-240-5300,A1200003,Y,Y,,2,,3,,,,3,4,Y,Y,Y,Y,Y,Y,Y,12,Y,162,Y,20260526115711,Y,Y,0,9,N1,19,3,,,16,,,20,30,18,4,5,3,4,76,11,30,16,4,4,,714,,4,Y,Y,A1200003,1,3,12,3,18,6,18,,0,3,,부산광역시,서구,,,,,,,0,,,,13,,,,,,,,,,2,1,2,8,2,3,,1,,11,,1,,,,,1,,,,2,7,,,,,,
고신대학교복음병원,051-990-6200,A1200004,Y,Y,,,2,,,5,,,,Y,Y,Y,Y,Y,Y,Y,7,Y,238,Y,20260526120027,Y,Y,17,3,Y,24,,,,,13,8,18,,13,7,3,3,5,53,13,19,14,3,1,1,655,,,Y,Y,A1200004,2,3,13,,,5,14,,1,1,,부산광역시,서구,,,,,,,7,,,,15,,,,,,,,,,1,4,2,5,1,4,,1,,16,,,,,,,,,,,,,,,,,,
부산대학교병원,051-240-7776,A1200002,Y,Y,0,,1,3,1,,2,1,0,Y,Y,Y,Y,Y,Y,Y,-3,Y,359,Y,20260526120000,Y,Y,3,15,N,17,3,1,2,12,10,,20,0,26,12,9,6,10,100,17,17,21,9,21,1,901,2,,Y,Y,A1200002,3,2,3,7,24,4,19,0,2,10,0,부산광역시,서구,,,0,0,22,2,0,1,12,9,0,42,82,2,0,0,2,12,,,,,,,,,,,,,,,,,,,,,,,,,,,,,,
삼육부산병원,051-600-7750,A1200021,,Y,,,,,1,,,,,Y,Y,Y,Y,Y,Y,Y,4,Y,12,N1,20260526120022,Y,Y,,,N1,9,,1,,,,,,,,1,2,1,1,9,,1,2,1,,,302,,,Y,N1,A1200021,4,0,,1,14,1,,,,,,부산광역시,서구,,,,,,,,,,,,,,,,,,,,,,,,,,,,,,,,,,,,,,,,,,,,,,,,
비에이치에스한서병원,051-998-1119,A1200007,,,,,,,1,,2,,,,Y,Y,Y,Y,Y,Y,14,Y,94,N1,20260526120038,N1,Y,,1,N1,17,,1,2,,,,,,4,,1,1,2,11,,,1,1,,,283,,,Y,N1,A1200007,1,,,7,16,,,,,,,부산광역시,수영구,,,,,,,,,,,,,,,,,,,,,,,,,,,,,,,,,,,,,,,,,,,,,,,,
의료법인 은성의료재단 좋은강안병원,051-610-9119,A1200008,,,,,,,1,,1,,,,Y,Y,Y,Y,Y,Y,3,Y,77,N1,20260526115934,N1,Y,,5,N1,15,,1,1,,,,,,9,,3,3,2,16,,,5,1,,,535,,,Y,N1,A1200008,2,0,,2,30,2,,,2,3,,부산광역시,수영구,,,,,,,,,,,,,,,,,,,,,,,,,,,,,,,,,,,,,,,,,,,,,,,,
의료법인 센텀의료재단 센텀종합병원,051-750-5119,A1200098,,,,,,,,,1,,,,Y,Y,Y,Y,N1,Y,5,N1,71,N1,20260526115347,N1,Y,,9,N1,9,,,1,,,,,,9,,2,2,1,11,,,,,,,338,,,Y,N1,A1200098,3,1,,7,16,1,,,,,,부산광역시,수영구,,,,,,,,,,,,,,,,,,,,,,,,,,,,,,,,,,,,,,,,,,,,,,,,
부산광역시의료원,051-607-2140,A1200024,,N,,,8,,1,11,1,,,N,Y,Y,Y,Y,Y,Y,14,N1,151,N1,20260526115839,N,Y,,6,N1,18,,1,1,,13,14,,,7,1,1,1,2,19,,2,4,,,,398,,,Y,N1,A1200024,1,,2,,,,29,,5,7,,부산광역시,연제구,,,,,,,,,,,,,,,,,,,,,,,,,,,,,,,,,,,,,,,,,,,,,,,,
의료법인 행도의료재단 해동병원,051-410-6688,A1200012,,,,,,,1,,,,,,Y,,Y,N1,Y,Y,6,N1,53,N1,20260526120028,N1,Y,,2,Y,6,,1,,,,,,,3,,1,1,,5,,,1,,,12,256,,,Y,N1,A1200012,1,,,2,9,,,,0,0,,부산광역시,영도구,,,,,,,,,,,,,,,,,,,,,,,,,,,,,,,,,,,,,,,,,,,,,,,,
영도병원,051-419-7575,A1200014,,,,,,,1,,1,,,,Y,,Y,N1,N1,Y,6,N1,17,N1,20260526115912,N1,Y,,3,N1,7,,1,1,,,,,,3,,1,1,,7,,,,,,,217,,,Y,N1,A1200014,2,,,1,10,,,,,,,부산광역시,영도구,,,,,,,,,,,,,,,,,,,,,,,,,,,,,,,,,,,,,,,,,,,,,,,,
재단법인천주교부산교구유지재단 메리놀병원,051-461-2300,A1200023,,,,,,,,,1,,,Y,Y,Y,Y,Y,Y,Y,4,N1,95,N1,20260526120010,N1,Y,,6,N1,9,,,1,,,,,,8,1,1,1,1,9,,,2,,,,380,,,Y,N1,A1200023,1,1,,7,18,1,,,,,,부산광역시,중구,,,,,,,,,,,,,,,,,,,,,,,,,,,,,,,,,,,,,,,,,,,,,,,,
인제대학교 해운대백병원,051-797-0135,A1200022,Y,Y,2,3,2,1,2,4,3,5,12,Y,Y,Y,Y,Y,Y,Y,8,Y,123,Y,20260526115727,Y,Y,-3,11,N1,29,3,2,3,12,28,27,23,30,22,2,5,3,4,70,7,48,17,7,15,,710,5,3,Y,Y,A1200022,1,0,,,,2,,,0,7,,부산광역시,해운대구,,,,,,,,,,,,,,,,,,,Y,1,,,,,,,,,,,,,,,,,,,,,,,,,,,,
의료법인 인당의료재단 해운대부민병원,051-602-8119,A1205143,,,,,,,1,,,,,,Y,Y,Y,Y,Y,Y,4,N1,39,N1,20260526115554,N1,Y,,6,Y,9,,1,,,,,,,8,,2,2,1,10,,,1,,,1,360,,,Y,N1,A1205143,2,0,,9,19,2,,,0,3,,부산광역시,해운대구,,,,,,,,,,,,,,,,,,,,,,,,,,,,,,,,,,,,,,,,,,,,,,,,
연세대학교의과대학강남세브란스병원,02-2019-3333,A1100015,Y,Y,,,,2,1,,2,,,Y,Y,Y,Y,Y,Y,Y,-4,Y,68,Y,20260526115706,Y,Y,0,0,N1,21,2,1,2,,,,28,,23,1,4,3,6,47,10,23,6,3,5,,691,,,Y,Y,A1100015,1,,,4,29,,,,5,5,,서울특별시,강남구,,,,,,,6,,,,12,,,,,,,,,,,,,,,,,2,,8,,,,,,,,,,,,,,,,,,
삼성서울병원,02-3410-2060,A1100010,Y,Y,,,12,3,1,18,2,,,Y,Y,Y,Y,Y,Y,Y,-7,Y,382,Y,20260526115921,Y,Y,2,7,N1,52,4,2,2,,30,23,59,,53,8,19,16,15,117,22,43,21,11,2,,1527,,,Y,Y,A1100010,2,2,4,14,14,2,27,,12,18,,서울특별시,강남구,,,,,,,3,,,,12,,,,,,,,,,,,,,,,4,6,15,12,,,,,,,,,,,12,36,,,,,,
강동경희대학교병원,02-440-7000,A1100043,Y,Y,2,,,3,2,,1,3,5,Y,Y,Y,Y,Y,Y,Y,0,Y,166,Y,20260526120022,Y,Y,3,8,N,15,3,2,3,19,,,17,30,17,8,2,2,3,32,9,13,4,1,1,0,630,3,,Y,Y,A1100043,1,,,3,27,,,2,1,1,2,서울특별시,강동구,,,,,,,,,,,,,,,,,,,N,0,,,,,,,,,,,,,,,,,,,,,,,,,,,,
성심의료재단강동성심병원,02-2224-2358,A1100028,Y,Y,,,3,,1,,6,,,Y,Y,Y,Y,Y,Y,Y,3,Y,172,Y,20260526115551,Y,Y,2,4,N1,15,,1,6,,18,,3,,13,1,4,2,5,35,3,3,8,3,1,,566,,,Y,Y,A1100028,2,3,,7,19,5,,,0,2,,서울특별시,강동구,2,2,,,,,,,,,,,,,,,,,,,,,,,,,,,,,,,,,,,,,,,,,,,,,,
한국보훈복지의료공단중앙보훈병원,02-2225-1100,A1100053,,,,,8,,1,8,2,,,N,Y,Y,Y,Y,Y,Y,8,Y,147,N1,20260526115942,N1,Y,,5,N1,22,,1,2,,15,14,,,14,1,3,4,4,47,,,10,1,,,823,,,Y,N1,A1100053,3,1,35,,,1,60,,2,7,,서울특별시,강동구,,,,,,,2,,,,14,,,,,,,,,,,,,,,,,5,,10,,,,,,,,,,,,,,,,,,
이화여자대학교의과대학부속서울병원,02-6986-5119,A1120796,Y,Y,,,0,5,2,8,3,,,Y,Y,Y,Y,Y,Y,Y,-2,Y,113,Y,20260526115541,Y,Y,3,7,N1,14,9,2,6,,10,17,24,,19,2,4,4,5,58,7,17,10,3,5,,732,,,Y,Y,A1120796,1,1,,0,11,7,,,3,6,,서울특별시,강서구,,,,,,,0,,,,17,,,,,,,,,,,,,,,,,0,,11,,,,,,,,,,,1,19,,,,,,
부민병원,02-2620-0119,A1100036,,Y,,,,,1,,,,,Y,Y,Y,Y,Y,Y,Y,9,Y,41,N1,20260526115554,Y,Y,,1,N1,10,,1,,,,,,,7,1,3,3,1,22,,1,2,1,,,282,,,Y,N1,A1100036,2,1,,0,14,1,,,0,3,,서울특별시,강서구,,,,,,,,,,,,,,,,,,,,,,,,,,,,,,,,,,,,,,,,,,,,,,,,
의료법인서울효천의료재단에이치플러스양지병원,070-4665-9119,A1100041,,,,,,,1,,2,,,,Y,Y,Y,Y,Y,Y,4,Y,48,Y,20260526120012,N1,Y,,3,N1,18,,1,2,,,,,,7,,2,3,3,23,,,4,1,1,,301,,,Y,N1,A1100041,1,1,,1,20,1,,,2,3,,서울특별시,관악구,,,,,,,,,,,,,,,,,,,,,,,,,,,,,,,,,,,,,,,,,,,,,,,,
건국대학교병원,02-2030-5555,A1100002,Y,Y,,,2,4,1,10,2,,,Y,Y,Y,Y,Y,Y,Y,7,Y,183,Y,20260526115759,Y,Y,0,6,N1,20,4,1,2,,24,25,16,,21,2,4,4,5,45,7,18,7,3,14,,678,,,Y,Y,A1100002,1,1,5,,,1,14,,0,3,,서울특별시,광진구,,,,,,,,,,,,,,,,,,,,,,,,,,,,,,,,,,,,,,,,,,,,,,,,
혜민병원,02-2049-9119,A1100051,,,,,,,1,,,,,,Y,,Y,N1,Y,Y,9,N1,36,N1,20260526115549,N1,Y,,3,N1,9,,1,,,,,,,5,,2,2,,16,,,2,,,,205,,,Y,N1,A1100051,2,,,10,19,,,,,,,서울특별시,광진구,,,,,,,,,,,,,,,,,,,,,,,,,,,,,,,,,,,,,,,,,,,,,,,,
고려대학교의과대학부속구로병원,02-2626-1550,A1100014,Y,Y,,,0,3,,0,,1,0,Y,Y,Y,Y,Y,Y,Y,-3,Y,27,Y,20260526115504,Y,Y,-1,6,N1,29,3,,,20,20,10,23,30,24,2,6,6,4,98,11,35,15,10,3,,778,,,Y,Y,A1100014,1,0,6,7,35,10,18,,4,4,,서울특별시,구로구,,,,,,,,,,,,,,,,,,,,,4,,,,5,,,,,,,,,,,,,,,,,,,,,,,
구로성심병원,02-2067-1515,A1100026,,,,,,,,,1,,,,Y,,Y,N1,N1,Y,2,N1,56,N1,20260526115907,N1,Y,,2,N1,9,,,1,,,,,,3,,1,1,,5,,,,,,,191,,,Y,N1,A1100026,2,,,3,11,,,,,,,서울특별시,구로구,,,,,,,,,,,,,,,,,,,,,,,,,,,,,,,,,,,,,,,,,,,,,,,,
희명병원,02-809-0122,A1100049,,,,,,,,,1,,,,Y,,Y,N1,Y,Y,6,Y,117,N1,20260526115820,N1,Y,,2,N1,10,,,1,,,,,,4,,1,1,,9,,,1,1,,,228,,,Y,N1,A1100049,1,,,5,19,,,,,,,서울특별시,금천구,,,,,,,,,,,,,,,,,,,,,,,,,,,,,,,,,,,,,,,,,,,,,,,,
인제대학교상계백병원,02-950-1119,A1100016,Y,Y,,,0,,1,0,2,,,Y,Y,Y,Y,Y,Y,Y,0,Y,93,Y,20260526115914,Y,Y,5,8,N1,16,,1,2,,19,18,15,,13,2,3,2,3,36,10,25,10,3,1,,390,,,Y,Y,A1100016,1,1,3,,,4,5,,1,2,,서울특별시,노원구,1,4,,,,,,,,,,,,,,,,,,,,,,,,,,,,,,,,,,,,,,,,,,,,,,
노원을지대학교병원,02-970-8282,A1100048,Y,Y,,,0,,1,7,4,,,Y,Y,Y,Y,Y,Y,Y,10,Y,233,N1,20260526115602,Y,Y,3,6,N1,17,,1,4,,16,16,10,,11,3,2,2,2,26,8,19,3,1,,,479,,,Y,Y,A1100048,2,2,4,,,2,21,,1,1,,서울특별시,노원구,,,,,,,,0,0,,,,,,,,0,0,,,,,,,,,,,,,,,,,,,,,,,,,,,,,,
한국원자력의학원원자력병원,02-970-2620,A1100027,,Y,,,,,1,,0,,,Y,Y,Y,Y,Y,Y,Y,5,N1,244,N1,20260526115911,Y,Y,,6,N1,9,,1,1,,,,,,10,1,4,2,1,16,,2,1,,,,444,,,Y,N1,A1100027,3,1,,7,10,1,,,1,1,,서울특별시,노원구,1,1,,,,,,,,,,,,,,,,,,,,,,,,,,,,,,,,,,,,,,,,,,,,,,
의료법인한전의료재단한일병원,02-901-3119,A1100020,N,N,,,,2,2,,2,,,,Y,Y,Y,Y,Y,Y,3,N1,74,Y,20260526120005,N,Y,,7,Y,21,2,2,2,,,,,,8,,2,1,1,25,1,4,2,,4,2,392,,,Y,N,A1100020,1,0,,2,23,1,,,3,5,,서울특별시,도봉구,,,,,,,,,,,,,,,,,,,Y,2,,,,,,,,,,,,,,,,,,,,,,,,,,,,
경희대학교병원,02-958-8114,A1100001,Y,Y,,,,3,2,,3,,0,Y,Y,Y,Y,Y,Y,Y,3,Y,188,Y,20260526115932,Y,Y,0,8,N1,15,3,2,3,,,,14,4,16,3,3,3,5,48,6,12,8,3,2,,653,,,Y,Y,A1100001,1,,4,17,73,,20,,8,9,,서울특별시,동대문구,,,,,,,6,,,,15,,,,,,,,,,,,,,,,,,,,,,,,,,,,,,,,,,,,,
삼육서울병원,02-2210-3566,A1100021,,N,,,,,1,,1,,,Y,Y,Y,Y,Y,Y,Y,13,Y,84,Y,20260526115551,N,Y,4,4,Y,13,,1,2,,,,4,,5,2,1,1,2,20,,4,5,2,1,1,392,,,Y,N1,A1100021,2,1,,2,17,1,,,4,4,,서울특별시,동대문구,2,4,,,,,,,,,,,,,,,,,,,,,,,,,,,,,,,,,,,,,,,,,,,,,,
서울특별시동부병원,02-920-9119,A1100022,,Y,,,,,1,,1,,,Y,Y,,Y,N1,Y,Y,8,N1,38,N1,20260526120020,Y,Y,,2,N1,8,,1,1,,,,,,3,1,1,1,,7,,1,1,,,,192,,,Y,N1,A1100022,3,0,,0,8,1,,,,,,서울특별시,동대문구,,,,,,,,,,,,,,,,,,,,,,,,,,,,,,,,,,,,,,,,,,,,,,,,
서울성심병원,02-966-1616,A1100050,,,,,,,1,,1,,,,Y,,Y,N1,N1,Y,12,N1,83,N1,20260526115803,N1,Y,,5,N1,17,,1,2,,,,,,6,,1,1,,11,,,,,,,208,,,Y,N1,A1100050,4,,,8,10,,,,,,,서울특별시,동대문구,,,,,,,,,,,,,,,,,,,,,,,,,,,,,,,,,,,,,,,,,,,,,,,,
서울특별시보라매병원,02-870-2119,A1100040,Y,Y,,,2,2,1,7,1,,,Y,Y,Y,Y,Y,Y,Y,16,Y,239,Y,20260526120000,Y,Y,6,1,N1,31,3,2,1,,15,16,14,,14,4,6,3,5,48,14,13,5,9,2,,695,,,Y,Y,A1100040,1,2,-1,,,4,14,,2,3,,서울특별시,동작구,,,,,,,,,,,,,,,,,,,,,,,,,,,,0,,4,,,,,,,,,,,,,,,,,,
중앙대학교병원,02-6299-1338,A1100003,Y,Y,,,2,4,1,2,2,,,Y,Y,Y,Y,Y,Y,Y,8,Y,143,Y,20260526120010,Y,Y,7,6,N1,18,4,1,2,,22,17,25,,16,2,4,3,4,41,7,15,9,4,11,,631,,,Y,Y,A1100003,2,0,8,1,12,2,26,,1,2,,서울특별시,동작구,,,,4,,,,,,,,,,,,4,,,,,0,0,,,0,0,,,,,,,,,,,,,,,,,,,,,,
연세대학교의과대학세브란스병원,02-2227-7777,A1100007,Y,Y,,,1,1,1,13,3,,,Y,Y,Y,Y,Y,Y,Y,-5,Y,194,Y,20260526115855,Y,Y,10,11,N1,39,8,1,3,,29,32,52,,38,8,17,16,17,185,41,61,22,14,8,,1883,,,Y,Y,A1100007,1,4,8,14,18,8,29,,2,30,,서울특별시,서대문구,,,,,,,1,,,,29,,,,,,,,Y,1,,,1,10,,,6,8,22,23,1,,,,,1,,,,,0,16,1,2,3,2,6,1
의료법인동신의료재단동신병원,02-396-9161,A1100025,N,N,,,,,,,1,,,N,Y,N,Y,N,Y,Y,9,N,50,N,20260526115805,N,Y,,3,N,9,,,1,,,,,,3,0,1,1,0,7,0,0,1,0,0,0,196,,,Y,N,A1100025,2,,,1,9,,,,,,,서울특별시,서대문구,,,,,,,,,,,,,,,,,,,N,0,,,,,,,,,,,,,,,,,,,,,,,,,,,,
학교법인가톨릭학원가톨릭대학교서울성모병원,02-2258-2370,A1100012,Y,Y,,,5,5,,18,,,,Y,Y,Y,Y,Y,Y,Y,-13,Y,292,Y,20260526120016,Y,Y,7,12,N1,28,7,,,,22,22,50,,32,2,9,10,8,80,40,39,11,9,4,,1059,,,Y,Y,A1100012,1,10,12,1,5,18,35,,4,10,,서울특별시,서초구,,,,,,,6,,,,19,,,,,,,,,,1,2,,,1,5,2,6,3,10,0,,,,,1,,,,,7,8,1,1,2,2,6,1
기쁨병원,02-570-1212,A1122033,,,,,,,,,1,,,,Y,Y,Y,Y,N1,Y,2,N1,60,N1,20260526115939,N1,Y,,8,N1,4,,,1,,,,,,8,,2,2,1,1,,,,,,,110,,,Y,N1,A1122033,2,,,,,,,,,,,서울특별시,서초구,,,,,,,,,,,,,,,,,,,,,,,,,,,,,,,,,,,,,,,,,,,,,,,,
한양대학교병원,02-2290-8284,A1100013,Y,Y,2,0,3,0,,3,,7,12,Y,Y,Y,Y,Y,Y,Y,12,Y,219,Y,20260526115801,Y,Y,4,10,Y,20,3,,,22,12,13,25,30,16,1,3,2,3,69,10,20,11,4,3,1,670,2,5,Y,Y,A1100013,1,2,1,0,0,2,16,,1,2,,서울특별시,성동구,,,,,,,,,,,,,,,,,,,,,4,1,,,4,8,,,,,,,,,,,,,,,,,,,,,,
학교법인고려중앙학원고려대학교의과대학부속병원(안암병원),02-920-5374,A1100008,Y,Y,0,,0,4,,5,,0,13,Y,Y,Y,Y,Y,Y,Y,2,Y,67,Y,20260526115619,Y,Y,0,6,N1,30,4,,,14,16,19,17,30,25,4,7,6,8,84,14,20,11,8,7,,777,6,,Y,Y,A1100008,1,0,1,,,6,10,,0,3,,서울특별시,성북구,,,,,,,,,,,,,,,,,,,,,0,1,,,2,7,,0,,9,,,,,,,,,,,,,,,,,,
재단법인아산사회복지재단서울아산병원,02-3010-3333,A1100009,Y,Y,1,0,3,3,1,13,7,1,,Y,Y,Y,Y,Y,Y,Y,-6,Y,411,Y,20260526115815,Y,Y,10,4,Y,36,11,1,22,2,24,36,61,,74,8,21,15,17,190,33,49,30,14,5,1,2118,1,6,Y,Y,A1100009,1,9,1,4,9,45,20,,7,8,,서울특별시,송파구,,,,,,,2,,,,12,,,,,,,,,,,,7,13,,,0,0,26,12,1,,,,,1,,,,,1,12,1,2,3,2,6,2
경찰병원,02-3400-1300,A1100039,,,,,,,1,,,,,,Y,,Y,N1,Y,Y,2,N1,133,N1,20260526120003,N1,Y,,6,N1,3,,1,,,,,,,7,,2,3,,10,,,2,,,,187,,,Y,N1,A1100039,2,2,,14,14,2,,,2,2,,서울특별시,송파구,1,1,,,,,,,,,,,,,,,,,,,,,,,,,,,,,,,,,,,,,,,,,,,,,,
이화여자대학교의과대학부속목동병원,02-2650-5911,A1100005,Y,Y,1,1,0,8,2,4,3,9,11,Y,Y,Y,Y,Y,Y,Y,8,Y,38,Y,20260526115945,Y,Y,10,1,N1,19,8,2,4,19,10,13,28,32,13,2,4,4,4,58,10,34,9,3,5,,526,1,1,Y,Y,A1100005,1,0,4,,,4,10,,1,9,,서울특별시,양천구,,,,,,,8,,,,14,,,,,,,,,,,,,,,,,,,,,,,,,,,,,,,,,,,,,
홍익병원,02-2600-0777,A1100019,,,,,,,,,1,,,,Y,Y,Y,Y,N,Y,7,N1,62,N1,20260526120010,N1,Y,,1,N1,9,,,1,,,,,,4,,4,2,2,7,,,1,,,,251,,,Y,N1,A1100019,2,0,,6,14,1,,,1,1,,서울특별시,양천구,,,,,,,,,,,,,,,,,,,,,,,,,,,,,,,,,,,,,,,,,,,,,,,,
서울특별시서남병원,02-6300-9129,A1100223,,,,,,,1,,0,,,,Y,,Y,N1,Y,Y,1,Y,40,N1,20260526120001,N1,Y,,2,N1,6,,1,1,,,,,,4,,1,1,,16,,,1,1,,,275,,,Y,N1,A1100223,3,1,,4,17,1,,0,4,4,0,서울특별시,양천구,,,,,,,,,,,,,,,,,,,,,,,,,,,,,,,,,,,,,,,,,,,,,,,,
가톨릭대학교여의도성모병원,02-3779-1199,A1100011,,,,,3,,1,3,3,,,Y,Y,Y,Y,Y,Y,Y,9,Y,69,Y,20260526120015,N1,Y,,10,N1,15,,1,4,,11,9,,,13,2,2,2,2,23,,,5,2,2,,330,,,Y,N1,A1100011,1,0,,,,1,,,1,1,,서울특별시,영등포구,,,,,,,6,,,,9,,,,,,,,,,,,,,,,,,,,,,,,,,,,,,,,,,,,,
한림대학교강남성심병원,02-829-5119,A1100055,Y,Y,,,0,2,1,5,2,,,Y,Y,Y,Y,Y,Y,Y,13,Y,169,Y,20260526115753,Y,Y,3,8,N1,22,2,1,2,,21,25,12,,14,3,3,3,2,50,21,22,13,3,2,,496,,,Y,Y,A1100055,2,3,,,,7,,,,,,서울특별시,영등포구,,,,,,,,,,,,,,,,,,,,,,,,,,,,,,,,,,,,,,,,,,,,,,,,
성애의료재단성애병원,02-840-7115,A1100054,Y,Y,,,,,1,,4,,,Y,Y,Y,Y,Y,Y,Y,7,N1,50,N1,20260526115917,Y,Y,2,3,N1,15,,1,4,,,,4,,5,2,2,2,1,8,5,14,2,,,,252,,,Y,Y,A1100054,3,0,,3,19,1,,,,,,서울특별시,영등포구,,,,,,,,,,,,,,,,,,,,,,,,,,,,,,,,,,,,,,,,,,,,,,,,
명지성모병원,02-829-7800,A1100024,,,,,,,1,,1,,,,Y,Y,Y,Y,N1,Y,8,N1,63,N1,20260526120027,N1,Y,,3,N1,8,,1,1,,,,,,3,,1,3,2,7,,,,,,,212,,,Y,N1,A1100024,4,1,,9,12,1,,,,,,서울특별시,영등포구,,,,,,,,,,,,,,,,,,,,,,,,,,,,,,,,,,,,,,,,,,,,,,,,
대림성모병원,02-829-9129,A1100037,,,,,,,,,2,,,,Y,,Y,N1,N1,Y,7,N1,49,N1,20260526115550,N1,Y,,1,N1,8,,,2,,,,,,4,,1,1,,1,,,,,,,131,,,Y,N1,A1100037,5,,,,,,,,,,,서울특별시,영등포구,,,,,,,,,,,,,,,,,,,,,,,,,,,,,,,,,,,,,,,,,,,,,,,,
씨엠병원,070-4698-7811,A1100045,,,,,,,,,,,,,,,Y,N1,N1,N1,9,N1,52,N1,20260526114500,N1,N1,,4,N1,10,,,,,,,,,5,,,,,,,,,,,,133,,,N1,N1,A1100045,6,,,,,,,,,,,서울특별시,영등포구,,,,,,,,,,,,,,,,,,,,,,,,,,,,,,,,,,,,,,,,,,,,,,,,
순천향대학교부속서울병원,02-709-9117,A1100004,Y,Y,,,,4,1,,2,,,Y,Y,Y,Y,Y,Y,Y,12,Y,150,Y,20260526115723,Y,Y,1,2,N1,20,4,1,2,,,,13,,13,3,3,3,4,51,8,15,14,5,3,,600,,,Y,Y,A1100004,1,3,3,9,45,10,21,,2,4,,서울특별시,용산구,0,0,,0,,,,,,,,,,,,0,,,,,,,,,,,,,,,,,,,0,,,,,0,,,,,,,,
가톨릭대학교은평성모병원,02-1811-7755,A1121013,Y,Y,,,4,7,2,2,1,,,Y,Y,Y,Y,Y,Y,Y,4,Y,242,Y,20260526120017,Y,Y,10,9,N1,24,8,2,2,,16,9,19,,19,1,4,3,5,46,19,22,10,5,20,,651,,,Y,Y,A1121013,1,1,,,,4,,,1,5,,서울특별시,은평구,,,,,,,2,,,,13,,,,,,,,,,,,,,,,,0,,12,,,,,,,,,,,,,,,,,,
의료법인청구성심병원,02-383-0129,A1100023,,,,,,,,,1,,,,Y,,Y,N1,N1,Y,7,N1,35,N1,20260526115659,N1,Y,,2,N1,10,,,1,,,,,,3,,1,1,,4,,,,,,,196,,,Y,N1,A1100023,2,,,1,6,,,,,,,서울특별시,은평구,,,,,,,,,,,,,,,,,,,,,,,,,,,,,,,,,,,,,,,,,,,,,,,,
서울대학교병원,02-2072-2475,A1100017,Y,Y,0,0,2,5,1,8,4,14,19,Y,Y,Y,Y,Y,Y,Y,-12,Y,107,Y,20260526120009,Y,Y,9,17,N1,24,10,2,4,17,10,18,40,30,53,4,13,13,14,160,19,46,22,9,3,,1365,2,1,Y,Y,A1100017,1,13,4,,,28,41,,5,7,,서울특별시,종로구,,,,2,,,4,,,,5,,,,,8,,,Y,1,,,7,10,,,7,3,22,8,1,,,0,0,1,,,0,0,1,10,1,0,6,2,6,1
강북삼성병원,02-2001-1000,A1100006,Y,Y,,,,2,1,2,2,,,Y,Y,Y,Y,Y,Y,Y,-4,Y,76,Y,20260526120025,Y,Y,1,5,N1,15,2,1,2,,,4,7,,16,1,3,3,5,47,9,11,5,5,2,,528,,,Y,Y,A1100006,2,4,6,4,24,5,18,,2,3,,서울특별시,종로구,,,,,,,2,,,,12,,,,,,,,,,,,,,,,,,,,,,,,,,,,,,3,8,,,,,,
서울적십자병원,02-2002-8888,A1100029,,,,,,,1,,,,,,Y,,Y,N1,Y,Y,6,N1,98,N1,20260526115900,N1,Y,,6,N1,10,,1,,,,,,,6,,1,1,,11,,,2,,,,260,,,Y,N1,A1100029,3,,,4,12,,,,,,,서울특별시,종로구,,,,,,,,,,,,,,,,,,,,,,,,,,,,,,,,,,,,,,,,,,,,,,,,
세란병원,02-737-0181,A1100032,,,,,,,,,1,,,,Y,,Y,N1,N1,Y,9,N1,60,N1,20260526115946,N1,Y,,10,N1,10,,,1,,,,,,13,,3,5,,3,,,,,,,205,,,Y,N1,A1100032,4,,,,,,,,,,,서울특별시,종로구,,,,,,,,,,,,,,,,,,,,,,,,,,,,,,,,,,,,,,,,,,,,,,,,
국립중앙의료원,02-2276-2114,A1100052,N,Y,,,,3,2,0,3,1,0,Y,Y,Y,Y,Y,Y,Y,11,Y,0,Y,20260526115804,Y,Y,,7,N1,15,3,2,3,6,,0,,0,7,1,1,1,1,37,2,5,3,3,1,,256,,,Y,N,A1100052,1,2,,9,13,2,,0,10,12,0,서울특별시,중구,0,0,,0,0,2,,0,6,0,,20,50,2,,0,2,6,,,,,,,,,,,,,,,,0,,,,,0,,,,,,,,,
서울특별시서울의료원,02-2276-7000,A1100035,Y,Y,2,0,1,2,2,,2,8,12,Y,Y,Y,Y,Y,Y,Y,3,Y,108,Y,20260526120001,Y,Y,0,6,Y,19,3,2,3,14,7,,3,30,10,4,4,3,3,65,5,12,7,2,4,2,461,2,4,Y,Y,A1100035,1,,15,0,5,,30,,5,5,,서울특별시,중랑구,,,,,,,1,,,,6,,,,,,,,Y,1,,,,,,,,,,,,,,,,,,,,,,,,,,,,
의료법인풍산의료재단동부제일병원,02-490-8880,A1100075,,,,,,,,,1,,,,Y,,Y,N1,N1,Y,7,N1,67,N1,20260526115547,N1,Y,,1,N1,7,,,1,,,,,,2,,1,1,,3,,,,,,,124,,,Y,N1,A1100075,2,,,,,,,,,,,서울특별시,중랑구,,,,,,,,,,,,,,,,,,,,,,,,,,,,,,,,,,,,,,,,,,,,,,,,
녹색병원,02-490-2113,A1100044,,,,,,,1,,4,,,Y,Y,,Y,N1,Y,Y,0,N1,108,N1,20260526120002,N1,Y,,2,N1,5,,1,4,,,,,,3,1,2,1,,22,,,1,,,,293,,,Y,N1,A1100044,3,2,,7,17,3,,,0,3,,서울특별시,중랑구,,,,,,,,,,,,,,,,,,,,,,,,,,,,,,,,,,,,,,,,,,,,,,,,
세종충남대학교병원,044-995-3010,A1800441,Y,Y,,,,3,1,,2,,,Y,Y,Y,Y,Y,Y,Y,1,Y,92,Y,20260526115900,Y,Y,-5,5,N1,17,6,1,2,,,,15,,8,3,2,2,3,29,7,15,5,3,2,,272,,,Y,Y,A1800441,1,2,,9,11,2,,,2,4,,세종특별자치시,보듬7로,,,,,,,,,,,,,,,,,,,,,,,,,,,,,,,0,,,,,1,,,,,,,1,2,5,2,6,1
의료법인 영제 의료재단 엔케이세종병원,044-850-7705,A1800417,,,,,,,,,1,,,,Y,,Y,N1,N1,Y,7,N1,124,N1,20260526115919,N1,Y,,1,N1,10,,,1,,,,,,3,,1,1,,1,,,,,,,200,,,Y,N1,A1800417,1,,,,,,,,,,,세종특별자치시,한누리대로,,,,,,,,,,,,,,,,,,,,,,,,,,,,,,,,,,,,,,,,,,,,,,,,
의료법인정안의료재단중앙병원,052-226-1119,A1700028,,,,,,,1,,2,,,,Y,Y,Y,Y,Y,Y,14,N1,78,N1,20260526120016,N1,Y,,7,N1,17,,1,2,,,,,,8,,2,2,2,7,,,2,,,,339,,,Y,N1,A1700028,1,0,,1,20,2,,,1,1,,울산광역시,남구,,,,,,,,,,,,,,,,,,,,,,,,,,,,,,,,,,,,,,,,,,,,,,,,
울산병원,052-259-5119,A1700003,,,,,,,1,,2,,,,Y,Y,Y,Y,Y,Y,13,Y,61,Y,20260526120002,N1,Y,,3,Y,19,,1,2,,,,,,4,,2,2,3,11,,,4,1,2,2,346,,,Y,N1,A1700003,2,0,,10,19,1,,,,,,울산광역시,남구,,,,,,,,,,,,,,,,,,,,,,,,,,,,,,,,,,,,,,,,,,,,,,,,
의료법인은성의료재단좋은삼정병원,052-220-7600,A1700011,,,,,,,,,1,,,,Y,Y,Y,Y,Y,Y,4,N1,49,N1,20260526115812,N1,Y,,4,N1,9,,,1,,,,,,8,,2,2,1,5,,,1,,,,283,,,Y,N1,A1700011,3,1,,1,14,1,,,0,1,,울산광역시,남구,,,,,,,,,,,,,,,,,,,,,,,,,,,,,,,,,,,,,,,,,,,,,,,,
학교법인울산공업학원울산대학교병원,052-250-7000,A1700004,Y,Y,,0,5,8,0,10,0,2,14,Y,Y,Y,Y,Y,Y,Y,-9,Y,159,Y,20260526120029,Y,Y,3,9,N1,21,8,0,0,12,13,16,26,36,20,5,7,5,6,83,14,27,17,8,4,,725,,8,Y,Y,A1700004,1,5,2,2,8,8,20,,0,0,,울산광역시,동구,,,,5,8,2,,2,1,18,,20,42,2,,5,2,6,,,1,3,,,3,3,,0,,6,,,,,4,,,,,4,2,2,,,,,,
의료법인송은의료재단울산시티병원,052-280-9119,A1700025,,,,,,,1,,2,,,,Y,Y,Y,Y,Y,Y,14,N1,24,N1,20260526120007,N1,Y,,1,N1,17,,1,2,,,,,,8,,2,2,2,17,,,4,,,,350,,,Y,N1,A1700025,1,1,,10,26,3,,,,,,울산광역시,북구,,,,,,,,,,,,,,,,,,,,,,,,,,,,,,,,,,,,,,,,,,,,,,,,
서울산보람병원,052-255-7119,A1700001,,,,,,,,,1,,,,Y,,Y,N1,N1,Y,5,N1,87,N1,20260526115957,N1,Y,,2,N1,10,,,1,,,,,,3,,1,1,,1,,,,,,,213,,,Y,N1,A1700001,1,,,,,,,,,,,울산광역시,울주군,,,,,,,,,,,,,,,,,,,,,,,,,,,,,,,,,,,,,,,,,,,,,,,,
의료법인동강의료재단동강병원,052-241-1190,A1700002,,,,,1,,1,0,2,,,,Y,Y,Y,Y,Y,Y,18,Y,132,N1,20260526115842,N1,Y,,4,N1,24,,1,2,,14,9,,,8,,3,2,3,25,,,7,3,,,513,,,Y,N1,A1700002,1,0,,,,1,,,1,2,,울산광역시,중구,,,,,,,,,,,,,,,,,,,Y,1,,,,,,,,2,,13,,,,,,,,,,,,,,,,,,
비에스종합병원,032-290-0119,A1403617,,Y,,,,,1,,,,,Y,Y,Y,Y,Y,Y,Y,9,N1,89,N1,20260526115941,Y,N1,0,2,N1,10,,1,,,,,1,,2,1,1,,1,6,,1,1,,,,180,,,Y,N1,A1403617,1,0,,4,18,1,,,,,,인천광역시,강화군,,,,,,,,,,,,,,,,,,,,,,,,,,,,,,,,,,,,,,,,,,,,,,,,
인천세종병원,032-240-8119,A1403372,,,,,,,3,,,,,,Y,Y,Y,Y,Y,Y,3,Y,34,Y,20260526120011,N1,Y,,4,N1,18,,3,,,,,,,7,,2,2,3,13,,,4,5,1,,277,,,Y,N1,A1403372,1,2,,3,22,2,,,2,6,,인천광역시,계양구,,,,,,,,,,,,,,,,,,,,,,,,,,,,,,,,,,,,,,,,,,,,,,,,
의료법인인성의료재단한림병원,032-540-9119,A1400014,,,,,,,2,,2,,,Y,Y,Y,Y,Y,Y,Y,11,Y,51,N1,20260526115524,N1,Y,,3,N1,17,,2,2,,,,,,6,1,3,2,2,20,,,3,3,,,391,,,Y,N1,A1400014,2,2,,3,21,2,,,1,2,,인천광역시,계양구,,,,,,,,,,,,,,,,,,,,,,,,,,,,,,,,,,,,,,,,,,,,,,,,
의료법인 길의료재단 길병원,032-460-3012,A1400001,Y,Y,,1,11,9,,2,,5,21,Y,Y,Y,Y,Y,Y,Y,-2,Y,387,Y,20260526120035,Y,Y,3,9,Y,23,9,,,18,38,11,30,30,28,3,6,6,7,101,13,30,15,9,5,1,995,,2,Y,Y,A1400001,1,7,8,,,11,18,,13,13,,인천광역시,남동구,,,,2,9,0,3,1,6,5,14,20,47,2,,3,2,6,,,2,0,,,2,3,,1,,6,1,,,,,1,,,,,1,4,1,2,5,2,6,1
인천힘찬종합병원,032-459-3168,A1403871,,,,,,,1,,2,,,,Y,,Y,N1,N1,Y,13,N1,65,N1,20260526115616,N1,Y,,5,N1,17,,1,2,,,,,,7,,2,2,,1,,,,,,,235,,,Y,N1,A1403871,2,0,,4,9,1,,,,,,인천광역시,남동구,,,,,,,,,,,,,,,,,,,,,,,,,,,,,,,,,,,,,,,,,,,,,,,,
의료법인 길의료재단 길병원,032-460-3012,A1400001,Y,Y,,1,11,9,,2,,5,21,Y,Y,Y,Y,Y,Y,Y,-2,Y,387,Y,20260526120035,Y,Y,3,9,Y,23,9,,,18,38,11,30,30,28,3,6,6,7,101,13,30,15,9,5,1,995,,2,Y,Y,A1400001,1,7,8,,,11,18,,13,13,,인천광역시,동구,,,,2,9,0,3,1,6,5,14,20,47,2,,3,2,6,,,2,0,,,2,3,,1,,6,1,,,,,1,,,,,1,4,1,2,5,2,6,1
인천힘찬종합병원,032-459-3168,A1403871,,,,,,,1,,2,,,,Y,,Y,N1,N1,Y,13,N1,65,N1,20260526115616,N1,Y,,5,N1,17,,1,2,,,,,,7,,2,2,,1,,,,,,,235,,,Y,N1,A1403871,2,0,,4,9,1,,,,,,인천광역시,동구,,,,,,,,,,,,,,,,,,,,,,,,,,,,,,,,,,,,,,,,,,,,,,,,
인천광역시의료원,032-580-6119,A1400017,,,,,,,2,,,,,,Y,,Y,N1,N1,Y,13,N1,36,N1,20260526115502,N1,Y,,6,N1,15,,2,,,,,,,6,,1,1,,19,,,,,,,198,,,Y,N1,A1400017,3,0,25,6,13,0,45,,7,7,,인천광역시,동구,,,,,,,,,,,,,,,,,,,,,,,,,,,,,,,,,,,,,,,,,,,,,,,,
의료법인 성수의료재단 인천백병원,032-280-8119,A1400007,,,,,,,,,1,,,,Y,,Y,N1,Y,Y,3,N1,26,N1,20260526115817,N1,Y,,4,N1,5,,,1,,,,,,4,,2,2,,6,,,1,,,,189,,,Y,N1,A1400007,4,,,4,12,,,,,,,인천광역시,동구,,,,,,,,,,,,,,,,,,,,,,,,,,,,,,,,,,,,,,,,,,,,,,,,
인천사랑병원,032-457-2119,A1400016,,Y,,,,,1,,2,,,Y,Y,Y,Y,Y,Y,Y,9,N1,27,Y,20260526115953,Y,Y,,4,N1,14,,1,2,,,,,,7,1,2,1,1,12,,1,2,,1,,281,,,Y,N1,A1400016,1,1,,9,17,1,,,1,1,,인천광역시,미추홀구,4,4,,,,,,,,,,,,,,,,,,,,,,,,,,,,,,,,,,,,,,,,,,,,,,
현대유비스병원,032-890-5582,A1400004,,,,,,,1,,,,,,Y,Y,Y,Y,Y,Y,15,N1,44,N1,20260526115915,N1,Y,,6,N1,18,,1,,,,,,,6,,2,2,1,8,,,2,,,,285,,,Y,N1,A1400004,2,1,,0,13,1,,,,,,인천광역시,미추홀구,,,,,,,,,,,,,,,,,,,,,,,,,,,,,,,,,,,,,,,,,,,,,,,,
가톨릭대학교 인천성모병원,032-280-6107,A1400012,Y,Y,,,2,,0,1,4,9,,Y,Y,Y,Y,Y,Y,Y,-11,Y,95,Y,20260526120015,Y,Y,3,6,N1,12,,0,6,12,15,18,13,,17,1,4,4,5,46,5,13,11,2,2,,579,,,Y,Y,A1400012,1,1,,,,10,,,4,9,,인천광역시,부평구,3,7,,,,,1,,,,15,,,,,,,,,,3,0,,,3,3,,,,,,,,,,,,,,,,,,,,,,
안은의료재단 부평세림병원,032-509-5777,A1400013,,,,,,,1,,3,,,,Y,Y,Y,Y,Y,Y,13,Y,73,N1,20260526115942,N1,Y,,0,N1,16,,1,3,,,,,,4,,3,2,1,9,,,1,1,,,237,,,Y,N1,A1400013,2,0,,7,13,2,,,0,2,,인천광역시,부평구,,,,,,,,,,,,,,,,,,,,,,,,,,,,,,,,,,,,,,,,,,,,,,,,
가톨릭관동대학교국제성모병원,032-290-3065,A1400015,Y,Y,,,4,1,0,,0,,,Y,Y,Y,Y,Y,Y,Y,4,Y,114,Y,20260526115914,Y,Y,,2,N1,23,3,0,0,,40,,,,11,2,3,2,3,34,2,11,6,2,1,,623,,,Y,Y,A1400015,1,,1,,,,11,,3,3,,인천광역시,서구,,,,,,,-3,,,,13,,,,,,,,,,5,0,,,5,0,,,,,,,,,18,,,,,21,,,,,,,,
의료법인 루가의료재단 나은병원,032-584-4119,A1400003,,Y,,,2,,1,5,2,,,Y,Y,Y,Y,Y,Y,Y,8,Y,104,Y,20260526115719,Y,Y,,9,N1,11,,1,2,,14,13,,,10,1,2,2,3,17,,1,3,1,1,,367,,,Y,N1,A1400003,2,3,,,,3,,,8,9,,인천광역시,서구,7,7,,,,,,,,,,,,,,,,,,,,,,,,,,,,,,,,,,,,,,,,,,,,,,
검단탑병원,032-590-0077,A1400010,,,,,,,1,,2,,,,Y,Y,Y,Y,Y,Y,11,N1,44,N1,20260526115732,N1,Y,,6,N1,18,,1,2,,,,,,6,,2,2,1,11,,,1,,,,279,,,Y,N1,A1400010,3,0,,5,15,3,,,0,2,,인천광역시,서구,,,,,,,,,,,,,,,,,,,,,,,,,,,,,,,,,,,,,,,,,,,,,,,,
온누리병원,032-568-9112,A1400005,,,,,,,1,,1,,,,Y,,Y,N1,N1,Y,8,N1,32,N1,20260526115822,N1,Y,,2,N1,9,,1,1,,,,,,3,,1,1,,5,,,,,,,190,,,Y,N1,A1400005,4,,,,,,,,,,,인천광역시,서구,,,,,,,,,,,,,,,,,,,,,,,,,,,,,,,,,,,,,,,,,,,,,,,,
(의)성세의료재단 뉴성민병원,032-726-1190,A1400008,,,,,,,,,1,,,,Y,,Y,N1,Y,Y,8,N1,134,N1,20260526115800,N1,Y,,4,N1,9,,,1,,,,,,6,,2,1,,1,,,2,,,,284,,,Y,N1,A1400008,5,2,,11,17,2,,,,,,인천광역시,서구,,,,0,,,,,,,,,,,,0,,,,,,,,,,,,,,,,,,,,,,,,,,,,,,,,
의료법인 나사렛의료재단 나사렛국제병원,032-899-9699,A1400011,,,,,,,1,,2,,,,Y,Y,Y,Y,Y,Y,12,N1,33,N1,20260526115549,N1,Y,,2,N1,17,,1,2,,,,,,5,,2,2,2,8,,,2,,,,282,,,Y,N1,A1400011,1,1,,-1,16,1,,,,,,인천광역시,연수구,,,,,,,,,,,,,,,,,,,,,,,,,,,,,,,,,,,,,,,,,,,,,,,,
인천적십자병원,032-899-4119,A1400018,,,,,,,1,,1,,,,Y,,Y,N1,N1,Y,8,N1,76,N1,20260526115951,N1,Y,,3,N1,8,,1,1,,,,,,3,,1,1,,2,,,,,,,104,,,Y,N1,A1400018,2,,,1,8,,,,,,,인천광역시,연수구,,,,,,,,,,,,,,,,,,,,,,,,,,,,,,,,,,,,,,,,,,,,,,,,
인천광역시의료원백령병원,032-836-1732,A1400037,Y,Y,,,,,,,1,,,,Y,,Y,N1,N1,Y,4,N1,30,N1,20260526120001,Y,N1,,1,N1,5,,,1,,,,,,1,,1,,,1,1,2,,,,,30,,,Y,Y,A1400037,1,,,,,,,,,,,인천광역시,옹진군,,,,,,,,,,,,,,,,,,,,,,,,,,,,,,,,,,,,,,,,,,,,,,,,
인하대학교의과대학부속병원,032-890-2301,A1400002,Y,Y,,,0,7,2,1,4,2,5,Y,Y,Y,Y,Y,Y,Y,1,Y,187,Y,20260526115912,Y,Y,2,2,Y,20,7,2,5,20,25,13,26,30,16,4,6,3,5,109,17,27,13,9,7,2,681,,,Y,Y,A1400002,1,0,8,2,23,3,15,,2,7,,인천광역시,중구,,,,,,,,,,,,,,,,,,,Y,1,,,,,,,1,2,3,7,1,,,,,1,,,,,,,1,0,2,2,6,1
인천기독병원,032-270-8300,A1400009,,,,,,,,,1,,,,Y,,Y,N1,N1,Y,7,N1,33,N1,20260526115912,N1,Y,,4,N1,8,,,1,,,,,,4,,1,1,,1,,,,,,,139,,,Y,N1,A1400009,2,,,4,10,,,,,,,인천광역시,중구,,,,,,,,,1,,,,,,,,,1,,,,,,,,,,,,,,,,,,,,,,,,,,,,,,
전라남도강진의료원,061-430-1109,A2600050,,Y,,,,,,,2,,,Y,Y,,Y,N1,N1,Y,10,N1,124,N1,20260526115501,Y,Y,,3,N1,10,,,2,,,,,,3,1,1,1,,2,,2,,,,,171,,,Y,N1,A2600050,1,,,,,,,,,,,전라남도,강진군,,,,7,,,,,,,,,,,,7,,,,,,,,,,,,,,,,,,,,,,,,,,,,,,,,
의료법인영성의료재단고흥종합병원,061-830-3118,A2600018,Y,Y,,,,,,,,,,Y,Y,,Y,N1,N1,Y,8,N1,150,N1,20260526115827,Y,Y,,2,N1,10,,,,,,,,,2,1,1,1,,4,1,1,,,,,271,,,Y,Y,A2600018,1,,,0,12,,,,,,,전라남도,고흥군,,,,,,,,,,,,,,,,,,,,,,,,,,,,,,,,,,,,,,,,,,,,,,,,
의료법인장호의료재단녹동현대병원,061-840-1119,A2600068,,,,,,,,,2,,,,Y,,Y,N1,N1,Y,3,N1,40,N1,20260526114944,N1,Y,,2,N1,3,,,2,,,,,,2,,1,1,,3,,,,,,,118,,,Y,N1,A2600068,2,,,,,,,,,,,전라남도,고흥군,,,,,,,,,,,,,,,,,,,,,,,,,,,,,,,,,,,,,,,,,,,,,,,,
곡성사랑병원,061-360-6008,A2600029,,,,,,,,,1,,,,Y,,Y,N1,N1,Y,5,N1,11,N1,20260526120029,N1,N1,,1,N1,5,,,1,,,,,,1,,1,,,1,,,,,,,46,,,Y,N1,A2600029,1,,11,,,,45,,,,,전라남도,곡성군,,,,,,,,,,,,,,,,,,,,,,,,,,,,,,,,,,,,,,,,,,,,,,,,
광양사랑병원,061-797-7119,A2600006,,,,,,,,,1,,,,Y,,Y,N1,Y,Y,8,N1,50,N1,20260526115649,N1,Y,,0,N1,9,,,1,,,,,,2,,1,1,,5,,,1,,,,149,,,Y,N1,A2600006,1,,,5,10,,,,,,,전라남도,광양시,,,,,,,,,,,,,,,,,,,,,,,,,,,,,,,,,,,,,,,,,,,,,,,,
의료법인현경의료재단광양서울병원,061-798-9819,A2600024,,,,,,,,,1,,,,Y,,Y,N1,Y,Y,8,N1,69,N1,20260526120006,N1,Y,,3,N1,9,,,1,,,,,,3,,1,1,,3,,,1,,,,208,,,Y,N1,A2600024,2,,,,,,,,,,,전라남도,광양시,,,,,,,,,,,,,,,,,,,,,,,,,,,,,,,,,,,,,,,,,,,,,,,,
구례병원,061-780-3200,A2600061,,,,,,,,,0,,,,Y,,Y,N1,N1,Y,10,N1,35,N1,20260526115554,N1,N1,,1,N1,10,,,0,,,,,,1,,1,,,1,,,,,,,97,,,Y,N1,A2600061,1,,,,,,,,,,,전라남도,구례군,,,,,,,,,,,,,,,,,,,,,,,,,,,,,,,,,,,,,,,,,,,,,,,,
나주종합병원,061-330-6112,A2600016,,,,,,,,,,,,,Y,,Y,N1,N1,Y,6,N1,67,N1,20260526115721,N1,Y,,0,N1,10,,,,,,,,,3,,1,1,,2,,,,,,,178,,,Y,N1,A2600016,1,,,,,,,,,,,전라남도,나주시,,,,,,,,,,,,,,,,,,,,,,,,,,,,,,,,,,,,,,,,,,,,,,,,
빛가람종합병원,061-820-0909,A2602211,,,,,,,,,1,,,,Y,,Y,N1,N1,Y,4,N1,29,N1,20260526115831,N1,Y,,4,N1,9,,,1,,,,,,4,,1,1,,2,,,,,,,192,,,Y,N1,A2602211,2,,,,,,,,,,,전라남도,나주시,,,,,,,,,,,,,,,,,,,,,,,,,,,,,,,,,,,,,,,,,,,,,,,,
담양사랑병원,061-380-9119,A2600054,,,,,,,,,2,,,,Y,,Y,N1,N1,Y,6,N1,34,N1,20260526120013,N1,N1,,2,N1,6,,,2,,,,,,2,,1,,,1,,,,,,,86,,,Y,N1,A2600054,1,,,,,,,,,,,전라남도,담양군,,,,,,,,,,,,,,,,,,,,,,,,,,,,,,,,,,,,,,,,,,,,,,,,
목포한국병원,061-270-5666,A2600011,Y,Y,,0,,3,2,,3,2,5,Y,Y,Y,Y,Y,Y,Y,6,Y,78,Y,20260526115659,Y,Y,,5,Y,16,3,2,3,20,,,,42,6,1,4,2,3,47,1,1,14,2,3,1,418,,1,Y,Y,A2600011,1,0,,0,27,1,,,1,2,,전라남도,목포시,,,,,3,1,,2,4,0,,20,40,2,,,2,6,,,,,,,,,,,,,,,,,,,,,,,,,,,,,,
의료법인목포구암의료재단목포중앙병원,061-280-3119,A2600017,,,,,,,2,,2,,,,Y,Y,Y,Y,Y,Y,11,N1,90,Y,20260526120035,N1,Y,,4,N1,16,,2,2,,,,,,4,,2,1,2,10,,,1,,1,,275,,,Y,N1,A2600017,2,2,1,8,16,2,49,,,,,전라남도,목포시,,,,,,,,,,,,,,,,,,,,,,,,,,,,,,,,,,,,,,,,,,,,,,,,
의료법인해민의료재단 세안종합병원,061-260-6666,A2600007,,,,,,,,,2,,,,Y,,Y,N1,Y,Y,7,N1,65,N1,20260526115005,N1,Y,,2,N1,7,,,2,,,,,,2,,1,1,,7,,,1,,,,149,,,Y,N1,A2600007,3,1,30,1,17,2,208,,,,,전라남도,목포시,,,,,,,,,,,,,,,,,,,,,,,,,,,,,,,,,,,,,,,,,,,,,,,,
목포기독병원,061-280-7119,A2600020,,,,,,,,,1,,,,Y,,Y,N1,Y,Y,13,N1,66,N1,20260526115959,N1,Y,,3,N1,17,,,1,,,,,,4,,1,2,,9,,,1,,,,340,,,Y,N1,A2600020,4,1,,5,14,3,,,,,,전라남도,목포시,2,2,,,,,,,,,,,,,,,,,,,,,,,,,,,,,,,,,,,,,,,,,,,,,,
목포시의료원,061-260-6400,A2600022,,,,,,,,,1,,,,Y,,Y,N1,N1,Y,7,N1,57,N1,20260526120001,N1,Y,,1,N1,9,,,1,,,,,,3,,1,1,,1,,,,,,,254,,,Y,N1,A2600022,5,,8,,,,45,,,,,전라남도,목포시,,,,,,,,,,,,,,,,,,,,,,,,,,,,,,,,,,,,,,,,,,,,,,,,
대송의료재단무안병원,061-450-3119,A2600003,,,,,,,,,1,,,,Y,,Y,N1,Y,Y,4,N1,82,N1,20260526115950,N1,Y,,1,N1,4,,,1,,,,,,2,,1,1,,1,,,1,,,,171,,,Y,N1,A2600003,1,,14,4,13,,105,,,,,전라남도,무안군,,,,,,,,,,,,,,,,,,,,,,,,,,,,,,,,,,,,,,,,,,,,,,,,
보성아산병원,061-850-3119,A2600052,,,,,,,,,1,,,,Y,,Y,N1,N1,Y,6,N1,40,N1,20260526115504,N1,N1,,2,N1,8,,,1,,,,,,2,,1,,,2,,,,,,,100,,,Y,N1,A2600052,1,,,,,,,,,,,전라남도,보성군,,,,,,,,,,,,,,,,,,,,,,,,,,,,,,,,,,,,,,,,,,,,,,,,
의료법인삼호의료재단벌교삼호병원,061-859-5119,A2600066,,,,,,,,,1,,,,Y,,Y,N1,N1,Y,6,N1,34,N1,20260526115215,N1,N1,,1,N1,6,,,1,,,,,,1,,1,,,1,,,,,,,80,,,Y,N1,A2600066,2,,76,,,,261,,,,,전라남도,보성군,,,,,,,,,,,,,,,,,,,,,,,,,,,,,,,,,,,,,,,,,,,,,,,,
성가롤로병원,061-720-6119,A2600019,N,Y,,1,0,2,2,0,3,0,14,Y,Y,Y,Y,Y,Y,Y,-5,Y,130,Y,20260526115552,Y,Y,,4,Y,18,4,2,3,25,7,11,,30,9,1,4,4,4,27,1,3,8,1,2,3,481,,4,Y,N,A2600019,1,0,,,,1,,,9,31,,전라남도,순천시,,,,,,,,,,,,,,,,,,,,,,,,,,,,0,,8,,,,,,,,,,,,,,,,,,
순천제일병원,061-720-3800,A2600008,,,,,,,,,1,,,,Y,,Y,N1,N1,Y,8,N1,-1,N1,20260526115547,N1,Y,,2,N1,9,,,1,,,,,,2,,1,1,,1,,,,,,,200,,,Y,N1,A2600008,2,,,,,,,,,,,전라남도,순천시,,,,,,,,,,,,,,,,,,,,,,,,,,,,,,,,,,,,,,,,,,,,,,,,
전라남도순천의료원,061-759-9119,A2600056,,,,,,,1,,1,,,,Y,,Y,N1,N1,Y,4,N1,41,N1,20260526115502,N1,Y,,3,N1,6,,1,1,,,,,,3,,1,1,,13,,,,,,,164,,,Y,N1,A2600056,3,,15,2,7,,80,,12,15,,전라남도,순천시,,,,,,,,,,,,,,,,,,,,,,,,,,,,,,,,,,,,,,,,,,,,,,,,
의료법인한국의료재단한국병원,061-740-5119,A2600005,,,,,,,,,1,,,,Y,,Y,N1,N1,Y,10,N1,65,N1,20260526115935,N1,Y,,3,N1,11,,,1,,,,,,3,,1,1,,4,,,,,,,229,,,Y,N1,A2600005,4,,,2,9,,,,,,,전라남도,순천시,,,,,,,,,,,,,,,,,,,,,,,,,,,,,,,,,,,,,,,,,,,,,,,,
순천중앙병원,061-749-5119,A2600004,,,,,,,,,1,,,,Y,,Y,N1,N1,Y,4,N1,49,N1,20260526115916,N1,Y,,2,N1,5,,,1,,,,,,2,,1,1,,1,,,,,,,200,,,Y,N1,A2600004,5,,,,,,,,,,,전라남도,순천시,,,,,,,,,,,,,,,,,,,,,,,,,,,,,,,,,,,,,,,,,,,,,,,,
의료법인신안대우병원,061-262-3309,A2600051,,,,,,,,,1,,,,Y,,Y,N1,N1,Y,4,N1,28,N1,20260526115950,N1,N1,,,N1,4,,,1,,,,,,,,1,,,1,,,,,,,30,,,Y,N1,A2600051,1,,,,,,,,,,,전라남도,신안군,,,,,,,,,,,,,,,,,,,,,,,,,,,,,,,,,,,,,,,,,,,,,,,,
여천전남병원,061-690-6118,A2600014,,,,,,,1,,2,,,,Y,Y,Y,Y,Y,Y,15,N1,119,N1,20260526115539,N1,Y,,0,N1,17,,1,2,,,,,,5,,2,2,1,6,,,1,,,,299,,,Y,N1,A2600014,1,,,3,14,,,,,,,전라남도,여수시,,,,,,,,,,,,,,,,,,,,,,,,,,,,,,,,,,,,,,,,,,,,,,,,
의료법인한마음의료재단여수제일병원,061-689-8119,A2600027,,Y,,,,,,,1,,,Y,Y,,Y,N1,Y,Y,5,Y,77,N1,20260526120013,Y,Y,,5,N1,9,,,1,,,,,,6,1,2,2,,5,,3,2,1,,,365,,,Y,N1,A2600027,2,1,,11,13,1,,,,,,전라남도,여수시,,,,,,,,,,,,,,,,,,,,,,,,,,,,,,,,,,,,,,,,,,,,,,,,
여수전남병원,061-640-7118,A2600010,,,,,,,,,1,,,,Y,,Y,N1,Y,Y,8,N1,11,N1,20260526120009,N1,Y,,3,N1,10,,,1,,,,,,4,,2,1,,8,,,1,,,,272,,,Y,N1,A2600010,3,,,2,11,,,,,,,전라남도,여수시,,,,,,,,,,,,,,,,,,,,,,,,,,,,,,,,,,,,,,,,,,,,,,,,
의료법인 거명의료재단 영광기독병원,061-350-3080,A2600034,,,,,,,,,1,,,,Y,,Y,N1,N1,Y,9,N1,45,N1,20260526115928,N1,Y,,2,N1,10,,,1,,,,,,2,,1,1,,3,,,,,,,195,,,Y,N1,A2600034,1,,,1,11,,,,,,,전라남도,영광군,,,,,,,,,,,,,,,,,,,,,,,,,,,,,,,,,,,,,,,,,,,,,,,,
영광종합병원,061-350-8129,A2600015,,Y,,,,,,,1,,,Y,Y,,Y,N1,N1,Y,9,N1,30,N1,20260526115855,Y,Y,,2,N1,10,,,1,,,,,,3,1,1,1,,4,,1,,,,,259,,,Y,N1,A2600015,2,,,2,7,,,,,,,전라남도,영광군,2,2,,,,,,,,,,,,,,,,,,,,,,,,,,,,,,,,,,,,,,,,,,,,,,
영암한국병원,061-470-7118,A2600070,,,,,,,,,0,,,,Y,,Y,N1,N1,Y,8,N1,32,N1,20260526115554,N1,N1,,2,N1,8,,,1,,,,,,2,,1,,,1,,,,,,,126,,,Y,N1,A2600070,1,,36,,,,172,,,,,전라남도,영암군,,,,,,,,,,,,,,,,,,,,,,,,,,,,,,,,,,,,,,,,,,,,,,,,
완도대성병원,061-554-9500,A2600032,,,,,,,,,1,,,,Y,,Y,N1,N1,Y,5,N1,43,N1,20260526120008,N1,N1,,1,N1,5,,,1,,,,,,1,,1,,,1,,,,,,,98,,,Y,N1,A2600032,1,,,,,,,,,,,전라남도,완도군,,,,,,,,,,,,,,,,,,,,,,,,,,,,,,,,,,,,,,,,,,,,,,,,
의료법인행복나눔의료재단장성병원,061-390-9119,A2600035,,,,,,,,,1,,,,Y,,Y,N1,N1,Y,3,N1,42,N1,20260526120019,N1,N1,,,N1,4,,,1,,,,,,1,,1,,,,,,,,,,109,,,N1,N1,A2600035,1,,,,,,16,,,,,전라남도,장성군,,,,,,,,,,,,,,,,,,,,,,,,,,,,,,,,,,,,,,,,,,,,,,,,
의료법인우범의료재단장흥종합병원,061-860-1119,A2600021,,,,,,,,,1,,,,Y,,Y,N1,N1,Y,9,N1,15,N1,20260526115745,N1,Y,,2,N1,9,,,1,,,,,,2,,1,1,,1,,,,,,,182,,,Y,N1,A2600021,1,,,,,,,,,,,전라남도,장흥군,,,,,,,,,,,,,,,,,,,,,,,,,,,,,,,,,,,,,,,,,,,,,,,,
장흥우리병원,061-860-0119,A2600037,,,,,,,,,1,,,,Y,,Y,N1,N1,Y,4,N1,58,N1,20260526115245,N1,Y,,2,N1,4,,,1,,,,,,2,,1,1,,1,,,,,,,140,,,Y,N1,A2600037,2,,,3,5,,,,,,,전라남도,장흥군,,,,,,,,,,,,,,,,,,,,,,,,,,,,,,,,,,,,,,,,,,,,,,,,
진도한국병원,061-544-2310,A2600040,,,,,,,,,1,,,,,,Y,N1,N1,N1,4,N1,24,N1,20260526115922,N1,N1,,,N1,4,,,1,,,,,,,,,,,,,,,,,,40,,,N1,N1,A2600040,1,,,,,,,,,,,전라남도,진도군,,,,,,,,,,,,,,,,,,,,,,,,,,,,,,,,,,,,,,,,,,,,,,,,
해남우리종합병원,061-530-7119,A2600077,,,,,,,,,4,,,,Y,,Y,N1,N1,Y,14,N1,80,N1,20260526115850,N1,Y,,2,N1,15,,,4,,,,,,2,,2,1,,9,,,,,,,342,,,Y,N1,A2600077,1,2,60,5,23,2,60,6,,,24,전라남도,해남군,,,,,,,,,,,,,,,,,,,,,,,,,,,,,,,,,,,,,,,,,,,,,,,,
의료법인행촌의료재단해남종합병원,061-530-0119,A2600009,,,,,,,,,1,,,Y,Y,,Y,N1,N1,Y,8,N1,164,N1,20260526120004,N1,Y,,3,N1,10,,,1,,,,,,3,1,1,1,,1,,,,,,,351,,,Y,N1,A2600009,2,,,2,18,,,18,,,18,전라남도,해남군,,,,,,,,,,,,,,,,,,,,,,,,,,,,,,,,,,,,,,,,,,,,,,,,
화순전남대학교병원,061-379-8882,A2600001,,Y,,,2,1,,10,-1,,,,Y,Y,Y,Y,Y,Y,0,Y,164,N1,20260526120000,Y,Y,1,2,N1,16,1,,2,,10,12,1,,12,,5,4,2,31,,1,7,1,,,548,,,Y,N1,A2600001,1,0,,,,2,,,5,5,,전라남도,화순군,,,,,,,,,,,,,,,,,,,,,1,2,,,1,4,,,,,,,,,,,,,,,,,,,,,,
의료법인석천재단고창병원,063-560-5558,A2500009,,,,,,,,,1,,,,Y,,Y,N1,N1,Y,7,N1,0,N1,20260526115657,N1,Y,,2,N1,10,,,1,,,,,,2,,1,1,,4,,,,,,,258,,,Y,N1,A2500009,1,,,,,,,,,,,전북특별자치도,고창군,,,,,,,,,,,,,,,,,,,,,,,,,,,,,,,,,,,,,,,,,,,,,,,,
전북특별자치도군산의료원,063-472-5130,A2500007,,Y,,,,,1,,2,,,Y,Y,,Y,N1,N1,Y,9,N1,112,N1,20260526115702,Y,Y,,4,N1,17,,1,2,,,,,,6,1,1,1,,18,,2,,,,,292,,,Y,N1,A2500007,1,1,,10,20,2,,,,,,전북특별자치도,군산시,,,,,,,,,,,,,,,,,,,,,,,,,,,,,,,,,,,,,,,,,,,,,,,,
의료법인오성의료재단동군산병원,063-440-0516,A2500012,,,,,,,1,,4,,,,Y,Y,Y,Y,Y,Y,15,N1,51,N1,20260526115933,N1,Y,,2,N1,17,,1,5,,,,,,6,,2,2,2,13,,,2,,,,265,,,Y,N1,A2500012,2,,,11,26,,,0,,,0,전북특별자치도,군산시,,,,,,,,,,,,,,,,,,,,,,,,,,,,,,,,,,,,,,,,,,,,,,,,
김제우석병원,063-540-5119,A2500038,,,,,,,,,1,,,,Y,,Y,N1,N1,Y,9,N1,81,N1,20260526115640,N1,Y,,0,N1,10,,,1,,,,,,2,,1,1,,1,,,,,,,200,,,Y,N1,A2500038,1,,,,,,,,,,,전북특별자치도,김제시,,,,,,,,,,,,,,,,,,,,,,,,,,,,,,,,,,,,,,,,,,,,,,,,
전북특별자치도남원의료원,063-620-1119,A2500004,,Y,,,,,1,,2,,,Y,Y,,Y,N1,N1,Y,13,N1,104,N1,20260526120002,Y,Y,,3,N1,17,,1,2,,,,,,3,3,2,1,,10,,1,,,,,238,,,Y,N1,A2500004,1,1,,3,9,1,,,,,,전북특별자치도,남원시,,,,,,,,,,,,,,,,,,,,,,,,,,,,,,,,,,,,,,,,,,,,,,,,
무주군보건의료원,063-320-8315,E2500019,,,,,,,,,1,,,,Y,,Y,N1,N1,Y,4,N1,24,N1,20260526120003,N1,N1,,,N1,4,,,1,,,,,,,,1,,,1,,,,,,,24,,,Y,N1,E2500019,1,,,,,,,,,,,전북특별자치도,무주군,,,,,,,,,,,,,,,,,,,,,,,,,,,,,,,,,,,,,,,,,,,,,,,,
부안성모병원,063-580-8119,A2500010,,,,,,,,,2,,,,Y,,Y,N1,N1,Y,10,N1,13,N1,20260526115100,N1,Y,,3,N1,10,,,2,,,,,,3,,1,1,,2,,,,,,,240,,,Y,N1,A2500010,1,,,9,9,,,,,,,전북특별자치도,부안군,,,,,,,,,,,,,,,,,,,,,,,,,,,,,,,,,,,,,,,,,,,,,,,,
순창군보건의료원,063-650-5352,E2500021,,,,,,,,,1,,,,Y,,Y,N1,N1,Y,9,N1,30,N1,20260526120003,N1,N1,,,N1,9,,,1,,,,,,,,1,,,1,,,,,,,30,,,Y,N1,E2500021,1,,,,,,,,,,,전북특별자치도,순창군,,,,,,,,,,,,,,,,,,,,,,,,,,,,,,,,,,,,,,,,,,,,,,,,
원광대학교병원,063-859-1165,A2500001,Y,Y,,2,2,3,,2,,-2,19,Y,Y,Y,Y,Y,Y,Y,0,Y,103,Y,20260526120019,Y,Y,5,3,Y,26,3,,,18,8,15,15,31,15,1,5,3,4,65,11,15,4,1,1,2,543,,2,Y,Y,A2500001,1,1,2,6,15,7,30,,0,2,,전북특별자치도,익산시,,,,,16,2,,2,6,3,,20,40,2,,,2,6,,,2,2,,,2,3,,3,,8,,,,,,,,,,,,,,,,,,
의료법인대산의료재단익산병원,063-840-9112,A2500011,,,,,,,1,,2,,,,Y,Y,Y,Y,N1,Y,8,N1,43,N1,20260526120002,N1,Y,,4,N1,17,,1,2,,,,,,5,,2,2,1,7,,,,,,,333,,,Y,N1,A2500011,2,0,,9,17,1,,,,,,전북특별자치도,익산시,,,,,,,,,,,,,,,,,,,,,,,,,,,,,,,,,,,,,,,,,,,,,,,,
임실군보건의료원,063-640-3119,E2500022,,,,,,,,,1,,,,Y,,Y,N1,N1,Y,4,N1,,N1,20260526120003,N1,N1,,,N1,4,,,1,,,,,,,,1,,,1,,,,,,,,,,Y,N1,E2500022,1,,,,,,,,,,,전북특별자치도,임실군,,,,,,,,,,,,,,,,,,,,,,,,,,,,,,,,,,,,,,,,,,,,,,,,
장수군보건의료원,063-350-2119,E2500020,,,,,,,,,1,,,,,,Y,N1,N1,N1,5,N1,20,N1,20260526120003,N1,N1,,,N1,5,,,1,,,,,,,,,,,1,,,,,,,22,,,Y,N1,E2500020,1,,,,,,,,,,,전북특별자치도,장수군,,,,,,,,,,,,,,,,,,,,,,,,,,,,,,,,,,,,,,,,,,,,,,,,
전북대학교병원,063-250-1131,A2500002,Y,Y,2,0,1,4,,2,,5,0,Y,Y,Y,Y,Y,Y,Y,14,Y,298,Y,20260526115725,Y,Y,10,10,N1,36,5,,,17,10,8,25,30,21,3,5,5,6,109,15,26,12,9,2,,820,2,1,Y,Y,A2500002,1,0,3,,,2,7,,15,15,,전북특별자치도,전주시,,,,,,,1,,,,11,,,,,,,,,,2,5,,,2,5,6,3,10,15,,,,,,,,,,,,,,,,,,
대자인병원,063-250-8701,A2500056,,,,,,,1,3,2,,,,Y,Y,Y,Y,Y,Y,23,Y,25,N1,20260526120009,N1,Y,,10,Y,33,,1,2,,,36,,,15,,4,3,2,12,,,4,2,,1,45,,,Y,N1,A2500056,2,1,,3,15,4,,,,,,전북특별자치도,전주시,,,,,,,,,,,,,,,,,,,Y,1,,,,,,,,,,,,,,,,,,,,,,,,,,,,
재단법인예수병원유지재단예수병원,063-230-8280,A2500006,Y,Y,,,,6,1,,2,,,Y,Y,Y,Y,Y,Y,Y,13,Y,138,N1,20260526115747,Y,Y,8,7,Y,38,10,1,2,,,,12,,14,4,4,3,4,40,6,11,7,2,,2,685,,,Y,Y,A2500006,3,4,,3,23,4,,,0,5,,전북특별자치도,전주시,,,,,,,2,,,,14,,,,,,,,,,,,,,,,,,,,1,,,,,1,,,,,,,1,2,0,2,6,1
의료법인영경의료재단전주병원,063-226-6119,A2500005,,,,,,,1,,2,,,,Y,,Y,N1,Y,Y,2,N1,24,N1,20260526115952,N1,Y,,3,N1,17,,1,2,,,,,,3,,1,2,,6,,,1,,,,275,,,Y,N1,A2500005,4,,,1,9,,,,,,,전북특별자치도,전주시,,,,,,,,,,,,,,,,,,,,,,,,,,,,,,,,,,,,,,,,,,,,,,,,
의료법인영경의료재단호성전주병원,063-240-8862,A2501890,,,,,,,,,1,,,,Y,,Y,N1,N1,Y,7,N1,29,N1,20260526120030,N1,Y,,0,N1,9,,,1,,,,,,2,,1,1,,1,,,,,,,122,,,Y,N1,A2501890,5,,,,,,,,,,,전북특별자치도,전주시,,,,,,,,,,,,,,,,,,,,,,,,,,,,,,,,,,,,,,,,,,,,,,,,
새강병원,063-289-9119,A2502742,,,0,,0,3,1,0,2,0,,,Y,,Y,N1,N1,Y,12,N1,66,N1,20260526115948,N1,Y,,5,N1,14,3,1,2,0,0,0,,,5,,1,1,,1,,,,,,,201,0,,Y,N1,A2502742,6,3,,16,16,3,,,0,0,,전북특별자치도,전주시,,,,,,0,,,,,,,,0,,,,,,,0,0,,,0,0,,,,,0,,,,,0,,,,,,,,,0,,0,
재단법인 아산사회복지재단 정읍아산병원,063-530-6129,A2500008,,,,,,,1,,2,,,,Y,,Y,N1,N1,Y,13,N1,94,N1,20260526115503,N1,Y,,3,N1,17,,1,2,,,,,,3,,1,1,,5,,,,,,,276,,,Y,N1,A2500008,1,,,4,11,,,,,,,전북특별자치도,정읍시,,,,,,,,,,,,,,,,,,,,,,,,,,,,,,,,,,,,,,,,,,,,,,,,
진안군의료원,063-430-7119,A2502031,,,,,,,,,2,,,,Y,,Y,N1,N1,Y,3,N1,42,N1,20260526120002,N1,Y,,2,N1,6,,,2,,,,,,2,,1,1,,3,,,,,,,74,,,Y,N1,A2502031,1,,,,,,,,,,,전북특별자치도,진안군,,,,,,,,,,,,,,,,,,,,,,,,,,,,,,,,,,,,,,,,,,,,,,,,
제주특별자치도서귀포의료원,064-730-3001,A2900002,,Y,,,,4,1,,4,,,Y,Y,Y,Y,Y,Y,Y,11,N1,75,N1,20260526120001,Y,Y,,3,Y,16,4,1,4,,,,,,4,1,2,1,1,16,,4,3,,,1,252,,,Y,N1,A2900002,1,3,4,8,15,3,26,,,,,제주특별자치도,서귀포시,,,,,,,,,,,,,,,,,,,,,,,,,,,,,,,,,,,,,,,,,,,,,,,,
제주한라병원,064-740-5159,A2900001,Y,Y,0,0,,3,2,,3,6,14,Y,Y,Y,Y,Y,Y,Y,-3,Y,95,Y,20260526120005,Y,Y,5,3,N1,15,3,2,3,14,,,7,30,6,2,3,2,3,47,4,8,9,4,2,,414,4,2,Y,Y,A2900001,1,,,11,15,,,,,,,제주특별자치도,제주시,,,,,6,0,,2,6,13,,20,40,2,,,2,6,,,,,,,,,,,,,,,4,,,,,4,,,,,,,,,,
제주대학교병원,064-717-1903,A2900007,Y,Y,,,0,,1,2,0,,,Y,Y,Y,Y,Y,Y,Y,-10,Y,133,Y,20260526120000,Y,Y,7,3,N1,20,,1,5,,12,12,16,,12,3,2,2,4,45,8,17,10,5,3,,458,,,Y,Y,A2900007,2,,3,,,,20,,2,9,,제주특별자치도,제주시,,,,,,,,,,,,,,,,,,,,,,,,,,,0,0,3,6,,,,,,,,,,,,,,,,,,
한마음병원,064-750-9119,A2900005,,,,,,,1,,1,,,,Y,Y,Y,Y,Y,Y,10,N1,77,N1,20260526115707,N1,Y,,3,N1,17,,1,2,,,,,,4,,1,1,1,6,,,2,,,,216,,,Y,N1,A2900005,3,,,7,12,,,,,,,제주특별자치도,제주시,,,,,,,,,,,,,,,,,,,,,,,,,,,,,,,,,,,,,,,,,,,,,,,,
의료법인중앙의료재단중앙병원,064-786-7777,A2900006,,,,,,1,1,,2,,,,Y,Y,Y,Y,Y,Y,9,Y,105,N1,20260526115932,N1,Y,,2,N1,16,1,1,2,,,,,,3,,1,1,2,10,,,2,1,,,281,,,Y,N1,A2900006,4,1,,4,16,1,,,,,,제주특별자치도,제주시,,,,,,,,,,,,,,,,,,,,,,,,,,,,,,,,,,,,,,,,,,,,,,,,
의료법인 혜인의료재단 한국병원,064-750-0160,A2900003,,,,,,,,,1,,,,Y,,Y,N1,N1,Y,0,N1,59,N1,20260526120018,N1,Y,,3,N1,9,,,1,,,,,,3,,1,1,,6,,,,,,,209,,,Y,N1,A2900003,5,,,4,10,,,,,,,제주특별자치도,제주시,,,,,,,,,,,,,,,,,,,,,,,,,,,,,,,,,,,,,,,,,,,,,,,,
충청남도공주의료원,041-962-1365,A2400010,,,,,,,,,1,,,,Y,,Y,N1,Y,Y,11,N1,49,N1,20260526120001,N1,Y,,6,N1,15,,,1,,,,,,6,,1,1,,9,,,2,,,,273,,,Y,N1,A2400010,1,,,1,16,,,,4,6,,충청남도,공주시,,,,,,,,,,,,,,,,,,,,,,,,,,,,,,,,,,,,,,,,,,,,,,,,
의료법인백제병원,041-730-8882,A2400009,,,,,,,1,,2,,,,Y,Y,Y,Y,Y,Y,15,N1,21,N1,20260526115802,N1,Y,,0,N1,20,,1,2,,,,,,4,,2,2,1,11,,,3,,,,398,,,Y,N1,A2400009,1,,14,-4,26,,49,,,,,충청남도,논산시,,,,,,,,,,,,,,,,,,,,,,,,,,,,,,,,,,,,,,,,,,,,,,,,
당진종합병원,041-358-3624,A2400008,,,,,,,1,,2,,,,Y,Y,Y,Y,Y,Y,12,N1,79,N1,20260526115931,N1,Y,,4,N1,17,,1,2,,,,,,4,,2,2,1,5,,,1,,,,246,,,Y,N1,A2400008,1,,,0,13,,,,,,,충청남도,당진시,,,,,,,,,,,,,,,,,,,,,,,,,,,,,,,,,,,,,,,,,,,,,,,,
재단법인아산사회복지재단보령아산병원,041-930-5333,A2400011,,,,,,,1,,2,,,,Y,,Y,N1,N1,Y,16,N1,80,N1,20260526115005,N1,Y,,2,N1,17,,1,2,,,,,,2,,1,1,,4,,,,,,,221,,,Y,N1,A2400011,1,,,3,8,,,,,,,충청남도,보령시,,,,,,,,,,,,,,,,,,,,,,,,,,,,,,,,,,,,,,,,,,,,,,,,
학교법인건양교육재단건양대학교부여병원,041-837-1201,A2400038,,,,,,,,,1,,,,Y,,Y,N1,N1,Y,7,N1,22,N1,20260526115837,N1,N1,,1,N1,9,,,1,,,,,,1,,1,,,1,,,,,,,55,,,Y,N1,A2400038,1,,,,,,,,,,,충청남도,부여군,,,,,,,,,,,,,,,,,,,,,,,,,,,,,,,,,,,,,,,,,,,,,,,,
서산중앙병원,041-661-1195,A2400003,,,,,,,1,,2,,,,Y,,Y,N1,Y,Y,15,N1,39,N1,20260526115509,N1,Y,,2,N1,17,,1,2,,,,,,4,,1,1,,7,,,1,,,,288,,,Y,N1,A2400003,1,,,2,17,,,,,,,충청남도,서산시,,,,,,,,,,,,,,,,,,,,,,,,,,,,,,,,,,,,,,,,,,,,,,,,
충청남도서산의료원,041-689-7119,A2400006,,,,,,,1,,2,,,,Y,,Y,N1,N1,Y,15,N1,10,N1,20260526115602,N1,Y,,2,N1,17,,1,2,,,,,,3,,2,1,,10,,,,,,,263,,,Y,N1,A2400006,2,,,1,10,,,,5,5,,충청남도,서산시,,,,,,,,,,,,,,,,,,,,,,,,,,,,,,,,,,,,,,,,,,,,,,,,
의료법인 서해병원,041-950-0219,A2400044,,,,,,,,,2,,,,Y,,Y,N1,N1,Y,5,N1,28,N1,20260526115642,N1,N1,,,N1,5,,,2,,,,,,,,1,,,1,,,,,,,79,,,Y,N1,A2400044,1,,,,,,,,,,,충청남도,서천군,,,,,,,,,,,,,,,,,,,,,,,,,,,,,,,,,,,,,,,,,,,,,,,,
아산충무병원,041-536-6519,A2402257,,,,,,,,,,,,Y,Y,Y,Y,Y,Y,Y,8,Y,187,Y,20260526115703,N1,Y,,3,N1,13,,,,,,,,,4,1,2,2,3,27,,,4,2,1,,456,,,Y,N1,A2402257,1,2,,1,22,2,,,,,,충청남도,아산시,,,5,,,,,,,,,,,,5,,,,,,1,7,,,1,7,,,,,,,,,,,,,,,,,,,,,,
현대병원,041-546-7744,A2400039,N,N,,,,,,,1,,,N,Y,N,Y,N,N,Y,8,N,15,N,20260526120002,N,Y,,3,N,10,,,1,,,,,,3,0,1,1,0,3,0,0,0,0,0,0,84,,,Y,N,A2400039,2,,,1,7,,,,,,,충청남도,아산시,,,,,,,0,,,,0,,,,,,,,N,0,,,,,,,,,,,,,,,,,,,,,,,,,,,,
의료법인예당의료재단예산종합병원,041-330-4119,A2400004,,,,,,,,,1,,,,Y,,Y,N1,N1,Y,5,N1,12,N1,20260526115942,N1,Y,,0,N1,6,,,1,,,,,,0,,0,0,,0,,,,,,,88,,,Y,N1,A2400004,1,,,2,9,,,,,,,충청남도,예산군,,,,,,,,,,,,,,,,,,,,,,,,,,,,,,,,,,,,,,,,,,,,,,,,
단국대학교의과대학부속병원,041-550-6840,A2400002,Y,Y,,0,,3,,2,1,0,13,Y,Y,Y,Y,Y,Y,Y,11,Y,189,Y,20260526120000,Y,Y,4,4,Y,25,4,,1,18,,13,25,30,13,3,4,3,6,6,14,29,15,7,17,1,640,,2,Y,Y,A2400002,1,0,10,,,1,20,,1,8,,충청남도,천안시,,,4,,3,2,0,1,6,3,13,20,40,2,7,,2,6,,,2,2,,,2,2,,,,,,,,,,,,,,,,,,,,,,
학교법인동은학원순천향대학교부속천안병원,041-590-7019,A2400001,Y,Y,1,,2,9,4,0,2,3,3,Y,Y,Y,Y,Y,Y,Y,7,Y,76,Y,20260526115625,Y,Y,0,12,Y,22,14,4,3,17,18,15,28,30,19,11,6,4,6,60,16,37,6,6,10,1,631,1,,Y,Y,A2400001,2,2,,,,6,,,6,14,,충청남도,천안시,,,,,,,,,,,,,,,,,,,Y,1,,,,,,,,,,,3,,,,,3,,,,,,,1,2,0,2,6,1
의료법인영서의료재단천안충무병원,041-570-7519,A2400012,,,,,,,1,,4,,,,Y,Y,Y,Y,Y,Y,9,Y,28,N1,20260526115544,N1,Y,,4,N1,16,,1,4,,,,,,5,,2,2,3,26,,,3,3,,,333,,,Y,N1,A2400012,3,0,,1,19,3,,,,,,충청남도,천안시,,,,,,,0,,,,7,,,,,,,,,,,,,,,,,,,,,,,,,,,,,,,,,,,,,
충청남도천안의료원,041-570-7119,A2400005,,,,,,,,,1,,,,Y,,Y,N1,N1,Y,11,N1,56,N1,20260526120001,N1,Y,,2,N1,12,,,1,,,,,,4,,1,1,,10,,,,,,,241,,,Y,N1,A2400005,4,,,3,15,,,6,,,6,충청남도,천안시,,,,,,,,,,,,,,,,,,,,,,,,,,,,,,,,,,,,,,,,,,,,,,,,
청양군보건의료원,041-940-4951,E2400032,,,,,,,,,1,,,,Y,,Y,N1,N1,Y,6,N1,12,N1,20260526120002,N1,N1,,1,N1,6,,,1,,,,,,1,,1,,,1,,,,,,,12,,,Y,N1,E2400032,1,,,,,,,,,,,충청남도,청양군,,,,,,,,,,,,,,,,,,,,,,,,,,,,,,,,,,,,,,,,,,,,,,,,
태안군보건의료원,041-671-5319,E2400033,,,,,,,,,1,,,,Y,,Y,N1,N1,Y,10,N1,23,N1,20260526120003,N1,N1,,,N1,10,,,1,,,,,,,,1,,,1,,,,,,,34,,,Y,N1,E2400033,1,,,,,,,,,,,충청남도,태안군,,,,,,,,,,,,,,,,,,,,,,,,,,,,,,,,,,,,,,,,,,,,,,,,
충청남도홍성의료원,041-630-6119,A2400007,,,,,,1,1,,2,,,Y,Y,Y,Y,Y,N1,Y,11,N1,91,N1,20260526120001,N1,Y,,2,Y,18,1,1,2,,,,,,4,1,2,2,1,10,,,,,,2,263,,,Y,N1,A2400007,1,1,3,4,24,1,49,,1,1,,충청남도,홍성군,,,,,,,,,,,,,,,,,,,,,,,,,,,,,,,,,,,,,,,,,,,,,,,,
의료법인대광의료재단괴산성모병원,043-830-5419,A2300034,,,,,,,,,0,,,,Y,,Y,N1,N1,Y,9,N1,13,N1,20260526115616,N1,Y,,0,N1,9,,,1,,,,,,1,,1,1,,3,,,,,,,153,,,Y,N1,A2300034,1,,,,,,,,,,,충청북도,괴산군,,,,,,,,,,,,,,,,,,,,,,,,,,,,,,,,,,,,,,,,,,,,,,,,
단양군보건의료원,043-420-0139,E2300011,,,,,,,1,,,,,,Y,,Y,N1,N1,Y,5,N1,14,N1,20260526120003,N1,N1,,,N1,6,,1,,,,,,,,,1,,,1,,,,,,,14,,,Y,N1,E2300011,1,,,,,,,,2,2,,충청북도,단양군,,,,,,,,,,,,,,,,,,,,,,,,,,,,,,,,,,,,,,,,,,,,,,,,
의료법인조윤의료재단영동병원,043-740-9333,A2300030,,Y,,,,,,,,,,Y,Y,,Y,N1,N1,Y,8,N1,21,N1,20260526115502,Y,Y,,2,N1,10,,,,,,,,,2,1,1,1,,3,,1,,,,,161,,,Y,N1,A2300030,1,,,,,,,,,,,충청북도,영동군,,,,,,,,,,,,,,,,,,,,,,,,,,,,,,,,,,,,,,,,,,,,,,,,
의료법인힐링의료재단옥천성모병원,043-730-7119,A2300011,,,,,,,2,,1,,,,Y,,Y,N1,N1,Y,5,N1,39,N1,20260526115739,N1,Y,,1,N1,7,,2,1,,,,,,2,,1,1,,4,,,,,,,157,,,Y,N1,A2300011,1,,,1,7,,,,,,,충청북도,옥천군,,,,,,,,,,,,,,,,,,,,,,,,,,,,,,,,,,,,,,,,,,,,,,,,
의료법인명지의료재단명지병원,043-640-8117,A2300009,,,,,,2,2,,4,,,,Y,Y,Y,Y,Y,Y,9,Y,46,N1,20260526115912,N1,Y,,3,N1,18,3,2,4,,,,,,3,,2,1,1,10,,,2,1,,,201,,,Y,N1,A2300009,1,3,,5,17,3,,,,,,충청북도,제천시,,,,,,,,,,,,,,,,,,,,,,,,,,,,,,,,,,,,,,,,,,,,,,,,
의료법인자산의료재단제천서울병원,043-643-2327,A2300005,,,,,,,1,,4,,,,Y,,Y,N1,Y,Y,10,N1,22,N1,20260526115555,N1,Y,,2,Y,15,,1,4,,,,,,3,,1,1,,10,,,1,,,1,205,,,Y,N1,A2300005,2,,,-1,13,,,,,,,충청북도,제천시,,,,,,,,,,,,,,,,,,,,,,,,,,,,,,,,,,,,,,,,,,,,,,,,
의료법인 건명의료재단 중앙제일병원,043-537-9119,A2300013,,,,,,,3,,,,,,Y,,Y,N1,Y,Y,11,N1,46,N1,20260526115805,N1,Y,,5,N1,17,,3,,,,,,,5,,2,2,,6,,,1,,,,192,,,Y,N1,A2300013,1,1,,0,12,6,,,31,31,,충청북도,진천군,,,,,,,,,,,,,,,,,,,,,,,,,,,,,,,,,,,,,,,,,,,,,,,,
충북대학교병원,043-269-6114,A2300001,Y,Y,,1,,8,,,,5,28,Y,Y,Y,Y,Y,Y,Y,12,Y,210,Y,20260526120000,Y,Y,13,8,N1,30,8,,,18,,,25,40,16,2,4,4,6,98,13,31,18,10,17,,547,,2,Y,Y,A2300001,1,1,6,2,17,5,21,,13,13,,충청북도,청주시,,,,,8,1,,2,6,9,,20,40,2,,,2,6,,,2,3,2,4,2,3,,,,,,,,,,,,,,,,,,,,,,
의료법인인화재단한국병원,043-222-6177,A2300007,,Y,,,,,1,,2,,,Y,Y,Y,Y,Y,Y,Y,5,N1,48,N1,20260526115839,Y,Y,,1,N1,14,,1,2,,,,,,8,1,2,2,2,18,,1,3,,,,403,,,Y,N1,A2300007,2,1,,14,24,1,,,0,1,,충청북도,청주시,3,3,,,,,,,,,,,,,,,,,,,,,,,,,,,,,,,,,,,,,,,,,,,,,,
의료법인정산의료재단효성병원,043-221-2192,A2300003,,N,,,,,1,,4,,,Y,Y,Y,Y,Y,Y,Y,16,N1,76,N1,20260526115334,N,Y,,3,Y,18,,1,4,,,,,,4,1,3,4,2,19,,1,2,,,1,366,,,Y,N1,A2300003,3,1,,2,29,2,,,,,,충청북도,청주시,,,,,,,,,,,,,,,,,,,,,,,,,,,,,,,,,,,,,,,,,,,,,,,,
청주성모병원,043-219-8119,A2300008,,Y,,,0,,2,3,5,,,Y,Y,Y,Y,Y,Y,Y,4,N1,152,N1,20260526120011,Y,Y,,3,N1,15,,2,5,,14,13,,,8,1,3,2,1,19,,2,3,,,,362,,,Y,N1,A2300008,4,1,,,,1,,,10,30,,충청북도,청주시,,,,,,,,,,,,,,,,,,,,,,,,,,,,,,,,,,,,,,,,,,,,,,,,
의료법인한마음의료재단하나병원,043-230-6594,A2300002,,,,,,,1,,0,,,,Y,Y,Y,Y,Y,Y,18,N1,123,N1,20260526115926,N1,Y,,2,Y,23,,1,2,,,,,,7,,3,3,2,20,,,4,,,1,463,,,Y,N1,A2300002,5,2,,4,24,2,,,,,,충청북도,청주시,,,,,,,,,,,,,,,,,,,,,,,,,,,,,,,,,,,,,,,,,,,,,,,,
충청북도청주의료원,043-279-0119,A2300006,,Y,,,,,1,,,,,Y,Y,Y,Y,Y,Y,Y,11,N1,158,N1,20260526120002,Y,Y,,5,N1,12,,1,,,,,,,5,1,1,2,1,12,,1,1,,,,359,,,Y,N1,A2300006,6,3,90,18,21,3,90,,6,6,,충청북도,청주시,2,3,,,,,,,,,,,,,,,,,,,,,,,,,,,,,,,,,,,,,,,,,,,,,,
건국대학교충주병원,043-840-8330,A2300010,Y,Y,,,,,1,,2,,,Y,Y,Y,Y,Y,Y,Y,10,Y,62,N1,20260526120001,Y,Y,,3,N1,20,,1,2,,,,,,5,1,2,1,2,11,1,4,3,1,,,194,,,Y,Y,A2300010,1,,,1,18,,,,1,1,,충청북도,충주시,,,,,,,,,,,,,,,,,,,,,,,,,,,,,,,,,,,,,,,,,,,,,,,,
충청북도충주의료원,043-871-0119,A2300004,,,,,,,1,,2,,,,Y,Y,Y,Y,Y,Y,11,N1,102,N1,20260526120003,N1,Y,,3,N1,18,,1,2,,,,,,4,,1,1,1,8,,,1,,,,282,,,Y,N1,A2300004,2,,,4,12,,,,,,,충청북도,충주시,,,,,,,,,,,,,,,,,,,,,,,,,,,,,,,,,,,,,,,,,,,,,,,,
