dutyName,hpid,MKioskTy1,MKioskTy10,MKioskTy11,MKioskTy12,MKioskTy13,MKioskTy14,MKioskTy15,MKioskTy16,MKioskTy17,MKioskTy18,MKioskTy19,MKioskTy2,MKioskTy20,MKioskTy21,MKioskTy22,MKioskTy23,MKioskTy24,MKioskTy25,MKioskTy26,MKioskTy27,MKioskTy28,MKioskTy3,MKioskTy4,MKioskTy5,MKioskTy6,MKioskTy7,MKioskTy8,MKioskTy9,MKioskTy10Msg,MKioskTy12Msg,MKioskTy15Msg,MKioskTy27Msg,query_sido,query_sigungu,MKioskTy14Msg
의료법인강릉동인병원,A2200005,정보미제공,정보미제공,Y,정보미제공,정보미제공,정보미제공,정보미제공,정보미제공,정보미제공,정보미제공,정보미제공,정보미제공,정보미제공,정보미제공,정보미제공,정보미제공,정보미제공,정보미제공,정보미제공,정보미제공,Y,정보미제공,Y,정보미제공,정보미제공,정보미제공,정보미제공,정보미제공,,,,,강원특별자치도,강릉시,
강원특별자치도강릉의료원,A2200011,정보미제공,정보미제공,정보미제공,정보미제공,정보미제공,정보미제공,정보미제공,정보미제공,정보미제공,정보미제공,정보미제공,정보미제공,정보미제공,정보미제공,정보미제공,정보미제공,정보미제공,정보미제공,정보미제공,정보미제공,Y,정보미제공,정보미제공,정보미제공,정보미제공,정보미제공,정보미제공,정보미제공,,,,,강원특별자치도,강릉시,
강릉아산병원,A2200008,Y,정보미제공,Y,정보미제공,정보미제공,정보미제공,Y,정보미제공,정보미제공,정보미제공,정보미제공,Y,정보미제공,정보미제공,Y,Y,정보미제공,정보미제공,불가능,불가능,Y,Y,Y,정보미제공,정보미제공,Y,Y,Y,연령제한없음,1세이상,1800g(32주) 이상,연령제한없음,강원특별자치도,강릉시,
의료법인동해동인병원,A2200003,정보미제공,정보미제공,정보미제공,정보미제공,정보미제공,정보미제공,정보미제공,정보미제공,정보미제공,정보미제공,정보미제공,정보미제공,정보미제공,정보미제공,정보미제공,정보미제공,정보미제공,정보미제공,정보미제공,정보미제공,Y,정보미제공,정보미제공,정보미제공,정보미제공,정보미제공,정보미제공,정보미제공,,,,,강원특별자치도,동해시,
강원특별자치도삼척의료원,A2200007,정보미제공,정보미제공,정보미제공,정보미제공,정보미제공,정보미제공,정보미제공,Y,Y,Y,정보미제공,정보미제공,정보미제공,정보미제공,정보미제공,정보미제공,정보미제공,정보미제공,정보미제공,정보미제공,Y,정보미제공,정보미제공,정보미제공,정보미제공,Y,정보미제공,Y,,,,,강원특별자치도,삼척시,
강원특별자치도속초의료원,A2200012,정보미제공,정보미제공,불가능,정보미제공,정보미제공,정보미제공,정보미제공,불가능,불가능,불가능,불가능,정보미제공,정보미제공,정보미제공,정보미제공,정보미제공,정보미제공,정보미제공,정보미제공,정보미제공,Y,정보미제공,불가능,정보미제공,정보미제공,불가능,정보미제공,불가능,,,,,강원특별자치도,속초시,
의료법인온세움의료재단온재병원,A2200046,정보미제공,정보미제공,정보미제공,정보미제공,정보미제공,정보미제공,정보미제공,정보미제공,정보미제공,정보미제공,정보미제공,정보미제공,정보미제공,정보미제공,정보미제공,정보미제공,정보미제공,정보미제공,정보미제공,정보미제공,Y,정보미제공,정보미제공,정보미제공,정보미제공,정보미제공,정보미제공,정보미제공,,,,,강원특별자치도,속초시,
의료법인성심의료재단양구성심병원,A2200037,정보미제공,정보미제공,정보미제공,정보미제공,정보미제공,정보미제공,정보미제공,정보미제공,정보미제공,정보미제공,정보미제공,정보미제공,정보미제공,정보미제공,정보미제공,정보미제공,정보미제공,정보미제공,정보미제공,정보미제공,Y,정보미제공,정보미제공,정보미제공,정보미제공,정보미제공,정보미제공,정보미제공,,,,,강원특별자치도,양구군,
강원특별자치도영월의료원,A2200002,정보미제공,정보미제공,정보미제공,정보미제공,정보미제공,정보미제공,정보미제공,정보미제공,정보미제공,정보미제공,정보미제공,정보미제공,정보미제공,정보미제공,정보미제공,정보미제공,정보미제공,정보미제공,정보미제공,정보미제공,Y,정보미제공,정보미제공,정보미제공,정보미제공,정보미제공,정보미제공,정보미제공,,,,,강원특별자치도,영월군,
강원특별자치도원주의료원,A2200015,정보미제공,정보미제공,정보미제공,정보미제공,정보미제공,정보미제공,정보미제공,정보미제공,정보미제공,정보미제공,정보미제공,정보미제공,정보미제공,정보미제공,정보미제공,정보미제공,정보미제공,정보미제공,정보미제공,정보미제공,Y,정보미제공,정보미제공,정보미제공,정보미제공,정보미제공,정보미제공,정보미제공,,,,,강원특별자치도,원주시,
의료법인성지의료재단성지병원,A2200024,정보미제공,정보미제공,정보미제공,정보미제공,정보미제공,정보미제공,정보미제공,정보미제공,정보미제공,정보미제공,Y,정보미제공,정보미제공,정보미제공,정보미제공,정보미제공,정보미제공,정보미제공,정보미제공,정보미제공,Y,정보미제공,정보미제공,정보미제공,정보미제공,Y,정보미제공,Y,,,,,강원특별자치도,원주시,
연세대학교원주세브란스기독병원,A2200001,Y,Y,Y,정보미제공,Y,Y,Y,Y,Y,Y,정보미제공,Y,정보미제공,정보미제공,Y,Y,Y,Y,Y,Y,Y,Y,Y,정보미제공,정보미제공,Y,Y,Y,"4개월, 6kg",만 4세,"초극소저체중출생아, 1000g",,강원특별자치도,원주시,만 4세
근로복지공단정선병원,A2200048,정보미제공,정보미제공,정보미제공,정보미제공,정보미제공,정보미제공,정보미제공,정보미제공,정보미제공,정보미제공,정보미제공,정보미제공,정보미제공,정보미제공,정보미제공,정보미제공,정보미제공,정보미제공,정보미제공,정보미제공,Y,정보미제공,정보미제공,정보미제공,정보미제공,정보미제공,정보미제공,정보미제공,,,,,강원특별자치도,정선군,
철원병원,A2201730,정보미제공,정보미제공,정보미제공,정보미제공,정보미제공,정보미제공,정보미제공,정보미제공,정보미제공,정보미제공,정보미제공,정보미제공,정보미제공,정보미제공,정보미제공,정보미제공,정보미제공,정보미제공,정보미제공,정보미제공,Y,정보미제공,정보미제공,정보미제공,정보미제공,정보미제공,정보미제공,정보미제공,,,,,강원특별자치도,철원군,
강원대학교병원,A2200009,Y,정보미제공,Y,정보미제공,정보미제공,정보미제공,Y,Y,Y,Y,정보미제공,Y,정보미제공,정보미제공,Y,Y,Y,정보미제공,정보미제공,정보미제공,Y,Y,Y,정보미제공,정보미제공,Y,Y,Y,부분가능/1세 이상,부분가능/10kg 이상,500g이상(24주이상),연령제한 없음,강원특별자치도,춘천시,
한림대학교춘천성심병원,A2200013,Y,Y,Y,Y,Y,정보미제공,정보미제공,정보미제공,정보미제공,정보미제공,정보미제공,Y,정보미제공,정보미제공,Y,Y,정보미제공,Y,Y,정보미제공,Y,Y,Y,정보미제공,정보미제공,Y,Y,Y,만 1세 이상,만 1세 이상,,,강원특별자치도,춘천시,
근로복지공단태백병원,A2200004,정보미제공,정보미제공,정보미제공,정보미제공,정보미제공,정보미제공,정보미제공,정보미제공,정보미제공,정보미제공,정보미제공,정보미제공,정보미제공,정보미제공,Y,정보미제공,정보미제공,정보미제공,정보미제공,정보미제공,Y,정보미제공,Y,정보미제공,정보미제공,정보미제공,정보미제공,정보미제공,,,,,강원특별자치도,태백시,
평창군보건의료원,E2200026,정보미제공,정보미제공,정보미제공,정보미제공,정보미제공,정보미제공,정보미제공,정보미제공,정보미제공,정보미제공,정보미제공,정보미제공,정보미제공,정보미제공,정보미제공,정보미제공,정보미제공,정보미제공,정보미제공,정보미제공,Y,정보미제공,정보미제공,정보미제공,정보미제공,정보미제공,정보미제공,정보미제공,,,,,강원특별자치도,평창군,
홍천아산병원,A2200014,정보미제공,정보미제공,정보미제공,정보미제공,정보미제공,정보미제공,정보미제공,정보미제공,정보미제공,정보미제공,정보미제공,정보미제공,정보미제공,정보미제공,Y,정보미제공,정보미제공,정보미제공,정보미제공,정보미제공,Y,정보미제공,정보미제공,정보미제공,정보미제공,정보미제공,정보미제공,정보미제공,,,,,강원특별자치도,홍천군,
화천군보건의료원,E2200025,정보미제공,정보미제공,정보미제공,정보미제공,정보미제공,정보미제공,정보미제공,정보미제공,정보미제공,정보미제공,정보미제공,정보미제공,정보미제공,정보미제공,정보미제공,정보미제공,정보미제공,정보미제공,정보미제공,정보미제공,Y,정보미제공,정보미제공,정보미제공,정보미제공,정보미제공,정보미제공,정보미제공,,,,,강원특별자치도,화천군,
횡성대성병원,A2200016,정보미제공,정보미제공,정보미제공,정보미제공,정보미제공,정보미제공,정보미제공,정보미제공,정보미제공,정보미제공,정보미제공,정보미제공,정보미제공,정보미제공,정보미제공,정보미제공,정보미제공,정보미제공,정보미제공,정보미제공,Y,정보미제공,정보미제공,정보미제공,정보미제공,정보미제공,정보미제공,정보미제공,,,,,강원특별자치도,횡성군,
의료법인자인의료재단(더자인병원),A2100290,정보미제공,정보미제공,정보미제공,정보미제공,정보미제공,정보미제공,정보미제공,정보미제공,정보미제공,정보미제공,정보미제공,정보미제공,정보미제공,정보미제공,정보미제공,정보미제공,정보미제공,정보미제공,정보미제공,정보미제공,Y,정보미제공,정보미제공,정보미제공,정보미제공,정보미제공,정보미제공,정보미제공,,,,,경기도,고양시,
의료법인명지의료재단명지병원,A2100042,Y,Y,Y,정보미제공,Y,정보미제공,정보미제공,정보미제공,정보미제공,정보미제공,정보미제공,Y,Y,Y,Y,Y,정보미제공,정보미제공,Y,Y,Y,Y,Y,Y,Y,Y,Y,Y,"정복술-모든연령가능, 외과적수술-만7세이상 20kg이상 가능",모든연령 가능,1500g 이상가능,모든연령 가능,경기도,고양시,
동국대학교일산불교병원,A2100047,Y,정보미제공,정보미제공,정보미제공,정보미제공,정보미제공,정보미제공,Y,Y,Y,정보미제공,Y,정보미제공,정보미제공,Y,Y,Y,정보미제공,Y,정보미제공,Y,Y,Y,Y,Y,Y,Y,정보미제공,48개월 까지 가능,,2.5Kg 미만,,경기도,고양시,
국민건강보험공단일산병원,A2100033,Y,Y,Y,Y,Y,정보미제공,Y,Y,Y,Y,정보미제공,Y,정보미제공,정보미제공,Y,Y,Y,Y,Y,정보미제공,Y,Y,Y,Y,Y,Y,Y,Y,,5세 이상 진료가능,1750g,,경기도,고양시,
국립암센터,A2100049,정보미제공,정보미제공,정보미제공,정보미제공,정보미제공,정보미제공,정보미제공,정보미제공,정보미제공,정보미제공,정보미제공,정보미제공,정보미제공,정보미제공,정보미제공,정보미제공,정보미제공,정보미제공,정보미제공,정보미제공,Y,정보미제공,정보미제공,정보미제공,정보미제공,정보미제공,정보미제공,정보미제공,,,,,경기도,고양시,
의료법인성광의료재단일산차병원,A2116972,정보미제공,정보미제공,정보미제공,정보미제공,정보미제공,정보미제공,Y,Y,Y,Y,정보미제공,정보미제공,정보미제공,정보미제공,정보미제공,정보미제공,정보미제공,정보미제공,정보미제공,정보미제공,Y,정보미제공,정보미제공,정보미제공,정보미제공,정보미제공,정보미제공,정보미제공,,,,,경기도,고양시,
인제대학교일산백병원,A2100038,Y,정보미제공,Y,정보미제공,정보미제공,정보미제공,정보미제공,정보미제공,Y,Y,정보미제공,Y,정보미제공,정보미제공,Y,Y,Y,정보미제공,Y,정보미제공,Y,Y,Y,정보미제공,Y,Y,정보미제공,Y,제한없음,"10kg,이물제거만가능",23주 and 400g이상,제한없음,경기도,고양시,
중앙대학교광명병원,A2118788,Y,정보미제공,정보미제공,정보미제공,정보미제공,정보미제공,Y,Y,정보미제공,정보미제공,정보미제공,Y,정보미제공,정보미제공,정보미제공,Y,정보미제공,정보미제공,Y,정보미제공,Y,Y,Y,Y,Y,Y,Y,Y,,,진료가능 최저연령 또는 최저체중 제한없음,,경기도,광명시,
광명성애병원,A2100007,정보미제공,정보미제공,정보미제공,정보미제공,정보미제공,정보미제공,정보미제공,정보미제공,정보미제공,정보미제공,정보미제공,정보미제공,Y,정보미제공,Y,정보미제공,정보미제공,정보미제공,정보미제공,정보미제공,Y,정보미제공,정보미제공,정보미제공,정보미제공,정보미제공,정보미제공,정보미제공,12month 이상,,2300g 이상,,경기도,광명시,
참조은병원,A2100155,Y,정보미제공,정보미제공,정보미제공,정보미제공,정보미제공,정보미제공,정보미제공,정보미제공,정보미제공,정보미제공,Y,정보미제공,정보미제공,Y,Y,정보미제공,정보미제공,정보미제공,정보미제공,Y,Y,Y,정보미제공,정보미제공,정보미제공,정보미제공,Y,,,,,경기도,광주시,
한양대학교구리병원,A2100039,Y,정보미제공,정보미제공,정보미제공,정보미제공,정보미제공,정보미제공,정보미제공,정보미제공,정보미제공,Y,Y,Y,Y,Y,Y,정보미제공,정보미제공,정보미제공,정보미제공,Y,Y,Y,정보미제공,Y,Y,Y,Y,"0세, 3kg 이상. 수술적 처치는 안 됨",,37주 0일 2.5kg이하,,경기도,구리시,
효산의료재단지샘병원,A2100054,Y,정보미제공,Y,정보미제공,정보미제공,정보미제공,정보미제공,정보미제공,정보미제공,Y,Y,정보미제공,정보미제공,정보미제공,Y,Y,정보미제공,정보미제공,Y,정보미제공,Y,Y,Y,정보미제공,정보미제공,Y,정보미제공,Y,,,,,경기도,군포시,
원광대학교산본병원,A2100048,불가능,정보미제공,정보미제공,정보미제공,정보미제공,정보미제공,정보미제공,정보미제공,정보미제공,Y,정보미제공,정보미제공,정보미제공,정보미제공,정보미제공,Y,정보미제공,정보미제공,정보미제공,정보미제공,Y,Y,Y,정보미제공,정보미제공,불가능,Y,Y,3개월 이상,,,,경기도,군포시,
의료법인우리의료재단김포우리병원,A2100053,Y,Y,Y,정보미제공,Y,정보미제공,정보미제공,정보미제공,정보미제공,Y,정보미제공,Y,Y,Y,Y,Y,정보미제공,Y,Y,정보미제공,Y,Y,Y,정보미제공,정보미제공,Y,Y,Y,"6개월부터, 6kg 이상",,,,경기도,김포시,
의료법인인봉의료재단뉴고려병원,A2100006,Y,정보미제공,정보미제공,정보미제공,정보미제공,정보미제공,정보미제공,정보미제공,정보미제공,정보미제공,정보미제공,Y,Y,정보미제공,정보미제공,정보미제공,정보미제공,정보미제공,Y,정보미제공,Y,Y,Y,정보미제공,정보미제공,Y,정보미제공,Y,,,,,경기도,김포시,
남양주한양병원,A2100041,Y,정보미제공,정보미제공,정보미제공,정보미제공,정보미제공,정보미제공,정보미제공,정보미제공,정보미제공,정보미제공,Y,정보미제공,정보미제공,정보미제공,Y,정보미제공,정보미제공,정보미제공,정보미제공,Y,불가능,불가능,정보미제공,정보미제공,Y,Y,Y,,,,,경기도,남양주시,
현대병원,A2100037,Y,정보미제공,Y,정보미제공,정보미제공,정보미제공,정보미제공,정보미제공,정보미제공,Y,정보미제공,Y,Y,Y,정보미제공,Y,정보미제공,정보미제공,Y,정보미제공,Y,Y,Y,정보미제공,정보미제공,Y,Y,Y,,,,,경기도,남양주시,
엘병원,A2118188,정보미제공,정보미제공,정보미제공,정보미제공,정보미제공,정보미제공,정보미제공,정보미제공,정보미제공,정보미제공,정보미제공,정보미제공,정보미제공,정보미제공,정보미제공,정보미제공,정보미제공,정보미제공,정보미제공,정보미제공,Y,정보미제공,정보미제공,정보미제공,정보미제공,정보미제공,정보미제공,정보미제공,,,,,경기도,남양주시,
부천세종병원,A2100055,Y,정보미제공,Y,정보미제공,정보미제공,정보미제공,정보미제공,정보미제공,Y,Y,정보미제공,Y,정보미제공,정보미제공,정보미제공,Y,정보미제공,정보미제공,불가능,정보미제공,Y,Y,Y,Y,Y,Y,Y,Y,0세이상/ 3kg 이상,,,"평일주간에만 가능/ 0세이상, 3kg 이상 가능",경기도,부천시,
가톨릭대학교부천성모병원,A2100052,Y,정보미제공,Y,불가능,정보미제공,정보미제공,정보미제공,Y,Y,Y,정보미제공,Y,정보미제공,정보미제공,Y,Y,정보미제공,불가능,Y,불가능,Y,Y,Y,정보미제공,정보미제공,Y,Y,Y,,,36주이상 수용가능,sedation가능시 시술가능,경기도,부천시,
순천향대학교부속부천병원,A2100005,Y,Y,Y,불가능,Y,정보미제공,Y,Y,Y,Y,Y,불가능,Y,Y,Y,Y,정보미제공,정보미제공,Y,정보미제공,Y,불가능,불가능,Y,Y,Y,Y,Y,제한없음,최저연령:0세,최저체중:400g,,경기도,부천시,
의료법인대인의료재단 다니엘종합병원,A2100050,정보미제공,정보미제공,정보미제공,정보미제공,정보미제공,정보미제공,정보미제공,정보미제공,정보미제공,정보미제공,정보미제공,정보미제공,정보미제공,정보미제공,정보미제공,정보미제공,정보미제공,정보미제공,정보미제공,정보미제공,Y,정보미제공,정보미제공,정보미제공,정보미제공,정보미제공,정보미제공,정보미제공,,,,,경기도,부천시,
분당서울대학교병원,A2100001,Y,Y,Y,정보미제공,Y,Y,Y,Y,Y,Y,정보미제공,Y,정보미제공,정보미제공,Y,Y,정보미제공,Y,Y,Y,Y,Y,Y,Y,Y,Y,Y,Y,"최저 연령,체중: 제한없음,소아청소년과,영상의학과 협진","부분가능: 평일8시~17시 가능 위장관이물,급성출혈,그 외 의료진이 판단한 경우 가능.최저연령:제한없음.최저체중:2.5kg","최저 연령,체중: 제한없음","최저 연령,체중: 제한없음",경기도,성남시,"최저 연령,체중: 제한없음 중환자실 부족 시 수용 불가능"
국군수도병원,A2100258,정보미제공,정보미제공,정보미제공,정보미제공,정보미제공,정보미제공,정보미제공,정보미제공,정보미제공,정보미제공,정보미제공,정보미제공,정보미제공,정보미제공,정보미제공,정보미제공,정보미제공,정보미제공,정보미제공,정보미제공,Y,정보미제공,정보미제공,정보미제공,정보미제공,정보미제공,정보미제공,정보미제공,,,,,경기도,성남시,
대진의료재단분당제생병원,A2100025,Y,정보미제공,Y,정보미제공,정보미제공,정보미제공,정보미제공,정보미제공,정보미제공,Y,정보미제공,Y,정보미제공,정보미제공,정보미제공,Y,정보미제공,정보미제공,Y,정보미제공,Y,Y,Y,정보미제공,정보미제공,Y,Y,Y,2개월이상가능,"3세 이상..부분제공:평일08:30~18:00,의료진판단하에가능","34주이상,2000g이상가능",,경기도,성남시,
차의과학대학교분당차병원,A2100030,Y,Y,Y,정보미제공,Y,정보미제공,Y,Y,Y,Y,정보미제공,Y,정보미제공,정보미제공,Y,Y,Y,정보미제공,Y,Y,Y,Y,Y,Y,Y,Y,Y,Y,전연령가능,전연령가능,"37주미만, 2kg 미만",전연령가능,경기도,성남시,
순천의료재단성남정병원,A2100016,정보미제공,정보미제공,Y,정보미제공,정보미제공,정보미제공,정보미제공,정보미제공,정보미제공,정보미제공,Y,정보미제공,Y,Y,Y,정보미제공,정보미제공,정보미제공,정보미제공,정보미제공,Y,정보미제공,Y,정보미제공,정보미제공,Y,정보미제공,Y,,,,,경기도,성남시,
성남시의료원,A2116806,불가능,정보미제공,Y,정보미제공,정보미제공,정보미제공,정보미제공,정보미제공,정보미제공,Y,정보미제공,정보미제공,정보미제공,정보미제공,정보미제공,정보미제공,정보미제공,정보미제공,Y,정보미제공,Y,Y,Y,정보미제공,정보미제공,Y,정보미제공,Y,,,,,경기도,성남시,
성남중앙병원,A2100011,정보미제공,정보미제공,Y,정보미제공,정보미제공,정보미제공,정보미제공,정보미제공,정보미제공,정보미제공,정보미제공,정보미제공,정보미제공,정보미제공,정보미제공,정보미제공,정보미제공,정보미제공,정보미제공,정보미제공,Y,정보미제공,정보미제공,정보미제공,정보미제공,Y,Y,Y,,,,,경기도,성남시,
의료법인덕산의료재단수원덕산병원,A2121061,Y,정보미제공,Y,정보미제공,정보미제공,정보미제공,정보미제공,Y,Y,Y,정보미제공,Y,Y,Y,정보미제공,Y,정보미제공,정보미제공,Y,정보미제공,Y,Y,Y,Y,Y,Y,Y,Y,,,,,경기도,수원시,
의료법인명인의료재단화홍병원,A2117135,Y,정보미제공,Y,정보미제공,Y,정보미제공,정보미제공,정보미제공,정보미제공,Y,Y,Y,Y,Y,Y,Y,정보미제공,정보미제공,Y,정보미제공,Y,Y,Y,Y,Y,Y,Y,Y,,,,,경기도,수원시,
아주대학교병원,A2100002,Y,Y,Y,정보미제공,Y,정보미제공,Y,Y,Y,Y,정보미제공,Y,Y,Y,Y,Y,Y,정보미제공,Y,Y,Y,Y,Y,Y,Y,Y,Y,Y,연령제한없음,"10세 이상, 가능","최저 체중2000g, 최저 주수 35주",연령제한없음,경기도,수원시,
경기도의료원수원병원,A2100032,정보미제공,정보미제공,정보미제공,정보미제공,정보미제공,정보미제공,정보미제공,정보미제공,정보미제공,정보미제공,정보미제공,정보미제공,정보미제공,정보미제공,정보미제공,정보미제공,정보미제공,정보미제공,정보미제공,정보미제공,Y,정보미제공,정보미제공,정보미제공,정보미제공,정보미제공,정보미제공,정보미제공,,,,,경기도,수원시,
의료법인토마스의료재단윌스기념병원,A2100175,Y,정보미제공,Y,정보미제공,정보미제공,정보미제공,정보미제공,정보미제공,정보미제공,정보미제공,정보미제공,Y,정보미제공,정보미제공,Y,Y,정보미제공,정보미제공,Y,정보미제공,Y,Y,Y,정보미제공,정보미제공,Y,Y,Y,,,,,경기도,수원시,
의료법인녹산의료재단동수원병원,A2100009,Y,정보미제공,Y,정보미제공,정보미제공,정보미제공,정보미제공,정보미제공,Y,Y,정보미제공,정보미제공,정보미제공,정보미제공,Y,Y,정보미제공,정보미제공,정보미제공,정보미제공,Y,Y,Y,정보미제공,정보미제공,Y,정보미제공,Y,"만 7세 이상 가능, 정복술 실패후 수술만 가능",,,,경기도,수원시,
가톨릭대학교성빈센트병원,A2100012,Y,정보미제공,Y,Y,Y,정보미제공,Y,Y,Y,Y,정보미제공,Y,Y,Y,Y,Y,정보미제공,정보미제공,Y,정보미제공,Y,Y,Y,Y,Y,Y,Y,Y,정복술은 6~36개월,12개월 부터 가능,재태주수 28주 이상/ 신생아중환자실 확인필요,,경기도,수원시,
의료법인석경의료재단센트럴병원,A2100027,정보미제공,정보미제공,정보미제공,정보미제공,정보미제공,정보미제공,정보미제공,정보미제공,정보미제공,정보미제공,Y,정보미제공,Y,Y,Y,Y,정보미제공,정보미제공,정보미제공,정보미제공,Y,정보미제공,Y,정보미제공,정보미제공,Y,정보미제공,Y,,,,,경기도,시흥시,
의료법인남촌의료재단시화병원,A2100008,Y,Y,Y,정보미제공,Y,정보미제공,정보미제공,정보미제공,정보미제공,Y,Y,Y,Y,Y,Y,Y,정보미제공,정보미제공,Y,Y,Y,Y,Y,Y,Y,Y,Y,Y,"12개월이상,10kg이상",,,"12개월이상,10kg이상",경기도,시흥시,
의료법인록향의료재단신천연합병원,A2100013,정보미제공,정보미제공,Y,정보미제공,정보미제공,정보미제공,정보미제공,정보미제공,정보미제공,정보미제공,정보미제공,정보미제공,정보미제공,정보미제공,정보미제공,정보미제공,정보미제공,정보미제공,정보미제공,정보미제공,Y,정보미제공,정보미제공,정보미제공,정보미제공,정보미제공,정보미제공,Y,,,,,경기도,시흥시,
대아의료재단한도병원,A2100017,Y,정보미제공,Y,Y,Y,정보미제공,정보미제공,정보미제공,정보미제공,Y,Y,Y,Y,Y,Y,Y,정보미제공,정보미제공,Y,정보미제공,Y,Y,Y,정보미제공,정보미제공,Y,Y,Y,,연령제한없음,,,경기도,안산시,
의료법인플러스의료재단단원병원,A2100021,Y,정보미제공,Y,Y,정보미제공,정보미제공,정보미제공,정보미제공,정보미제공,정보미제공,정보미제공,Y,정보미제공,정보미제공,정보미제공,Y,정보미제공,정보미제공,정보미제공,정보미제공,Y,Y,Y,정보미제공,정보미제공,Y,Y,Y,,,,,경기도,안산시,기관지 응급 내시경 불가능
고려대학교의과대학부속안산병원,A2100003,Y,Y,Y,Y,정보미제공,정보미제공,Y,Y,Y,Y,Y,Y,Y,Y,Y,Y,Y,Y,Y,Y,Y,Y,Y,Y,Y,Y,Y,Y,모든체중,모든체중,모든체중,모든연령,경기도,안산시,
근로복지공단안산병원,A2100014,정보미제공,정보미제공,정보미제공,정보미제공,정보미제공,정보미제공,정보미제공,정보미제공,정보미제공,정보미제공,정보미제공,정보미제공,정보미제공,정보미제공,정보미제공,정보미제공,정보미제공,정보미제공,정보미제공,정보미제공,Y,정보미제공,Y,정보미제공,정보미제공,Y,Y,Y,,,,,경기도,안산시,
의료법인칠석의료재단사랑의병원,A2100124,정보미제공,정보미제공,정보미제공,정보미제공,정보미제공,정보미제공,정보미제공,정보미제공,정보미제공,정보미제공,정보미제공,정보미제공,정보미제공,정보미제공,정보미제공,정보미제공,정보미제공,정보미제공,정보미제공,정보미제공,Y,Y,Y,정보미제공,정보미제공,Y,정보미제공,Y,,,,,경기도,안산시,
경기도의료원안성병원,A2100045,정보미제공,정보미제공,정보미제공,정보미제공,정보미제공,정보미제공,정보미제공,정보미제공,정보미제공,정보미제공,정보미제공,정보미제공,정보미제공,정보미제공,정보미제공,정보미제공,정보미제공,정보미제공,정보미제공,정보미제공,Y,정보미제공,정보미제공,정보미제공,정보미제공,정보미제공,정보미제공,정보미제공,,,,,경기도,안성시,
안성성모병원,A2100305,정보미제공,정보미제공,정보미제공,정보미제공,정보미제공,정보미제공,정보미제공,정보미제공,정보미제공,정보미제공,정보미제공,정보미제공,정보미제공,정보미제공,정보미제공,정보미제공,정보미제공,정보미제공,정보미제공,정보미제공,Y,정보미제공,정보미제공,정보미제공,정보미제공,정보미제공,정보미제공,정보미제공,,,,,경기도,안성시,
한림대학교성심병원,A2100004,Y,Y,Y,Y,Y,정보미제공,Y,Y,Y,Y,정보미제공,Y,Y,Y,Y,Y,Y,Y,Y,Y,Y,Y,Y,Y,Y,Y,Y,Y,"수술:10세, 20kg  이상가능","전원 전 소아과 확인 필수(37주,3kg이상)","34주 이상, 1500g이상, 전원시 NICU의뢰 필수",전연령/체중 모두 가능,경기도,안양시,
효산의료재단안양샘병원,A2100015,Y,정보미제공,Y,정보미제공,정보미제공,정보미제공,정보미제공,정보미제공,정보미제공,Y,정보미제공,Y,정보미제공,정보미제공,Y,Y,정보미제공,정보미제공,Y,정보미제공,Y,Y,Y,정보미제공,정보미제공,Y,Y,Y,3세 ~ 15세 미만,,,,경기도,안양시,
남양주한양병원,A2100041,Y,정보미제공,정보미제공,정보미제공,정보미제공,정보미제공,정보미제공,정보미제공,정보미제공,정보미제공,정보미제공,Y,정보미제공,정보미제공,정보미제공,Y,정보미제공,정보미제공,정보미제공,정보미제공,Y,불가능,불가능,정보미제공,정보미제공,Y,Y,Y,,,,,경기도,양주시,
현대병원,A2100037,Y,정보미제공,Y,정보미제공,정보미제공,정보미제공,정보미제공,정보미제공,정보미제공,Y,정보미제공,Y,Y,Y,정보미제공,Y,정보미제공,정보미제공,Y,정보미제공,Y,Y,Y,정보미제공,정보미제공,Y,Y,Y,,,,,경기도,양주시,
엘병원,A2118188,정보미제공,정보미제공,정보미제공,정보미제공,정보미제공,정보미제공,정보미제공,정보미제공,정보미제공,정보미제공,정보미제공,정보미제공,정보미제공,정보미제공,정보미제공,정보미제공,정보미제공,정보미제공,정보미제공,정보미제공,Y,정보미제공,정보미제공,정보미제공,정보미제공,정보미제공,정보미제공,정보미제공,,,,,경기도,양주시,
양평병원,A2100089,정보미제공,정보미제공,정보미제공,정보미제공,정보미제공,정보미제공,정보미제공,정보미제공,정보미제공,정보미제공,정보미제공,정보미제공,정보미제공,정보미제공,정보미제공,정보미제공,정보미제공,정보미제공,정보미제공,정보미제공,Y,정보미제공,정보미제공,정보미제공,정보미제공,정보미제공,정보미제공,정보미제공,,,,,경기도,양평군,
세종여주병원,A2100194,정보미제공,정보미제공,정보미제공,정보미제공,정보미제공,정보미제공,정보미제공,정보미제공,정보미제공,정보미제공,정보미제공,정보미제공,정보미제공,정보미제공,정보미제공,정보미제공,정보미제공,정보미제공,정보미제공,정보미제공,Y,정보미제공,정보미제공,정보미제공,정보미제공,정보미제공,정보미제공,정보미제공,,,,,경기도,여주시,
연천군보건의료원,E2100187,정보미제공,정보미제공,정보미제공,정보미제공,정보미제공,정보미제공,정보미제공,정보미제공,정보미제공,정보미제공,정보미제공,정보미제공,정보미제공,정보미제공,정보미제공,정보미제공,정보미제공,정보미제공,정보미제공,정보미제공,Y,정보미제공,정보미제공,정보미제공,정보미제공,정보미제공,정보미제공,정보미제공,,,,,경기도,연천군,
오산한국병원,A2100024,Y,Y,Y,정보미제공,Y,정보미제공,정보미제공,정보미제공,정보미제공,Y,Y,Y,Y,Y,Y,Y,정보미제공,정보미제공,Y,정보미제공,Y,Y,Y,정보미제공,정보미제공,Y,Y,Y,,불가능,,,경기도,오산시,
연세대학교의과대학용인세브란스병원,A2100020,Y,정보미제공,Y,정보미제공,정보미제공,정보미제공,Y,Y,Y,Y,정보미제공,Y,정보미제공,정보미제공,Y,Y,정보미제공,정보미제공,Y,정보미제공,Y,Y,Y,불가능,불가능,Y,Y,Y,0세 이상 가능,,"35주이하, 2.5kg 미만 가능",,경기도,용인시,
강남병원,A2100029,정보미제공,Y,Y,정보미제공,정보미제공,정보미제공,정보미제공,정보미제공,정보미제공,Y,정보미제공,정보미제공,정보미제공,Y,Y,Y,정보미제공,정보미제공,정보미제공,정보미제공,Y,정보미제공,Y,정보미제공,정보미제공,Y,정보미제공,Y,만 3세이상 가능,,,,경기도,용인시,
(의)효심의료재단용인서울병원,A2100122,정보미제공,정보미제공,정보미제공,정보미제공,정보미제공,정보미제공,정보미제공,정보미제공,정보미제공,정보미제공,정보미제공,정보미제공,정보미제공,정보미제공,정보미제공,정보미제공,정보미제공,정보미제공,정보미제공,정보미제공,Y,정보미제공,정보미제공,정보미제공,정보미제공,정보미제공,정보미제공,정보미제공,,,,,경기도,용인시,
메디필드한강병원,A2121142,Y,정보미제공,Y,정보미제공,정보미제공,정보미제공,정보미제공,정보미제공,정보미제공,Y,정보미제공,Y,정보미제공,정보미제공,Y,Y,정보미제공,정보미제공,Y,정보미제공,Y,정보미제공,정보미제공,정보미제공,정보미제공,Y,Y,Y,,,,,경기도,용인시,
(의)영문의료재단 다보스병원,A2100019,정보미제공,Y,Y,정보미제공,정보미제공,정보미제공,정보미제공,정보미제공,정보미제공,Y,정보미제공,정보미제공,Y,Y,Y,Y,정보미제공,정보미제공,정보미제공,정보미제공,Y,정보미제공,Y,정보미제공,정보미제공,Y,Y,Y,10kg 이상,,,,경기도,용인시,
의료법인영동의료재단의정부백병원,A2100034,정보미제공,정보미제공,정보미제공,정보미제공,정보미제공,정보미제공,정보미제공,정보미제공,정보미제공,정보미제공,정보미제공,정보미제공,정보미제공,정보미제공,정보미제공,정보미제공,정보미제공,정보미제공,정보미제공,정보미제공,Y,정보미제공,정보미제공,정보미제공,정보미제공,정보미제공,정보미제공,정보미제공,,,,,경기도,의정부시,
학교법인을지학원의정부을지대학교병원,A2117994,Y,정보미제공,정보미제공,정보미제공,정보미제공,정보미제공,정보미제공,정보미제공,정보미제공,Y,정보미제공,Y,정보미제공,정보미제공,정보미제공,Y,정보미제공,정보미제공,정보미제공,정보미제공,Y,Y,Y,Y,Y,Y,Y,Y,,,,,경기도,의정부시,
가톨릭대학교의정부성모병원,A2100040,Y,정보미제공,Y,Y,불가능,정보미제공,불가능,Y,Y,Y,Y,Y,Y,Y,Y,Y,정보미제공,Y,Y,Y,Y,Y,Y,Y,Y,Y,Y,Y,소아외과 없음,"진료가능최저연령-12개월이상,  10kg이상",최저체중-32주 이상 체중 상관없이,최저연령-신생아 이상,경기도,의정부시,
추병원,A2100150,Y,정보미제공,Y,정보미제공,정보미제공,정보미제공,정보미제공,정보미제공,정보미제공,정보미제공,정보미제공,Y,정보미제공,정보미제공,Y,정보미제공,정보미제공,정보미제공,정보미제공,정보미제공,Y,Y,Y,정보미제공,정보미제공,Y,정보미제공,Y,,,,,경기도,의정부시,
경기도의료원의정부병원,A2100043,정보미제공,정보미제공,정보미제공,정보미제공,정보미제공,정보미제공,정보미제공,정보미제공,정보미제공,정보미제공,정보미제공,정보미제공,정보미제공,정보미제공,정보미제공,정보미제공,정보미제공,정보미제공,정보미제공,정보미제공,Y,정보미제공,정보미제공,정보미제공,정보미제공,정보미제공,정보미제공,정보미제공,,,,,경기도,의정부시,
경기도의료원이천병원,A2100193,정보미제공,정보미제공,정보미제공,정보미제공,정보미제공,정보미제공,정보미제공,정보미제공,정보미제공,정보미제공,정보미제공,정보미제공,정보미제공,정보미제공,정보미제공,정보미제공,정보미제공,정보미제공,정보미제공,정보미제공,Y,정보미제공,정보미제공,정보미제공,정보미제공,정보미제공,정보미제공,정보미제공,,,,,경기도,이천시,
메디인병원,A2100131,정보미제공,정보미제공,정보미제공,정보미제공,정보미제공,정보미제공,정보미제공,정보미제공,정보미제공,정보미제공,정보미제공,정보미제공,정보미제공,정보미제공,정보미제공,정보미제공,정보미제공,정보미제공,정보미제공,정보미제공,Y,정보미제공,정보미제공,정보미제공,정보미제공,정보미제공,정보미제공,정보미제공,,,,,경기도,파주시,
경기도의료원파주병원,A2100035,정보미제공,정보미제공,정보미제공,정보미제공,정보미제공,정보미제공,정보미제공,정보미제공,정보미제공,정보미제공,정보미제공,정보미제공,정보미제공,정보미제공,정보미제공,정보미제공,정보미제공,정보미제공,정보미제공,정보미제공,Y,정보미제공,정보미제공,정보미제공,정보미제공,정보미제공,정보미제공,정보미제공,,,,,경기도,파주시,
의료법인갈렌의료재단박병원,A2100309,정보미제공,정보미제공,정보미제공,정보미제공,정보미제공,정보미제공,정보미제공,정보미제공,정보미제공,정보미제공,정보미제공,Y,정보미제공,정보미제공,정보미제공,정보미제공,정보미제공,정보미제공,정보미제공,정보미제공,Y,Y,Y,정보미제공,정보미제공,Y,Y,Y,,,,,경기도,평택시,
의료법인백송의료재단굿모닝병원,A2100028,Y,정보미제공,Y,정보미제공,정보미제공,정보미제공,정보미제공,정보미제공,정보미제공,Y,정보미제공,Y,정보미제공,정보미제공,Y,Y,정보미제공,정보미제공,정보미제공,정보미제공,Y,Y,Y,정보미제공,정보미제공,Y,Y,Y,,,,,경기도,평택시,
의료법인박애의료재단박애병원,A2100022,정보미제공,정보미제공,정보미제공,정보미제공,불가능,정보미제공,정보미제공,정보미제공,정보미제공,불가능,불가능,Y,Y,Y,Y,정보미제공,정보미제공,정보미제공,정보미제공,정보미제공,Y,정보미제공,불가능,정보미제공,정보미제공,Y,정보미제공,Y,,,,,경기도,평택시,
의료법인양진의료재단평택성모병원,A2113246,Y,정보미제공,Y,정보미제공,정보미제공,정보미제공,정보미제공,정보미제공,정보미제공,Y,정보미제공,Y,정보미제공,정보미제공,Y,Y,정보미제공,정보미제공,정보미제공,정보미제공,Y,Y,Y,정보미제공,정보미제공,Y,정보미제공,Y,,,,,경기도,평택시,
의료법인 일심의료재단 포천우리병원,A2100036,정보미제공,정보미제공,정보미제공,정보미제공,정보미제공,정보미제공,정보미제공,정보미제공,정보미제공,정보미제공,정보미제공,정보미제공,정보미제공,정보미제공,정보미제공,정보미제공,정보미제공,정보미제공,정보미제공,정보미제공,Y,정보미제공,정보미제공,정보미제공,정보미제공,정보미제공,정보미제공,정보미제공,,,,,경기도,포천시,
경기도의료원포천병원,A2100031,정보미제공,정보미제공,불가능,정보미제공,정보미제공,정보미제공,정보미제공,Y,Y,불가능,정보미제공,정보미제공,정보미제공,정보미제공,정보미제공,정보미제공,정보미제공,정보미제공,정보미제공,정보미제공,Y,정보미제공,정보미제공,정보미제공,정보미제공,불가능,정보미제공,불가능,,,,,경기도,포천시,
한림대학교동탄성심병원,A2100046,Y,정보미제공,Y,정보미제공,정보미제공,정보미제공,정보미제공,Y,Y,Y,정보미제공,Y,정보미제공,Y,Y,Y,정보미제공,Y,Y,정보미제공,Y,Y,Y,정보미제공,Y,Y,Y,Y,소아과 진료 가능 여부 메모 확인 후 연락 요망 / 최저 연령 6개월  및 8kg 몸무게,진료가능 최저연령: 만 1세 및 몸무게 9kg 이상,제태기간 26주 및 몸무게 (-),최저 연령 10세 및 몸무게 30kg,경기도,화성시,진료가능 최저연령: 만 6세
의료법인은혜와감사의료재단화성중앙종합병원,A2100018,불가능,불가능,불가능,불가능,불가능,불가능,불가능,불가능,불가능,불가능,불가능,불가능,불가능,불가능,불가능,불가능,불가능,불가능,불가능,불가능,Y,불가능,불가능,불가능,불가능,불가능,불가능,불가능,,,,,경기도,화성시,
의료법인원광의료재단원광종합병원,A2115699,정보미제공,정보미제공,정보미제공,정보미제공,정보미제공,정보미제공,정보미제공,정보미제공,정보미제공,정보미제공,정보미제공,정보미제공,정보미제공,정보미제공,정보미제공,정보미제공,정보미제공,정보미제공,정보미제공,정보미제공,Y,정보미제공,정보미제공,정보미제공,정보미제공,정보미제공,정보미제공,정보미제공,,,,,경기도,화성시,
의료법인 거붕 백병원,A2800008,정보미제공,정보미제공,Y,정보미제공,정보미제공,정보미제공,정보미제공,정보미제공,정보미제공,Y,정보미제공,정보미제공,정보미제공,정보미제공,정보미제공,정보미제공,정보미제공,정보미제공,정보미제공,정보미제공,Y,정보미제공,Y,정보미제공,정보미제공,Y,정보미제공,Y,,,,,경상남도,거제시,
의료법인 대우의료재단대우병원,A2800005,정보미제공,정보미제공,Y,정보미제공,정보미제공,정보미제공,정보미제공,정보미제공,정보미제공,Y,정보미제공,정보미제공,정보미제공,정보미제공,Y,정보미제공,정보미제공,정보미제공,정보미제공,정보미제공,Y,정보미제공,Y,정보미제공,정보미제공,Y,정보미제공,Y,,,,,경상남도,거제시,
의료법인 성념의료재단맑은샘병원,A2800022,정보미제공,정보미제공,정보미제공,정보미제공,정보미제공,정보미제공,정보미제공,정보미제공,정보미제공,정보미제공,정보미제공,정보미제공,정보미제공,정보미제공,Y,정보미제공,정보미제공,정보미제공,정보미제공,정보미제공,Y,정보미제공,정보미제공,정보미제공,정보미제공,Y,정보미제공,Y,,,,,경상남도,거제시,
거창적십자병원,A2800076,정보미제공,정보미제공,정보미제공,정보미제공,정보미제공,정보미제공,정보미제공,정보미제공,정보미제공,정보미제공,정보미제공,정보미제공,정보미제공,정보미제공,정보미제공,정보미제공,정보미제공,정보미제공,정보미제공,정보미제공,Y,정보미제공,정보미제공,정보미제공,정보미제공,정보미제공,정보미제공,정보미제공,,,,,경상남도,거창군,
강병원,A2800032,정보미제공,정보미제공,정보미제공,정보미제공,정보미제공,정보미제공,정보미제공,정보미제공,정보미제공,정보미제공,정보미제공,정보미제공,정보미제공,정보미제공,정보미제공,정보미제공,정보미제공,정보미제공,정보미제공,정보미제공,Y,정보미제공,정보미제공,정보미제공,정보미제공,정보미제공,정보미제공,정보미제공,,,,,경상남도,고성군,
강일병원,A2803677,불가능,정보미제공,정보미제공,정보미제공,정보미제공,정보미제공,정보미제공,정보미제공,정보미제공,정보미제공,정보미제공,정보미제공,정보미제공,정보미제공,정보미제공,정보미제공,정보미제공,정보미제공,정보미제공,정보미제공,Y,정보미제공,정보미제공,정보미제공,정보미제공,정보미제공,정보미제공,정보미제공,,,,,경상남도,김해시,
의료법인환명의료재단 조은금강병원,A2800010,Y,정보미제공,정보미제공,정보미제공,정보미제공,정보미제공,정보미제공,정보미제공,정보미제공,Y,정보미제공,정보미제공,정보미제공,정보미제공,정보미제공,정보미제공,정보미제공,정보미제공,정보미제공,정보미제공,Y,정보미제공,정보미제공,정보미제공,정보미제공,Y,Y,Y,,,,,경상남도,김해시,
의료법인갑을의료재단 갑을장유병원,A2800014,정보미제공,정보미제공,정보미제공,정보미제공,정보미제공,정보미제공,정보미제공,정보미제공,정보미제공,정보미제공,정보미제공,정보미제공,정보미제공,정보미제공,정보미제공,정보미제공,정보미제공,정보미제공,정보미제공,정보미제공,Y,정보미제공,정보미제공,정보미제공,정보미제공,정보미제공,정보미제공,정보미제공,,,,,경상남도,김해시,
의료법인숭인의료재단 김해복음병원,A2800006,Y,정보미제공,정보미제공,정보미제공,정보미제공,정보미제공,정보미제공,정보미제공,정보미제공,정보미제공,정보미제공,Y,정보미제공,정보미제공,Y,Y,정보미제공,정보미제공,정보미제공,정보미제공,Y,정보미제공,Y,정보미제공,정보미제공,Y,정보미제공,Y,,,,,경상남도,김해시,
의료법인 이도의료재단 남해병원,A2800094,정보미제공,정보미제공,정보미제공,정보미제공,정보미제공,정보미제공,정보미제공,정보미제공,정보미제공,정보미제공,정보미제공,정보미제공,정보미제공,정보미제공,정보미제공,정보미제공,정보미제공,정보미제공,정보미제공,정보미제공,Y,정보미제공,정보미제공,정보미제공,정보미제공,정보미제공,정보미제공,정보미제공,,,,,경상남도,남해군,
밀양병원,A2800113,정보미제공,정보미제공,정보미제공,정보미제공,정보미제공,정보미제공,정보미제공,정보미제공,정보미제공,정보미제공,정보미제공,정보미제공,정보미제공,정보미제공,정보미제공,정보미제공,정보미제공,정보미제공,정보미제공,정보미제공,Y,정보미제공,정보미제공,정보미제공,정보미제공,정보미제공,정보미제공,정보미제공,,,,,경상남도,밀양시,
의료법인승연의료재단 삼천포서울병원,A2800068,정보미제공,정보미제공,정보미제공,정보미제공,정보미제공,정보미제공,정보미제공,정보미제공,정보미제공,정보미제공,정보미제공,정보미제공,정보미제공,정보미제공,Y,정보미제공,정보미제공,정보미제공,정보미제공,정보미제공,Y,정보미제공,정보미제공,정보미제공,정보미제공,정보미제공,정보미제공,정보미제공,,,,,경상남도,사천시,
삼천포제일병원,A2800101,정보미제공,정보미제공,정보미제공,정보미제공,정보미제공,정보미제공,정보미제공,정보미제공,정보미제공,정보미제공,정보미제공,정보미제공,정보미제공,정보미제공,Y,정보미제공,정보미제공,정보미제공,정보미제공,정보미제공,Y,정보미제공,정보미제공,정보미제공,정보미제공,정보미제공,정보미제공,정보미제공,,,,,경상남도,사천시,
산청군보건의료원,E2800380,정보미제공,정보미제공,정보미제공,정보미제공,정보미제공,정보미제공,정보미제공,정보미제공,정보미제공,정보미제공,정보미제공,정보미제공,정보미제공,정보미제공,정보미제공,정보미제공,정보미제공,정보미제공,정보미제공,정보미제공,Y,정보미제공,정보미제공,정보미제공,정보미제공,정보미제공,정보미제공,정보미제공,,,,,경상남도,산청군,
양산부산대학교병원,A2800011,Y,Y,Y,Y,Y,Y,Y,불가능,불가능,불가능,정보미제공,불가능,정보미제공,정보미제공,Y,Y,정보미제공,불가능,불가능,Y,Y,Y,Y,Y,불가능,불가능,불가능,불가능,최저연령:1세,최저연령:신생아,최저체중:400g,최저연령:1세,경상남도,양산시,1세
양산성모병원,A2804593,정보미제공,정보미제공,정보미제공,정보미제공,정보미제공,정보미제공,정보미제공,정보미제공,정보미제공,정보미제공,정보미제공,정보미제공,정보미제공,정보미제공,정보미제공,정보미제공,정보미제공,정보미제공,정보미제공,정보미제공,Y,정보미제공,정보미제공,정보미제공,정보미제공,정보미제공,정보미제공,정보미제공,,,,,경상남도,양산시,
베데스다복음병원,A2800019,정보미제공,정보미제공,정보미제공,정보미제공,정보미제공,정보미제공,정보미제공,정보미제공,정보미제공,정보미제공,정보미제공,정보미제공,정보미제공,정보미제공,정보미제공,정보미제공,정보미제공,정보미제공,정보미제공,정보미제공,Y,정보미제공,정보미제공,정보미제공,정보미제공,정보미제공,정보미제공,정보미제공,,,,,경상남도,양산시,
의령병원,A2800090,정보미제공,정보미제공,정보미제공,정보미제공,정보미제공,정보미제공,정보미제공,정보미제공,정보미제공,정보미제공,정보미제공,정보미제공,정보미제공,정보미제공,정보미제공,정보미제공,정보미제공,정보미제공,정보미제공,정보미제공,Y,정보미제공,정보미제공,정보미제공,정보미제공,정보미제공,정보미제공,정보미제공,,,,,경상남도,의령군,
경상국립대학교병원,A2800001,Y,불가능,Y,Y,Y,정보미제공,Y,Y,Y,Y,정보미제공,Y,정보미제공,정보미제공,Y,불가능,Y,Y,불가능,불가능,Y,불가능,Y,불가능,불가능,Y,Y,Y,1day,1day,체중상관없음,1day,경상남도,진주시,
반도병원,A2800084,정보미제공,정보미제공,정보미제공,정보미제공,정보미제공,정보미제공,정보미제공,정보미제공,정보미제공,정보미제공,Y,정보미제공,정보미제공,정보미제공,Y,정보미제공,정보미제공,정보미제공,정보미제공,정보미제공,Y,정보미제공,정보미제공,정보미제공,정보미제공,Y,정보미제공,Y,불가능,불가능,불가능,불가능,경상남도,진주시,불가능
의료법인 문병욱의료재단 진주고려병원,A2800015,Y,정보미제공,Y,정보미제공,정보미제공,정보미제공,정보미제공,정보미제공,정보미제공,정보미제공,정보미제공,정보미제공,정보미제공,정보미제공,정보미제공,정보미제공,정보미제공,정보미제공,정보미제공,정보미제공,Y,정보미제공,정보미제공,정보미제공,정보미제공,정보미제공,정보미제공,정보미제공,,,,,경상남도,진주시,
한일병원,A2800043,정보미제공,정보미제공,정보미제공,정보미제공,정보미제공,정보미제공,정보미제공,정보미제공,정보미제공,정보미제공,정보미제공,Y,정보미제공,정보미제공,불가능,정보미제공,정보미제공,정보미제공,정보미제공,정보미제공,Y,Y,Y,정보미제공,정보미제공,Y,Y,Y,,,,,경상남도,진주시,
진주복음병원,A2800037,정보미제공,정보미제공,정보미제공,정보미제공,정보미제공,정보미제공,정보미제공,정보미제공,정보미제공,정보미제공,정보미제공,정보미제공,정보미제공,정보미제공,정보미제공,정보미제공,정보미제공,정보미제공,정보미제공,정보미제공,Y,정보미제공,정보미제공,정보미제공,정보미제공,정보미제공,정보미제공,정보미제공,,,,,경상남도,진주시,
제일병원,A2800003,Y,정보미제공,정보미제공,정보미제공,정보미제공,정보미제공,정보미제공,정보미제공,정보미제공,정보미제공,Y,정보미제공,정보미제공,정보미제공,Y,정보미제공,정보미제공,정보미제공,정보미제공,정보미제공,Y,정보미제공,정보미제공,정보미제공,정보미제공,Y,Y,Y,1세이상 10kg 이상,,,,경상남도,진주시,
태황의료재단한성병원,A2800062,정보미제공,정보미제공,정보미제공,정보미제공,정보미제공,정보미제공,정보미제공,정보미제공,정보미제공,정보미제공,정보미제공,정보미제공,정보미제공,정보미제공,정보미제공,정보미제공,정보미제공,정보미제공,정보미제공,정보미제공,Y,정보미제공,정보미제공,정보미제공,정보미제공,정보미제공,정보미제공,정보미제공,,,,,경상남도,창녕군,
경상남도마산의료원,A2800025,정보미제공,정보미제공,정보미제공,정보미제공,정보미제공,정보미제공,정보미제공,정보미제공,정보미제공,정보미제공,정보미제공,정보미제공,정보미제공,정보미제공,정보미제공,정보미제공,정보미제공,정보미제공,정보미제공,정보미제공,Y,정보미제공,정보미제공,정보미제공,정보미제공,정보미제공,정보미제공,정보미제공,,,,,경상남도,창원시,
의료법인합포의료재단에스엠지연세병원,A2800017,Y,정보미제공,Y,정보미제공,정보미제공,정보미제공,정보미제공,정보미제공,정보미제공,정보미제공,정보미제공,Y,정보미제공,정보미제공,Y,Y,정보미제공,정보미제공,Y,정보미제공,Y,Y,정보미제공,정보미제공,정보미제공,Y,Y,Y,,만 7세이상가능,,,경상남도,창원시,
의료법인청아의료재단청아병원,A2800009,정보미제공,정보미제공,정보미제공,정보미제공,정보미제공,정보미제공,정보미제공,정보미제공,정보미제공,정보미제공,정보미제공,정보미제공,정보미제공,정보미제공,정보미제공,정보미제공,정보미제공,정보미제공,정보미제공,정보미제공,Y,정보미제공,정보미제공,정보미제공,정보미제공,정보미제공,정보미제공,정보미제공,,,,,경상남도,창원시,
학교법인성균관대학삼성창원병원,A2800020,Y,Y,Y,정보미제공,정보미제공,정보미제공,Y,불가능,불가능,불가능,정보미제공,Y,불가능,정보미제공,Y,불가능,정보미제공,정보미제공,Y,정보미제공,Y,Y,Y,Y,Y,Y,Y,Y,8세이하 가능(30~40kg),1day,"제태기간34주미만,출생체중1750g미만",가능,경상남도,창원시,가능
창원경상국립대학교병원,A2803505,Y,Y,불가능,Y,불가능,정보미제공,Y,Y,Y,불가능,Y,정보미제공,정보미제공,정보미제공,Y,Y,Y,불가능,Y,Y,Y,Y,Y,Y,Y,Y,Y,Y,연령상관없이 수용가능,신생아 생후 1일부터 가능,신생아 생후 1일부터 가능,생후 1일부터 가능,경상남도,창원시,
창원한마음병원,A2800007,Y,Y,Y,정보미제공,정보미제공,정보미제공,Y,Y,Y,Y,Y,Y,정보미제공,Y,Y,Y,정보미제공,정보미제공,Y,정보미제공,Y,Y,Y,정보미제공,Y,Y,Y,Y,9개월부터 가능,만 3세 이상 가능,34W 2Kg 이상 가능,,경상남도,창원시,불가능
창원파티마병원,A2800004,Y,정보미제공,정보미제공,정보미제공,정보미제공,정보미제공,정보미제공,정보미제공,정보미제공,Y,정보미제공,Y,정보미제공,정보미제공,Y,Y,정보미제공,정보미제공,정보미제공,정보미제공,Y,Y,Y,정보미제공,정보미제공,Y,Y,Y,8세 이하,,,,경상남도,창원시,
연세에스병원,A2800021,정보미제공,정보미제공,정보미제공,정보미제공,정보미제공,정보미제공,정보미제공,정보미제공,정보미제공,정보미제공,정보미제공,불가능,정보미제공,정보미제공,정보미제공,정보미제공,정보미제공,정보미제공,정보미제공,정보미제공,Y,불가능,불가능,정보미제공,정보미제공,정보미제공,정보미제공,정보미제공,,,,,경상남도,창원시,
새통영병원,A2800092,정보미제공,정보미제공,정보미제공,정보미제공,정보미제공,정보미제공,정보미제공,정보미제공,정보미제공,정보미제공,정보미제공,정보미제공,정보미제공,정보미제공,정보미제공,정보미제공,정보미제공,정보미제공,정보미제공,정보미제공,Y,정보미제공,정보미제공,정보미제공,정보미제공,정보미제공,정보미제공,정보미제공,,,,,경상남도,통영시,
삼성합천병원,A2800055,정보미제공,정보미제공,정보미제공,정보미제공,정보미제공,정보미제공,정보미제공,정보미제공,정보미제공,정보미제공,정보미제공,정보미제공,정보미제공,정보미제공,정보미제공,정보미제공,정보미제공,정보미제공,정보미제공,정보미제공,Y,정보미제공,정보미제공,정보미제공,정보미제공,정보미제공,정보미제공,정보미제공,불가능,불가능,불가능,불가능,경상남도,합천군,불가능
의)근원의료재단경산중앙병원,A2700019,정보미제공,정보미제공,정보미제공,정보미제공,정보미제공,정보미제공,정보미제공,정보미제공,정보미제공,정보미제공,정보미제공,정보미제공,정보미제공,정보미제공,정보미제공,정보미제공,정보미제공,정보미제공,정보미제공,정보미제공,Y,정보미제공,정보미제공,정보미제공,정보미제공,정보미제공,정보미제공,정보미제공,,,,,경상북도,경산시,
의료법인서명의료재단세명종합병원,A2700036,정보미제공,정보미제공,정보미제공,정보미제공,정보미제공,정보미제공,정보미제공,정보미제공,정보미제공,정보미제공,정보미제공,정보미제공,정보미제공,정보미제공,정보미제공,정보미제공,정보미제공,정보미제공,정보미제공,정보미제공,Y,정보미제공,정보미제공,정보미제공,정보미제공,정보미제공,정보미제공,정보미제공,,,,,경상북도,경산시,
동국대학교의과대학경주병원,A2700003,정보미제공,정보미제공,Y,정보미제공,정보미제공,정보미제공,정보미제공,정보미제공,정보미제공,정보미제공,정보미제공,Y,정보미제공,정보미제공,정보미제공,정보미제공,정보미제공,Y,정보미제공,정보미제공,Y,Y,Y,정보미제공,정보미제공,Y,정보미제공,Y,문의 후 전원,,,,경상북도,경주시,
계명대학교경주동산병원,A2700097,정보미제공,정보미제공,정보미제공,정보미제공,정보미제공,정보미제공,정보미제공,정보미제공,정보미제공,정보미제공,정보미제공,정보미제공,정보미제공,정보미제공,정보미제공,정보미제공,정보미제공,정보미제공,정보미제공,정보미제공,Y,정보미제공,정보미제공,정보미제공,정보미제공,정보미제공,정보미제공,정보미제공,,,,,경상북도,경주시,
의료법인영암의료재단고령영생병원,A2700070,정보미제공,정보미제공,정보미제공,정보미제공,정보미제공,정보미제공,정보미제공,정보미제공,정보미제공,정보미제공,정보미제공,정보미제공,정보미제공,정보미제공,정보미제공,정보미제공,정보미제공,정보미제공,정보미제공,정보미제공,Y,정보미제공,정보미제공,정보미제공,정보미제공,정보미제공,정보미제공,정보미제공,,,,,경상북도,고령군,
순천향대학교부속구미병원,A2700013,Y,정보미제공,Y,정보미제공,Y,정보미제공,정보미제공,Y,Y,Y,정보미제공,Y,Y,정보미제공,Y,Y,정보미제공,정보미제공,정보미제공,정보미제공,Y,Y,Y,정보미제공,정보미제공,Y,Y,Y,,,,,경상북도,구미시,
차의과학대학교부속구미차병원,A2700007,Y,Y,Y,정보미제공,Y,정보미제공,Y,Y,Y,Y,Y,Y,정보미제공,정보미제공,Y,Y,정보미제공,Y,Y,Y,Y,Y,Y,정보미제공,Y,Y,Y,Y,,,32주 이상 가능,만 7세/ 20kg이상,경상북도,구미시,
구미강동병원,A2700015,정보미제공,정보미제공,정보미제공,정보미제공,정보미제공,정보미제공,정보미제공,정보미제공,정보미제공,정보미제공,정보미제공,정보미제공,정보미제공,정보미제공,정보미제공,정보미제공,정보미제공,정보미제공,정보미제공,정보미제공,Y,Y,Y,정보미제공,정보미제공,정보미제공,정보미제공,정보미제공,,,,,경상북도,구미시,
경상북도김천의료원,A2700018,정보미제공,정보미제공,Y,정보미제공,정보미제공,정보미제공,정보미제공,정보미제공,정보미제공,정보미제공,정보미제공,정보미제공,정보미제공,정보미제공,정보미제공,정보미제공,정보미제공,정보미제공,정보미제공,정보미제공,Y,정보미제공,Y,정보미제공,정보미제공,Y,정보미제공,Y,,,,,경상북도,김천시,
의료법인덕산의료재단김천제일병원,A2700012,불가능,정보미제공,Y,정보미제공,정보미제공,정보미제공,정보미제공,Y,Y,Y,정보미제공,정보미제공,정보미제공,정보미제공,Y,정보미제공,정보미제공,정보미제공,정보미제공,정보미제공,Y,정보미제공,Y,정보미제공,정보미제공,Y,Y,Y,,,,,경상북도,김천시,
의료법인동춘의료재단문경제일병원,A2700006,정보미제공,정보미제공,정보미제공,정보미제공,정보미제공,정보미제공,정보미제공,정보미제공,정보미제공,정보미제공,정보미제공,정보미제공,정보미제공,정보미제공,Y,정보미제공,정보미제공,정보미제공,정보미제공,정보미제공,Y,정보미제공,Y,정보미제공,정보미제공,정보미제공,정보미제공,정보미제공,*20kg 이상 수용가능*,,,,경상북도,문경시,
의료법인삼백의료재단상주성모병원,A2700009,정보미제공,정보미제공,Y,정보미제공,정보미제공,정보미제공,정보미제공,정보미제공,정보미제공,Y,정보미제공,정보미제공,정보미제공,정보미제공,Y,정보미제공,정보미제공,정보미제공,정보미제공,정보미제공,Y,정보미제공,Y,정보미제공,정보미제공,Y,정보미제공,Y,,,,,경상북도,상주시,
상주적십자병원,A2700011,정보미제공,정보미제공,Y,정보미제공,정보미제공,정보미제공,정보미제공,Y,정보미제공,정보미제공,정보미제공,정보미제공,정보미제공,정보미제공,정보미제공,정보미제공,정보미제공,정보미제공,정보미제공,정보미제공,Y,정보미제공,정보미제공,정보미제공,정보미제공,Y,정보미제공,Y,,,,,경상북도,상주시,
안동성소병원,A2700004,Y,Y,Y,정보미제공,정보미제공,정보미제공,정보미제공,Y,Y,Y,Y,정보미제공,정보미제공,정보미제공,Y,Y,Y,정보미제공,Y,정보미제공,Y,정보미제공,Y,정보미제공,정보미제공,Y,Y,Y,진료가능 최저연령: 10개월,,,,경상북도,안동시,
의료법인안동병원,A2700014,Y,Y,Y,정보미제공,불가능,정보미제공,Y,Y,Y,Y,정보미제공,Y,정보미제공,정보미제공,Y,Y,Y,불가능,Y,Y,Y,Y,Y,불가능,불가능,Y,Y,Y,정복술만 가능(만3개월~6세이하),,35주 2000g 이상 가능,만4세 20kg 이상 가능,경상북도,안동시,
경상북도안동의료원,A2700001,정보미제공,정보미제공,정보미제공,정보미제공,정보미제공,정보미제공,정보미제공,정보미제공,정보미제공,정보미제공,정보미제공,정보미제공,정보미제공,정보미제공,정보미제공,정보미제공,정보미제공,정보미제공,정보미제공,정보미제공,Y,정보미제공,정보미제공,정보미제공,정보미제공,정보미제공,정보미제공,정보미제공,,,,,경상북도,안동시,
영주기독병원,A2700031,정보미제공,정보미제공,정보미제공,정보미제공,정보미제공,정보미제공,정보미제공,정보미제공,정보미제공,정보미제공,정보미제공,정보미제공,정보미제공,정보미제공,정보미제공,정보미제공,정보미제공,정보미제공,정보미제공,정보미제공,Y,정보미제공,정보미제공,정보미제공,정보미제공,정보미제공,정보미제공,정보미제공,,,,,경상북도,영주시,
영주자인병원,A2700020,정보미제공,정보미제공,정보미제공,정보미제공,정보미제공,정보미제공,정보미제공,정보미제공,정보미제공,정보미제공,정보미제공,정보미제공,정보미제공,정보미제공,정보미제공,정보미제공,정보미제공,정보미제공,정보미제공,정보미제공,Y,정보미제공,정보미제공,정보미제공,정보미제공,정보미제공,정보미제공,정보미제공,,,,,경상북도,영주시,
영주적십자병원,A2702752,정보미제공,정보미제공,정보미제공,정보미제공,정보미제공,정보미제공,정보미제공,정보미제공,정보미제공,정보미제공,정보미제공,정보미제공,정보미제공,정보미제공,정보미제공,정보미제공,정보미제공,정보미제공,정보미제공,정보미제공,Y,정보미제공,정보미제공,정보미제공,정보미제공,정보미제공,정보미제공,정보미제공,,,,,경상북도,영주시,
영남대학교의과대학부속영천병원,A2700017,정보미제공,정보미제공,정보미제공,정보미제공,정보미제공,정보미제공,정보미제공,정보미제공,정보미제공,정보미제공,정보미제공,정보미제공,정보미제공,정보미제공,정보미제공,정보미제공,정보미제공,정보미제공,정보미제공,정보미제공,Y,정보미제공,정보미제공,정보미제공,정보미제공,Y,Y,정보미제공,,,,,경상북도,영천시,
의료법인서준의료재단예천권병원,A2700023,정보미제공,정보미제공,정보미제공,정보미제공,정보미제공,정보미제공,정보미제공,정보미제공,정보미제공,정보미제공,정보미제공,정보미제공,정보미제공,정보미제공,정보미제공,정보미제공,정보미제공,정보미제공,정보미제공,정보미제공,Y,정보미제공,정보미제공,정보미제공,정보미제공,정보미제공,정보미제공,정보미제공,,,,,경상북도,예천군,
울릉군보건의료원,E2700553,정보미제공,정보미제공,정보미제공,정보미제공,정보미제공,정보미제공,정보미제공,정보미제공,정보미제공,정보미제공,정보미제공,정보미제공,정보미제공,정보미제공,정보미제공,정보미제공,정보미제공,정보미제공,정보미제공,정보미제공,Y,정보미제공,정보미제공,정보미제공,정보미제공,정보미제공,정보미제공,정보미제공,,,,,경상북도,울릉군,
울진군의료원,A2700052,정보미제공,정보미제공,정보미제공,정보미제공,정보미제공,정보미제공,정보미제공,정보미제공,정보미제공,정보미제공,정보미제공,정보미제공,정보미제공,정보미제공,정보미제공,정보미제공,정보미제공,정보미제공,정보미제공,정보미제공,Y,정보미제공,정보미제공,정보미제공,정보미제공,정보미제공,정보미제공,정보미제공,,,,,경상북도,울진군,
의료법인영제의료재단영남제일병원,A2700063,정보미제공,정보미제공,정보미제공,정보미제공,정보미제공,정보미제공,정보미제공,정보미제공,정보미제공,정보미제공,정보미제공,정보미제공,정보미제공,정보미제공,정보미제공,정보미제공,정보미제공,정보미제공,정보미제공,정보미제공,Y,정보미제공,정보미제공,정보미제공,정보미제공,정보미제공,정보미제공,정보미제공,,,,,경상북도,의성군,
의료법인대남의료재단청도대남병원,A2700038,정보미제공,정보미제공,정보미제공,정보미제공,정보미제공,정보미제공,정보미제공,정보미제공,정보미제공,정보미제공,정보미제공,정보미제공,정보미제공,정보미제공,정보미제공,정보미제공,정보미제공,정보미제공,정보미제공,정보미제공,Y,정보미제공,정보미제공,정보미제공,정보미제공,정보미제공,정보미제공,정보미제공,,,,,경상북도,청도군,
청송군보건의료원,E2700554,정보미제공,정보미제공,정보미제공,정보미제공,정보미제공,정보미제공,정보미제공,정보미제공,정보미제공,정보미제공,정보미제공,정보미제공,정보미제공,정보미제공,정보미제공,정보미제공,정보미제공,정보미제공,정보미제공,정보미제공,Y,정보미제공,정보미제공,정보미제공,정보미제공,정보미제공,정보미제공,정보미제공,,,,,경상북도,청송군,
포항성모병원,A2700016,Y,Y,Y,Y,정보미제공,정보미제공,정보미제공,Y,Y,Y,정보미제공,Y,정보미제공,정보미제공,Y,Y,정보미제공,정보미제공,정보미제공,정보미제공,Y,Y,Y,정보미제공,정보미제공,Y,Y,Y,,만7세부터 가능,,,경상북도,포항시,
포항세명기독병원,A2700002,Y,정보미제공,Y,정보미제공,정보미제공,정보미제공,정보미제공,정보미제공,정보미제공,정보미제공,Y,Y,정보미제공,정보미제공,Y,Y,정보미제공,정보미제공,정보미제공,정보미제공,Y,Y,Y,정보미제공,정보미제공,Y,Y,Y,1세,,,,경상북도,포항시,
에스포항병원,A2700008,정보미제공,정보미제공,정보미제공,정보미제공,정보미제공,정보미제공,정보미제공,정보미제공,정보미제공,정보미제공,정보미제공,정보미제공,정보미제공,정보미제공,정보미제공,정보미제공,정보미제공,정보미제공,정보미제공,정보미제공,Y,정보미제공,정보미제공,정보미제공,정보미제공,정보미제공,정보미제공,정보미제공,,,,,경상북도,포항시,
의료법인은성의료재단좋은선린병원,A2702563,불가능,정보미제공,Y,정보미제공,정보미제공,정보미제공,정보미제공,정보미제공,정보미제공,정보미제공,정보미제공,정보미제공,정보미제공,정보미제공,Y,Y,정보미제공,정보미제공,정보미제공,정보미제공,Y,정보미제공,불가능,정보미제공,정보미제공,Y,정보미제공,Y,,,,,경상북도,포항시,
경상북도포항의료원,A2700005,정보미제공,정보미제공,정보미제공,정보미제공,정보미제공,정보미제공,정보미제공,정보미제공,정보미제공,정보미제공,정보미제공,정보미제공,정보미제공,정보미제공,정보미제공,정보미제공,정보미제공,정보미제공,정보미제공,정보미제공,Y,정보미제공,정보미제공,정보미제공,정보미제공,정보미제공,정보미제공,정보미제공,,,,,경상북도,포항시,
신가병원,A1500006,정보미제공,정보미제공,정보미제공,정보미제공,정보미제공,정보미제공,정보미제공,정보미제공,정보미제공,정보미제공,정보미제공,정보미제공,정보미제공,정보미제공,정보미제공,정보미제공,정보미제공,정보미제공,정보미제공,정보미제공,Y,정보미제공,정보미제공,정보미제공,정보미제공,정보미제공,정보미제공,정보미제공,,,,,광주광역시,광산구,
광주센트럴병원,A1502007,정보미제공,정보미제공,정보미제공,정보미제공,정보미제공,정보미제공,정보미제공,정보미제공,정보미제공,정보미제공,정보미제공,정보미제공,정보미제공,정보미제공,정보미제공,정보미제공,정보미제공,정보미제공,정보미제공,정보미제공,Y,정보미제공,정보미제공,정보미제공,정보미제공,정보미제공,정보미제공,정보미제공,,,,,광주광역시,광산구,
KS병원,A1500019,Y,정보미제공,Y,정보미제공,정보미제공,정보미제공,정보미제공,정보미제공,정보미제공,정보미제공,정보미제공,정보미제공,정보미제공,정보미제공,Y,Y,정보미제공,정보미제공,정보미제공,정보미제공,Y,정보미제공,Y,정보미제공,정보미제공,Y,Y,Y,,,,,광주광역시,광산구,
하남성심병원,A1500017,정보미제공,정보미제공,정보미제공,정보미제공,정보미제공,정보미제공,정보미제공,정보미제공,정보미제공,정보미제공,정보미제공,정보미제공,정보미제공,정보미제공,정보미제공,정보미제공,정보미제공,정보미제공,정보미제공,정보미제공,Y,정보미제공,정보미제공,정보미제공,정보미제공,정보미제공,정보미제공,정보미제공,,,,,광주광역시,광산구,
광주수완병원,A1500018,정보미제공,정보미제공,정보미제공,정보미제공,정보미제공,정보미제공,정보미제공,정보미제공,정보미제공,정보미제공,정보미제공,정보미제공,정보미제공,정보미제공,정보미제공,정보미제공,정보미제공,정보미제공,정보미제공,정보미제공,Y,정보미제공,정보미제공,정보미제공,정보미제공,정보미제공,정보미제공,정보미제공,,,,,광주광역시,광산구,
광주보훈병원,A1500004,Y,정보미제공,정보미제공,정보미제공,정보미제공,정보미제공,정보미제공,정보미제공,정보미제공,정보미제공,정보미제공,정보미제공,정보미제공,정보미제공,정보미제공,정보미제공,정보미제공,정보미제공,정보미제공,정보미제공,Y,정보미제공,정보미제공,정보미제공,정보미제공,정보미제공,정보미제공,정보미제공,,"12개월,10kg",,,광주광역시,광산구,
첨단종합병원,A1500011,정보미제공,정보미제공,Y,정보미제공,정보미제공,정보미제공,정보미제공,정보미제공,정보미제공,Y,Y,정보미제공,Y,정보미제공,Y,정보미제공,Y,정보미제공,Y,정보미제공,Y,정보미제공,Y,정보미제공,정보미제공,Y,정보미제공,Y,영유아 장중첩/폐색의 정복술과 외과적 응급 수술 및 집중치료가 가능한 경우,,,,광주광역시,광산구,
동아병원,A1500013,정보미제공,정보미제공,정보미제공,정보미제공,정보미제공,정보미제공,정보미제공,정보미제공,정보미제공,정보미제공,정보미제공,정보미제공,정보미제공,정보미제공,정보미제공,정보미제공,정보미제공,정보미제공,정보미제공,정보미제공,Y,정보미제공,정보미제공,정보미제공,정보미제공,정보미제공,정보미제공,정보미제공,,,,,광주광역시,남구,
광주씨티병원,A1500009,정보미제공,정보미제공,정보미제공,정보미제공,정보미제공,정보미제공,정보미제공,정보미제공,정보미제공,정보미제공,정보미제공,정보미제공,정보미제공,정보미제공,정보미제공,정보미제공,정보미제공,정보미제공,정보미제공,정보미제공,Y,정보미제공,Y,정보미제공,정보미제공,Y,정보미제공,Y,,,,,광주광역시,남구,
광주기독병원,A1500021,불가능,정보미제공,Y,정보미제공,정보미제공,정보미제공,정보미제공,정보미제공,정보미제공,정보미제공,정보미제공,불가능,정보미제공,정보미제공,정보미제공,정보미제공,정보미제공,정보미제공,정보미제공,정보미제공,Y,불가능,불가능,정보미제공,정보미제공,정보미제공,정보미제공,정보미제공,부분제공,"3개월, 10kg",37주 1일 이상,부분제공,광주광역시,남구,
전남대학교병원,A1500002,Y,Y,Y,Y,Y,Y,Y,Y,Y,Y,정보미제공,Y,Y,정보미제공,Y,Y,Y,Y,Y,Y,Y,Y,Y,Y,Y,Y,Y,Y,0세 이상,0세 이상,500g 이상,0세 이상,광주광역시,동구,0세 이상
조선대학교병원,A1500001,Y,정보미제공,Y,정보미제공,Y,정보미제공,Y,정보미제공,정보미제공,정보미제공,정보미제공,Y,정보미제공,정보미제공,정보미제공,Y,Y,Y,정보미제공,정보미제공,Y,Y,Y,정보미제공,정보미제공,Y,정보미제공,Y,"진료가능 최저연령: 8세 이상, 체중: 30kg 이상",진료가능 최저체중: 10kg,제한없음,,광주광역시,동구,"진료가능 최저연령: 12개월,진료가능 최저체중: 10kg"
광주병원,A1500015,Y,정보미제공,Y,정보미제공,정보미제공,정보미제공,정보미제공,정보미제공,정보미제공,정보미제공,정보미제공,Y,정보미제공,정보미제공,정보미제공,정보미제공,정보미제공,정보미제공,정보미제공,정보미제공,Y,Y,Y,정보미제공,정보미제공,Y,Y,Y,,,,,광주광역시,북구,
운암한국병원,A1500010,정보미제공,정보미제공,정보미제공,정보미제공,정보미제공,정보미제공,정보미제공,정보미제공,정보미제공,정보미제공,정보미제공,정보미제공,정보미제공,정보미제공,정보미제공,정보미제공,정보미제공,정보미제공,정보미제공,정보미제공,Y,정보미제공,정보미제공,정보미제공,정보미제공,정보미제공,정보미제공,정보미제공,,,,,광주광역시,북구,
광주현대병원,A1500003,정보미제공,정보미제공,정보미제공,정보미제공,정보미제공,정보미제공,정보미제공,정보미제공,정보미제공,정보미제공,정보미제공,정보미제공,정보미제공,정보미제공,정보미제공,정보미제공,정보미제공,정보미제공,정보미제공,정보미제공,Y,정보미제공,정보미제공,정보미제공,정보미제공,정보미제공,정보미제공,정보미제공,,,,,광주광역시,북구,
광주일곡병원,A1500005,정보미제공,정보미제공,정보미제공,정보미제공,정보미제공,정보미제공,정보미제공,정보미제공,정보미제공,정보미제공,정보미제공,정보미제공,정보미제공,정보미제공,정보미제공,정보미제공,정보미제공,정보미제공,정보미제공,정보미제공,Y,정보미제공,정보미제공,정보미제공,정보미제공,정보미제공,정보미제공,정보미제공,,,,,광주광역시,북구,
광주희망병원,A1500007,정보미제공,정보미제공,정보미제공,정보미제공,정보미제공,정보미제공,정보미제공,정보미제공,정보미제공,정보미제공,정보미제공,정보미제공,정보미제공,정보미제공,정보미제공,정보미제공,정보미제공,정보미제공,정보미제공,정보미제공,Y,정보미제공,정보미제공,정보미제공,정보미제공,정보미제공,정보미제공,정보미제공,,,,,광주광역시,북구,
서광병원,A1500020,정보미제공,정보미제공,정보미제공,정보미제공,정보미제공,정보미제공,정보미제공,정보미제공,정보미제공,정보미제공,정보미제공,정보미제공,정보미제공,정보미제공,Y,Y,정보미제공,정보미제공,정보미제공,정보미제공,Y,정보미제공,정보미제공,정보미제공,정보미제공,Y,Y,Y,,,,,광주광역시,서구,
상무병원,A1500022,정보미제공,정보미제공,정보미제공,정보미제공,정보미제공,정보미제공,정보미제공,정보미제공,정보미제공,정보미제공,정보미제공,정보미제공,정보미제공,정보미제공,정보미제공,정보미제공,정보미제공,정보미제공,정보미제공,정보미제공,Y,정보미제공,정보미제공,정보미제공,정보미제공,정보미제공,정보미제공,Y,,,,,광주광역시,서구,
광주한국병원,A1500016,정보미제공,정보미제공,정보미제공,정보미제공,정보미제공,정보미제공,정보미제공,정보미제공,정보미제공,정보미제공,정보미제공,정보미제공,정보미제공,정보미제공,정보미제공,정보미제공,정보미제공,정보미제공,정보미제공,정보미제공,Y,정보미제공,정보미제공,정보미제공,정보미제공,정보미제공,정보미제공,정보미제공,,,,,광주광역시,서구,
미래로21병원,A1500014,정보미제공,정보미제공,정보미제공,정보미제공,정보미제공,정보미제공,정보미제공,정보미제공,정보미제공,정보미제공,정보미제공,정보미제공,정보미제공,정보미제공,Y,Y,정보미제공,정보미제공,정보미제공,정보미제공,Y,정보미제공,정보미제공,정보미제공,정보미제공,정보미제공,정보미제공,정보미제공,6세 이상,6세 이상,,,광주광역시,서구,
드림종합병원,A1300034,Y,정보미제공,Y,정보미제공,정보미제공,정보미제공,정보미제공,정보미제공,정보미제공,정보미제공,정보미제공,정보미제공,정보미제공,정보미제공,정보미제공,정보미제공,정보미제공,정보미제공,정보미제공,정보미제공,Y,정보미제공,정보미제공,정보미제공,정보미제공,Y,Y,Y,,,,,대구광역시,남구,
대구가톨릭대학교병원,A1300004,Y,정보미제공,Y,정보미제공,Y,정보미제공,Y,Y,Y,Y,정보미제공,Y,정보미제공,정보미제공,Y,Y,Y,Y,Y,정보미제공,Y,Y,Y,Y,Y,Y,Y,Y,21일 이상 출생아부터 가능,0세부터 가능,.,.,대구광역시,남구,.
영남대학교병원,A1300001,Y,정보미제공,Y,정보미제공,Y,정보미제공,Y,Y,Y,Y,Y,Y,Y,Y,Y,Y,Y,Y,Y,Y,Y,Y,Y,Y,Y,Y,Y,정보미제공,전체 연령 가능,평일 외래만 가능,전체 체중아 가능,전체 연령 가능,대구광역시,남구,
의료법인구의료재단구병원,A1300006,정보미제공,Y,정보미제공,정보미제공,정보미제공,정보미제공,정보미제공,정보미제공,정보미제공,정보미제공,정보미제공,정보미제공,정보미제공,정보미제공,정보미제공,정보미제공,정보미제공,정보미제공,Y,정보미제공,Y,정보미제공,정보미제공,정보미제공,정보미제공,Y,정보미제공,Y,,,,,대구광역시,달서구,
계명대학교동산병원,A1300003,Y,Y,Y,Y,정보미제공,정보미제공,Y,Y,Y,Y,Y,Y,정보미제공,정보미제공,Y,Y,Y,Y,Y,Y,Y,Y,Y,Y,Y,Y,Y,Y,0개월 이상,12개월,500G,,대구광역시,달서구,
더블유병원,A1300110,정보미제공,정보미제공,정보미제공,정보미제공,정보미제공,정보미제공,정보미제공,정보미제공,정보미제공,정보미제공,정보미제공,정보미제공,Y,Y,정보미제공,정보미제공,정보미제공,정보미제공,정보미제공,정보미제공,Y,정보미제공,정보미제공,정보미제공,정보미제공,정보미제공,정보미제공,정보미제공,,,,,대구광역시,달서구,
한국보훈복지의료공단대구보훈병원,A1300011,정보미제공,정보미제공,정보미제공,정보미제공,정보미제공,정보미제공,정보미제공,정보미제공,정보미제공,정보미제공,정보미제공,정보미제공,정보미제공,정보미제공,정보미제공,정보미제공,정보미제공,정보미제공,정보미제공,정보미제공,Y,정보미제공,정보미제공,정보미제공,정보미제공,정보미제공,정보미제공,정보미제공,,,,,대구광역시,달서구,
삼일병원,A1300045,정보미제공,정보미제공,Y,정보미제공,정보미제공,정보미제공,정보미제공,정보미제공,정보미제공,정보미제공,정보미제공,정보미제공,정보미제공,정보미제공,정보미제공,정보미제공,정보미제공,정보미제공,정보미제공,정보미제공,Y,정보미제공,Y,정보미제공,정보미제공,Y,Y,Y,,,,,대구광역시,달서구,
나사렛종합병원,A1300038,Y,정보미제공,Y,정보미제공,정보미제공,정보미제공,정보미제공,정보미제공,정보미제공,정보미제공,정보미제공,Y,정보미제공,정보미제공,정보미제공,Y,정보미제공,정보미제공,정보미제공,정보미제공,Y,Y,Y,정보미제공,정보미제공,Y,Y,Y,,,,,대구광역시,달서구,
강남종합병원,A1300018,정보미제공,정보미제공,정보미제공,정보미제공,정보미제공,정보미제공,정보미제공,정보미제공,정보미제공,정보미제공,정보미제공,정보미제공,정보미제공,정보미제공,정보미제공,정보미제공,정보미제공,정보미제공,정보미제공,정보미제공,Y,정보미제공,정보미제공,정보미제공,정보미제공,정보미제공,정보미제공,정보미제공,,,,,대구광역시,동구,
대구파티마병원,A1300009,Y,Y,정보미제공,정보미제공,정보미제공,정보미제공,Y,불가능,불가능,불가능,정보미제공,Y,정보미제공,정보미제공,정보미제공,정보미제공,정보미제공,Y,정보미제공,정보미제공,Y,Y,Y,정보미제공,정보미제공,Y,정보미제공,Y,"연령제한없음, 사전문의",12개월이상. 담당과장님 당직일때,2kg 이상. 전원시 문의바랍니다,24개월이상. 담당과장님 당직일때,대구광역시,동구,-
대구가톨릭대학교칠곡가톨릭병원,A1300005,정보미제공,정보미제공,정보미제공,정보미제공,정보미제공,정보미제공,정보미제공,정보미제공,정보미제공,정보미제공,정보미제공,정보미제공,정보미제공,정보미제공,정보미제공,정보미제공,정보미제공,정보미제공,정보미제공,정보미제공,Y,정보미제공,정보미제공,정보미제공,정보미제공,정보미제공,정보미제공,정보미제공,,,,,대구광역시,북구,
칠곡경북대학교병원,A1300010,불가능,정보미제공,불가능,Y,정보미제공,정보미제공,Y,Y,Y,정보미제공,정보미제공,불가능,정보미제공,정보미제공,Y,Y,정보미제공,정보미제공,정보미제공,정보미제공,Y,정보미제공,정보미제공,정보미제공,정보미제공,정보미제공,정보미제공,정보미제공,,0세 이상,0세 이상,만 5세 이상,대구광역시,북구,
의료법인구의료재단구병원,A1300006,정보미제공,Y,정보미제공,정보미제공,정보미제공,정보미제공,정보미제공,정보미제공,정보미제공,정보미제공,정보미제공,정보미제공,정보미제공,정보미제공,정보미제공,정보미제공,정보미제공,정보미제공,Y,정보미제공,Y,정보미제공,정보미제공,정보미제공,정보미제공,Y,정보미제공,Y,,,,,대구광역시,서구,
계명대학교동산병원,A1300003,Y,Y,Y,Y,정보미제공,정보미제공,Y,Y,Y,Y,Y,Y,정보미제공,정보미제공,Y,Y,Y,Y,Y,Y,Y,Y,Y,Y,Y,Y,Y,Y,0개월 이상,12개월,500G,,대구광역시,서구,
더블유병원,A1300110,정보미제공,정보미제공,정보미제공,정보미제공,정보미제공,정보미제공,정보미제공,정보미제공,정보미제공,정보미제공,정보미제공,정보미제공,Y,Y,정보미제공,정보미제공,정보미제공,정보미제공,정보미제공,정보미제공,Y,정보미제공,정보미제공,정보미제공,정보미제공,정보미제공,정보미제공,정보미제공,,,,,대구광역시,서구,
한국보훈복지의료공단대구보훈병원,A1300011,정보미제공,정보미제공,정보미제공,정보미제공,정보미제공,정보미제공,정보미제공,정보미제공,정보미제공,정보미제공,정보미제공,정보미제공,정보미제공,정보미제공,정보미제공,정보미제공,정보미제공,정보미제공,정보미제공,정보미제공,Y,정보미제공,정보미제공,정보미제공,정보미제공,정보미제공,정보미제공,정보미제공,,,,,대구광역시,서구,
삼일병원,A1300045,정보미제공,정보미제공,Y,정보미제공,정보미제공,정보미제공,정보미제공,정보미제공,정보미제공,정보미제공,정보미제공,정보미제공,정보미제공,정보미제공,정보미제공,정보미제공,정보미제공,정보미제공,정보미제공,정보미제공,Y,정보미제공,Y,정보미제공,정보미제공,Y,Y,Y,,,,,대구광역시,서구,
나사렛종합병원,A1300038,Y,정보미제공,Y,정보미제공,정보미제공,정보미제공,정보미제공,정보미제공,정보미제공,정보미제공,정보미제공,Y,정보미제공,정보미제공,정보미제공,Y,정보미제공,정보미제공,정보미제공,정보미제공,Y,Y,Y,정보미제공,정보미제공,Y,Y,Y,,,,,대구광역시,서구,
대구굿모닝병원,A1300076,정보미제공,정보미제공,정보미제공,정보미제공,정보미제공,정보미제공,정보미제공,정보미제공,정보미제공,정보미제공,정보미제공,Y,정보미제공,정보미제공,정보미제공,정보미제공,정보미제공,정보미제공,정보미제공,정보미제공,Y,Y,Y,정보미제공,정보미제공,정보미제공,정보미제공,정보미제공,,,,,대구광역시,서구,
대구의료원,A1300007,정보미제공,정보미제공,정보미제공,정보미제공,정보미제공,정보미제공,정보미제공,정보미제공,정보미제공,정보미제공,정보미제공,정보미제공,정보미제공,정보미제공,정보미제공,정보미제공,정보미제공,정보미제공,정보미제공,정보미제공,Y,정보미제공,정보미제공,정보미제공,정보미제공,정보미제공,정보미제공,정보미제공,,,,,대구광역시,서구,
(재)미리내천주성삼성직수도회천주성삼병원,A1300081,정보미제공,정보미제공,정보미제공,정보미제공,정보미제공,정보미제공,정보미제공,정보미제공,정보미제공,정보미제공,정보미제공,정보미제공,정보미제공,정보미제공,정보미제공,정보미제공,정보미제공,정보미제공,정보미제공,정보미제공,Y,정보미제공,정보미제공,정보미제공,정보미제공,정보미제공,정보미제공,정보미제공,,,,,대구광역시,수성구,
곽병원,A1300008,정보미제공,정보미제공,Y,정보미제공,정보미제공,정보미제공,정보미제공,정보미제공,정보미제공,정보미제공,정보미제공,정보미제공,정보미제공,정보미제공,정보미제공,정보미제공,정보미제공,정보미제공,정보미제공,정보미제공,Y,정보미제공,정보미제공,정보미제공,정보미제공,Y,Y,Y,,,,,대구광역시,중구,
계명대학교대구동산병원,A1303386,정보미제공,정보미제공,Y,정보미제공,정보미제공,정보미제공,정보미제공,정보미제공,정보미제공,정보미제공,정보미제공,정보미제공,정보미제공,정보미제공,정보미제공,정보미제공,정보미제공,Y,정보미제공,정보미제공,Y,정보미제공,정보미제공,정보미제공,정보미제공,Y,정보미제공,Y,,,,,대구광역시,중구,
경북대학교병원,A1300002,Y,불가능,Y,정보미제공,Y,정보미제공,Y,정보미제공,정보미제공,정보미제공,정보미제공,Y,정보미제공,정보미제공,Y,Y,Y,Y,Y,Y,Y,불가능,불가능,Y,Y,Y,Y,불가능,0세 이상,,"1500g 이상, 30주 이상",만7세 이상,대구광역시,중구,
대전보훈병원,A1600004,정보미제공,정보미제공,정보미제공,정보미제공,정보미제공,정보미제공,정보미제공,정보미제공,정보미제공,정보미제공,정보미제공,정보미제공,정보미제공,정보미제공,정보미제공,정보미제공,정보미제공,정보미제공,정보미제공,정보미제공,Y,정보미제공,정보미제공,정보미제공,정보미제공,정보미제공,정보미제공,정보미제공,,,,,대전광역시,대덕구,
대전한국병원,A1600003,정보미제공,Y,Y,정보미제공,정보미제공,정보미제공,정보미제공,정보미제공,Y,Y,정보미제공,Y,정보미제공,정보미제공,정보미제공,정보미제공,정보미제공,정보미제공,Y,Y,Y,Y,Y,정보미제공,정보미제공,Y,정보미제공,Y,,2세 이상 가능,,,대전광역시,동구,
대청병원,A1602246,정보미제공,정보미제공,정보미제공,정보미제공,정보미제공,정보미제공,정보미제공,정보미제공,정보미제공,정보미제공,정보미제공,정보미제공,정보미제공,정보미제공,정보미제공,정보미제공,정보미제공,정보미제공,정보미제공,정보미제공,Y,정보미제공,정보미제공,정보미제공,정보미제공,정보미제공,정보미제공,정보미제공,,,,,대전광역시,서구,
학교법인건양교육재단건양대학교병원,A1600006,Y,Y,Y,Y,Y,정보미제공,Y,Y,Y,Y,정보미제공,Y,정보미제공,정보미제공,Y,Y,Y,Y,Y,Y,Y,Y,Y,Y,Y,Y,Y,Y,사전 문의전화 필수,연령제한없음,연령제한없음,6개월이상,대전광역시,서구,연령제한없음
학교법인을지학원대전을지대학교병원,A1600002,Y,불가능,불가능,불가능,정보미제공,정보미제공,Y,Y,Y,Y,정보미제공,Y,Y,Y,Y,Y,Y,정보미제공,Y,정보미제공,Y,Y,Y,Y,Y,Y,Y,Y,장중첩 : 12개월~5세 가능 (공기정복술 불가시 수술은 전원 가능성) // 장폐색 : 불가,,32주미만 불가 / 체중 상관없음,,대전광역시,서구,
의료법인영훈의료재단유성선병원,A1600007,Y,정보미제공,Y,정보미제공,정보미제공,정보미제공,정보미제공,정보미제공,정보미제공,정보미제공,정보미제공,Y,정보미제공,정보미제공,정보미제공,정보미제공,정보미제공,정보미제공,정보미제공,정보미제공,Y,불가능,불가능,정보미제공,정보미제공,Y,정보미제공,Y,,,,,대전광역시,유성구,
학교법인가톨릭학원가톨릭대학교대전성모병원,A1600005,Y,정보미제공,Y,정보미제공,정보미제공,정보미제공,정보미제공,Y,Y,Y,정보미제공,Y,정보미제공,정보미제공,Y,Y,정보미제공,정보미제공,Y,Y,Y,Y,Y,정보미제공,정보미제공,Y,Y,Y,진료가능 최저연령 전체가능,36개월이상 가능(이물질 제거만 가능),"진료가능 최저체중 2,000g",진료가능 최저연령 24개월 이상,대전광역시,중구,
의료법인영훈의료재단대전선병원,A1600008,Y,정보미제공,Y,정보미제공,정보미제공,정보미제공,정보미제공,Y,Y,Y,정보미제공,Y,Y,Y,Y,Y,정보미제공,정보미제공,Y,정보미제공,Y,Y,Y,정보미제공,정보미제공,Y,Y,Y,,,,,대전광역시,중구,
충남대학교병원,A1600001,Y,Y,Y,정보미제공,정보미제공,정보미제공,Y,Y,Y,Y,정보미제공,Y,Y,Y,Y,Y,Y,Y,정보미제공,정보미제공,Y,Y,Y,Y,Y,Y,Y,Y,1세,0세,진료가능 최저체중:400g,0세,대전광역시,중구,
(의)서일의료재단기장병원,A1200028,정보미제공,정보미제공,정보미제공,정보미제공,정보미제공,정보미제공,정보미제공,정보미제공,정보미제공,정보미제공,정보미제공,정보미제공,정보미제공,정보미제공,정보미제공,정보미제공,정보미제공,정보미제공,정보미제공,정보미제공,Y,정보미제공,정보미제공,정보미제공,정보미제공,정보미제공,정보미제공,정보미제공,,,,,부산광역시,기장군,
동남권원자력의학원원자력병원,A1200015,정보미제공,정보미제공,정보미제공,정보미제공,정보미제공,정보미제공,정보미제공,정보미제공,정보미제공,정보미제공,정보미제공,정보미제공,정보미제공,정보미제공,정보미제공,정보미제공,정보미제공,정보미제공,정보미제공,정보미제공,Y,불가능,불가능,정보미제공,정보미제공,정보미제공,정보미제공,Y,,,,,부산광역시,기장군,
부산성모병원(재단법인 천주교부산교구유지재단),A1200013,Y,정보미제공,정보미제공,정보미제공,정보미제공,정보미제공,Y,정보미제공,정보미제공,정보미제공,정보미제공,정보미제공,정보미제공,정보미제공,Y,정보미제공,정보미제공,정보미제공,정보미제공,정보미제공,Y,정보미제공,Y,정보미제공,정보미제공,정보미제공,Y,정보미제공,"-최저연령0세, 최저최중 1000g","-최저연령 0세, 최저체중 1000g",-최저체중 1000g,-최저연령 0세,부산광역시,남구,
좋은문화병원,A1200026,정보미제공,Y,정보미제공,정보미제공,정보미제공,정보미제공,Y,Y,Y,Y,정보미제공,정보미제공,정보미제공,정보미제공,정보미제공,정보미제공,정보미제공,정보미제공,정보미제공,정보미제공,Y,정보미제공,정보미제공,정보미제공,정보미제공,Y,정보미제공,Y,,,,,부산광역시,동구,
의료법인정화의료재단 봉생기념병원,A1200017,Y,정보미제공,Y,정보미제공,정보미제공,정보미제공,정보미제공,정보미제공,정보미제공,정보미제공,정보미제공,Y,정보미제공,정보미제공,Y,Y,정보미제공,정보미제공,Y,정보미제공,Y,Y,Y,정보미제공,정보미제공,불가능,불가능,Y,,,,,부산광역시,동구,
동래봉생병원,A1200011,Y,정보미제공,정보미제공,정보미제공,정보미제공,정보미제공,정보미제공,정보미제공,정보미제공,정보미제공,정보미제공,Y,정보미제공,정보미제공,Y,정보미제공,정보미제공,정보미제공,정보미제공,정보미제공,Y,Y,Y,정보미제공,정보미제공,정보미제공,정보미제공,Y,,,,,부산광역시,동래구,
대동병원,A1200018,Y,정보미제공,정보미제공,정보미제공,정보미제공,정보미제공,정보미제공,정보미제공,정보미제공,Y,정보미제공,Y,정보미제공,정보미제공,정보미제공,정보미제공,정보미제공,정보미제공,정보미제공,정보미제공,Y,Y,Y,정보미제공,정보미제공,Y,Y,Y,"외과5세미만,20kg미만,소아청소년과 5세미만 20kg미만",,,,부산광역시,동래구,
의료법인 광혜의료재단 광혜병원,A1200009,정보미제공,정보미제공,정보미제공,정보미제공,정보미제공,정보미제공,정보미제공,정보미제공,정보미제공,정보미제공,정보미제공,정보미제공,정보미제공,정보미제공,정보미제공,정보미제공,정보미제공,정보미제공,정보미제공,정보미제공,Y,정보미제공,정보미제공,정보미제공,정보미제공,Y,정보미제공,정보미제공,,,,,부산광역시,동래구,
의료법인 온그룹의료재단 온병원,A1200020,Y,정보미제공,정보미제공,정보미제공,정보미제공,정보미제공,정보미제공,정보미제공,정보미제공,정보미제공,정보미제공,Y,정보미제공,정보미제공,정보미제공,정보미제공,정보미제공,정보미제공,정보미제공,정보미제공,Y,Y,Y,정보미제공,정보미제공,Y,Y,Y,,,,,부산광역시,부산진구,
인제대학교부산백병원,A1200001,Y,Y,Y,Y,정보미제공,정보미제공,Y,Y,Y,Y,정보미제공,Y,정보미제공,정보미제공,정보미제공,Y,정보미제공,Y,Y,정보미제공,Y,Y,Y,Y,Y,Y,Y,Y,"출생시부터, 몸무게 제한없음",만 12세 이하,"진료가능 체중 22주, 500g",,부산광역시,부산진구,14세 이상
학교법인)동의병원,A1200019,Y,정보미제공,Y,정보미제공,정보미제공,정보미제공,정보미제공,정보미제공,정보미제공,정보미제공,정보미제공,Y,정보미제공,정보미제공,Y,정보미제공,정보미제공,정보미제공,정보미제공,정보미제공,Y,Y,Y,정보미제공,정보미제공,Y,정보미제공,Y,,,,,부산광역시,부산진구,
학교법인 춘해병원,A1200025,정보미제공,정보미제공,정보미제공,정보미제공,정보미제공,정보미제공,정보미제공,정보미제공,정보미제공,정보미제공,정보미제공,정보미제공,Y,정보미제공,정보미제공,정보미제공,정보미제공,정보미제공,정보미제공,정보미제공,Y,정보미제공,정보미제공,정보미제공,정보미제공,정보미제공,정보미제공,정보미제공,,,,,부산광역시,부산진구,
구포성심병원,A1200045,불가능,정보미제공,정보미제공,정보미제공,정보미제공,정보미제공,정보미제공,정보미제공,정보미제공,정보미제공,정보미제공,정보미제공,정보미제공,정보미제공,Y,정보미제공,정보미제공,정보미제공,정보미제공,정보미제공,Y,정보미제공,Y,정보미제공,정보미제공,Y,정보미제공,Y,,,,,부산광역시,북구,
의료법인 인당의료재단 부민병원,A1200006,정보미제공,정보미제공,정보미제공,정보미제공,정보미제공,정보미제공,정보미제공,정보미제공,정보미제공,정보미제공,정보미제공,Y,정보미제공,정보미제공,Y,Y,정보미제공,정보미제공,정보미제공,정보미제공,Y,Y,Y,정보미제공,정보미제공,Y,Y,Y,,,,,부산광역시,북구,
의료법인 은성의료재단 좋은삼선병원,A1200005,Y,정보미제공,정보미제공,정보미제공,정보미제공,정보미제공,정보미제공,정보미제공,정보미제공,Y,정보미제공,Y,정보미제공,정보미제공,Y,정보미제공,정보미제공,정보미제공,정보미제공,정보미제공,Y,Y,Y,정보미제공,정보미제공,Y,정보미제공,Y,,,,,부산광역시,사상구,
한국보훈복지의료공단 부산보훈병원,A1200016,불가능,정보미제공,Y,정보미제공,Y,정보미제공,정보미제공,정보미제공,정보미제공,정보미제공,정보미제공,정보미제공,정보미제공,정보미제공,정보미제공,정보미제공,정보미제공,정보미제공,정보미제공,정보미제공,Y,정보미제공,정보미제공,정보미제공,정보미제공,정보미제공,정보미제공,정보미제공,,,,,부산광역시,사상구,
고신대학교복음병원,A1200004,Y,정보미제공,정보미제공,정보미제공,정보미제공,정보미제공,Y,Y,Y,Y,정보미제공,Y,정보미제공,정보미제공,정보미제공,정보미제공,정보미제공,정보미제공,Y,정보미제공,Y,Y,Y,Y,Y,Y,Y,Y,,"연령제한없음,체중제한없음",32주 이상 단태아만 가능&500g 이상,"0세 이상,체중제한없음",부산광역시,서구,"만2세이상, 체중제한없음"
부산대학교병원,A1200002,Y,Y,Y,정보미제공,Y,정보미제공,Y,Y,Y,Y,정보미제공,Y,Y,Y,Y,Y,Y,Y,Y,정보미제공,Y,Y,Y,Y,Y,Y,Y,Y,연령 무관,진료가능 최저연령: 생후 한달,진료가능 최저체중 : 500g,진료가능 최저연령 : 0세,부산광역시,서구,진료가능 최저연령 : 7세 이상
동아대학교병원,A1200003,Y,불가능,Y,정보미제공,불가능,정보미제공,Y,Y,Y,Y,정보미제공,Y,Y,Y,Y,Y,Y,Y,불가능,불가능,Y,불가능,불가능,불가능,불가능,불가능,Y,불가능,"100일미만 진료불가, 체중 제한없음",,"100일미만 진료불가, 체중 제한없음",,부산광역시,서구,
삼육부산병원,A1200021,불가능,Y,Y,정보미제공,정보미제공,정보미제공,정보미제공,Y,Y,Y,정보미제공,불가능,정보미제공,정보미제공,정보미제공,Y,정보미제공,정보미제공,정보미제공,정보미제공,Y,Y,Y,불가능,불가능,Y,Y,Y,,만 13세 이상,,,부산광역시,서구,만13세 이상
의료법인 은성의료재단 좋은강안병원,A1200008,Y,정보미제공,Y,정보미제공,정보미제공,정보미제공,정보미제공,정보미제공,정보미제공,정보미제공,정보미제공,Y,정보미제공,Y,Y,Y,정보미제공,정보미제공,정보미제공,정보미제공,Y,Y,Y,정보미제공,정보미제공,Y,Y,Y,1세이후 /체중제한없음,1세이후 /체중제한없음,,,부산광역시,수영구,
비에이치에스한서병원,A1200007,Y,정보미제공,정보미제공,정보미제공,정보미제공,정보미제공,정보미제공,정보미제공,정보미제공,정보미제공,정보미제공,정보미제공,정보미제공,정보미제공,Y,Y,정보미제공,정보미제공,정보미제공,정보미제공,Y,정보미제공,Y,정보미제공,정보미제공,Y,Y,Y,,,,,부산광역시,수영구,
의료법인 센텀의료재단 센텀종합병원,A1200098,불가능,정보미제공,정보미제공,정보미제공,정보미제공,정보미제공,정보미제공,정보미제공,정보미제공,정보미제공,정보미제공,Y,Y,Y,정보미제공,Y,정보미제공,정보미제공,Y,정보미제공,Y,Y,Y,정보미제공,정보미제공,Y,Y,Y,,,,,부산광역시,수영구,
부산광역시의료원,A1200024,Y,정보미제공,불가능,불가능,불가능,정보미제공,정보미제공,정보미제공,정보미제공,정보미제공,정보미제공,불가능,정보미제공,정보미제공,불가능,불가능,정보미제공,정보미제공,정보미제공,정보미제공,Y,정보미제공,불가능,정보미제공,정보미제공,정보미제공,정보미제공,정보미제공,,,,,부산광역시,연제구,
의료법인 행도의료재단 해동병원,A1200012,정보미제공,정보미제공,정보미제공,정보미제공,정보미제공,정보미제공,정보미제공,정보미제공,정보미제공,정보미제공,정보미제공,정보미제공,정보미제공,정보미제공,정보미제공,Y,정보미제공,정보미제공,정보미제공,정보미제공,Y,정보미제공,정보미제공,정보미제공,정보미제공,정보미제공,정보미제공,Y,,,,,부산광역시,영도구,
영도병원,A1200014,정보미제공,정보미제공,정보미제공,정보미제공,정보미제공,정보미제공,정보미제공,정보미제공,정보미제공,정보미제공,정보미제공,정보미제공,정보미제공,정보미제공,정보미제공,정보미제공,정보미제공,정보미제공,정보미제공,정보미제공,Y,정보미제공,정보미제공,정보미제공,정보미제공,Y,정보미제공,Y,,,,,부산광역시,영도구,
재단법인천주교부산교구유지재단 메리놀병원,A1200023,정보미제공,정보미제공,정보미제공,정보미제공,정보미제공,정보미제공,정보미제공,정보미제공,정보미제공,정보미제공,정보미제공,정보미제공,정보미제공,정보미제공,Y,Y,정보미제공,Y,정보미제공,정보미제공,Y,정보미제공,정보미제공,정보미제공,정보미제공,Y,Y,Y,,,,,부산광역시,중구,
의료법인 인당의료재단 해운대부민병원,A1205143,Y,정보미제공,Y,정보미제공,정보미제공,정보미제공,정보미제공,정보미제공,정보미제공,정보미제공,정보미제공,Y,정보미제공,정보미제공,Y,정보미제공,정보미제공,정보미제공,정보미제공,정보미제공,Y,Y,Y,정보미제공,정보미제공,Y,Y,Y,,,,,부산광역시,해운대구,
인제대학교 해운대백병원,A1200022,Y,Y,Y,정보미제공,Y,정보미제공,Y,Y,Y,Y,Y,Y,Y,정보미제공,Y,Y,정보미제공,Y,Y,정보미제공,Y,Y,Y,정보미제공,정보미제공,Y,Y,Y,제한없음,제한없음,제한없음,,부산광역시,해운대구,
연세대학교의과대학강남세브란스병원,A1100015,Y,정보미제공,Y,정보미제공,정보미제공,정보미제공,Y,Y,Y,Y,불가능,Y,정보미제공,정보미제공,정보미제공,정보미제공,정보미제공,불가능,정보미제공,정보미제공,Y,Y,Y,Y,Y,Y,Y,Y,,.,500g,.,서울특별시,강남구,.
삼성서울병원,A1100010,Y,Y,Y,Y,정보미제공,Y,Y,Y,Y,Y,정보미제공,Y,정보미제공,정보미제공,Y,Y,Y,Y,Y,Y,Y,Y,Y,Y,Y,Y,Y,Y,연령제한 없음.,연령제한 없음,체중 제한 없음,연령제한없음,서울특별시,강남구,생후 1개월 이상
강동경희대학교병원,A1100043,Y,정보미제공,Y,정보미제공,Y,정보미제공,Y,Y,Y,Y,정보미제공,Y,정보미제공,Y,Y,Y,정보미제공,Y,Y,정보미제공,Y,Y,Y,정보미제공,Y,Y,Y,Y,전 연령 가능,,400g,,서울특별시,강동구,
성심의료재단강동성심병원,A1100028,Y,정보미제공,Y,정보미제공,정보미제공,정보미제공,정보미제공,정보미제공,정보미제공,정보미제공,정보미제공,Y,Y,Y,Y,Y,정보미제공,Y,Y,정보미제공,Y,Y,Y,Y,Y,Y,Y,Y,시술만 가능하며 체중연령 제한없음(수술불가),,,,서울특별시,강동구,
한국보훈복지의료공단중앙보훈병원,A1100053,정보미제공,정보미제공,Y,정보미제공,정보미제공,정보미제공,정보미제공,정보미제공,정보미제공,정보미제공,정보미제공,정보미제공,정보미제공,정보미제공,정보미제공,Y,정보미제공,Y,정보미제공,정보미제공,Y,Y,Y,정보미제공,정보미제공,불가능,정보미제공,Y,24시가능,,,,서울특별시,강동구,
이화여자대학교의과대학부속서울병원,A1120796,Y,Y,Y,정보미제공,정보미제공,정보미제공,Y,Y,Y,Y,정보미제공,Y,Y,정보미제공,Y,Y,정보미제공,정보미제공,Y,정보미제공,Y,Y,Y,Y,Y,Y,Y,Y,체중 최저기준 없음,"1세 이상, 10kg 이상",체중 최저기준 없음,,서울특별시,강서구,
부민병원,A1100036,정보미제공,정보미제공,정보미제공,정보미제공,정보미제공,정보미제공,정보미제공,정보미제공,정보미제공,정보미제공,정보미제공,정보미제공,정보미제공,정보미제공,정보미제공,정보미제공,정보미제공,정보미제공,정보미제공,정보미제공,Y,정보미제공,정보미제공,정보미제공,정보미제공,정보미제공,정보미제공,정보미제공,,,,,서울특별시,강서구,
의료법인서울효천의료재단에이치플러스양지병원,A1100041,Y,정보미제공,Y,정보미제공,정보미제공,정보미제공,정보미제공,정보미제공,정보미제공,Y,정보미제공,불가능,정보미제공,정보미제공,Y,Y,정보미제공,정보미제공,Y,정보미제공,Y,불가능,불가능,정보미제공,정보미제공,Y,Y,Y,,만6세이상가능,,,서울특별시,관악구,
건국대학교병원,A1100002,Y,정보미제공,Y,정보미제공,Y,정보미제공,Y,Y,Y,Y,정보미제공,정보미제공,정보미제공,정보미제공,Y,Y,정보미제공,Y,Y,정보미제공,Y,Y,Y,정보미제공,정보미제공,Y,Y,Y,4개월부터 진료가능,"진료가능 연령 제한 없음, 모두 가능","24주 이상, 500g부터 진료가능",24개월 이상가능,서울특별시,광진구,
혜민병원,A1100051,정보미제공,정보미제공,정보미제공,정보미제공,정보미제공,정보미제공,정보미제공,정보미제공,정보미제공,정보미제공,정보미제공,정보미제공,정보미제공,정보미제공,정보미제공,정보미제공,정보미제공,정보미제공,정보미제공,정보미제공,Y,정보미제공,불가능,정보미제공,정보미제공,불가능,정보미제공,정보미제공,,,,,서울특별시,광진구,
구로성심병원,A1100026,정보미제공,Y,정보미제공,정보미제공,정보미제공,정보미제공,정보미제공,정보미제공,정보미제공,Y,Y,정보미제공,정보미제공,정보미제공,정보미제공,정보미제공,정보미제공,정보미제공,정보미제공,정보미제공,Y,정보미제공,정보미제공,정보미제공,정보미제공,Y,Y,Y,,,,,서울특별시,구로구,
고려대학교의과대학부속구로병원,A1100014,Y,Y,Y,Y,Y,Y,Y,Y,Y,Y,정보미제공,Y,Y,Y,Y,Y,Y,Y,Y,Y,Y,Y,Y,Y,Y,Y,Y,Y,"0세~,0kg~","0세~, 0kg~","0세~, 0kg~","0세~,0kg~",서울특별시,구로구,"0세~,0kg~"
희명병원,A1100049,Y,정보미제공,정보미제공,정보미제공,정보미제공,정보미제공,정보미제공,정보미제공,정보미제공,정보미제공,정보미제공,정보미제공,Y,Y,정보미제공,Y,정보미제공,정보미제공,정보미제공,정보미제공,Y,정보미제공,정보미제공,정보미제공,정보미제공,Y,Y,Y,,,,,서울특별시,금천구,
한국원자력의학원원자력병원,A1100027,정보미제공,정보미제공,정보미제공,정보미제공,정보미제공,정보미제공,정보미제공,정보미제공,정보미제공,정보미제공,정보미제공,정보미제공,정보미제공,정보미제공,정보미제공,정보미제공,정보미제공,정보미제공,정보미제공,정보미제공,Y,정보미제공,정보미제공,정보미제공,정보미제공,정보미제공,정보미제공,정보미제공,,,2Kg 이상,,서울특별시,노원구,
인제대학교상계백병원,A1100016,Y,정보미제공,Y,정보미제공,정보미제공,정보미제공,Y,불가능,불가능,정보미제공,정보미제공,Y,정보미제공,정보미제공,정보미제공,Y,Y,정보미제공,정보미제공,정보미제공,Y,Y,Y,Y,Y,Y,정보미제공,Y,연령제한없음,불가능,300g,불가능,서울특별시,노원구,
노원을지대학교병원,A1100048,불가능,Y,Y,불가능,불가능,정보미제공,Y,Y,Y,Y,정보미제공,Y,Y,Y,Y,Y,정보미제공,정보미제공,Y,정보미제공,Y,Y,Y,정보미제공,정보미제공,Y,Y,Y,연령 제한 없음.,연령 제한 없음.,연령 제한 없음.,,서울특별시,노원구,
의료법인한전의료재단한일병원,A1100020,Y,정보미제공,정보미제공,정보미제공,정보미제공,정보미제공,정보미제공,정보미제공,정보미제공,정보미제공,Y,Y,정보미제공,정보미제공,Y,Y,정보미제공,정보미제공,불가능,불가능,Y,Y,Y,정보미제공,정보미제공,정보미제공,Y,Y,만0세 ~ 8세,,"＊진료가능 최저체중: 1,500g 이상",10kg이상의 영유아 (0~8세),서울특별시,도봉구,
경희대학교병원,A1100001,Y,정보미제공,Y,Y,Y,정보미제공,Y,불가능,불가능,Y,정보미제공,Y,불가능,불가능,Y,Y,Y,Y,Y,정보미제공,Y,Y,Y,정보미제공,불가능,Y,Y,Y,전 연령,만 5세,체중상관 없음,,서울특별시,동대문구,
삼육서울병원,A1100021,Y,정보미제공,Y,정보미제공,정보미제공,정보미제공,정보미제공,Y,Y,정보미제공,정보미제공,정보미제공,정보미제공,정보미제공,Y,Y,정보미제공,정보미제공,정보미제공,정보미제공,Y,정보미제공,정보미제공,정보미제공,정보미제공,정보미제공,정보미제공,Y,"5세이상, 25kg이상",,,.,서울특별시,동대문구,
서울특별시동부병원,A1100022,정보미제공,정보미제공,정보미제공,정보미제공,정보미제공,정보미제공,정보미제공,정보미제공,정보미제공,정보미제공,정보미제공,정보미제공,정보미제공,정보미제공,정보미제공,정보미제공,정보미제공,정보미제공,정보미제공,정보미제공,Y,정보미제공,정보미제공,정보미제공,정보미제공,정보미제공,정보미제공,정보미제공,,,,,서울특별시,동대문구,
서울성심병원,A1100050,정보미제공,정보미제공,정보미제공,정보미제공,정보미제공,정보미제공,정보미제공,정보미제공,정보미제공,정보미제공,정보미제공,정보미제공,Y,Y,Y,정보미제공,정보미제공,정보미제공,정보미제공,정보미제공,Y,정보미제공,정보미제공,정보미제공,정보미제공,정보미제공,정보미제공,정보미제공,,,,,서울특별시,동대문구,
서울특별시보라매병원,A1100040,Y,정보미제공,Y,정보미제공,정보미제공,정보미제공,Y,Y,Y,Y,Y,Y,Y,정보미제공,Y,Y,Y,Y,정보미제공,정보미제공,Y,Y,Y,Y,Y,Y,정보미제공,Y,,"0kg~, 0세~","0kg~, 0세~",,서울특별시,동작구,
중앙대학교병원,A1100003,Y,정보미제공,Y,정보미제공,정보미제공,정보미제공,Y,Y,Y,Y,정보미제공,Y,정보미제공,정보미제공,Y,Y,정보미제공,정보미제공,Y,정보미제공,Y,Y,Y,Y,Y,Y,Y,Y,"전연령 가능, 최저체중 제한없음","6개월이상 가능, 3kg 이상 가능",최저체중 제한없음,"전연령 가능, 최저체중 제한없음",서울특별시,동작구,
연세대학교의과대학세브란스병원,A1100007,Y,Y,Y,불가능,Y,Y,Y,정보미제공,정보미제공,정보미제공,정보미제공,Y,불가능,불가능,Y,불가능,Y,불가능,Y,Y,Y,Y,Y,Y,Y,Y,Y,Y,출생직후부터 18세미만,출생직후 신생아부터 가능,2500g 미만 진료가능,출생직후 신생아부터 가능,서울특별시,서대문구,출생직후 신생아부터 가능
의료법인동신의료재단동신병원,A1100025,정보미제공,정보미제공,정보미제공,정보미제공,정보미제공,정보미제공,정보미제공,정보미제공,정보미제공,정보미제공,정보미제공,정보미제공,정보미제공,정보미제공,정보미제공,정보미제공,정보미제공,정보미제공,정보미제공,정보미제공,Y,정보미제공,정보미제공,정보미제공,정보미제공,정보미제공,정보미제공,정보미제공,,,,,서울특별시,서대문구,
학교법인가톨릭학원가톨릭대학교서울성모병원,A1100012,Y,Y,Y,Y,Y,Y,Y,Y,Y,Y,정보미제공,Y,Y,Y,Y,Y,Y,Y,Y,Y,Y,Y,Y,Y,Y,Y,Y,Y,진료가능 최저연령 : 0세이하,진료가능 최저연령 : 0세이하,진료가능 최저체중 : 300g이상,진료가능 최저연령 : 0세이하,서울특별시,서초구,진료가능 최저연령 : 0세이하
기쁨병원,A1122033,정보미제공,정보미제공,정보미제공,정보미제공,정보미제공,정보미제공,정보미제공,정보미제공,정보미제공,정보미제공,정보미제공,정보미제공,정보미제공,정보미제공,정보미제공,정보미제공,정보미제공,정보미제공,정보미제공,정보미제공,Y,정보미제공,정보미제공,정보미제공,정보미제공,정보미제공,정보미제공,정보미제공,,,,,서울특별시,서초구,
한양대학교병원,A1100013,Y,Y,Y,Y,정보미제공,정보미제공,Y,Y,Y,Y,정보미제공,Y,Y,Y,Y,Y,Y,Y,Y,정보미제공,Y,Y,Y,Y,Y,Y,Y,Y,0세이상 정상신생아 3kg이상,0세이상 정상신생아 3kg이상,"37주 0일, 2500g 이하 저 출생체중아의 집중치료가 가능한 경우",,서울특별시,성동구,
학교법인고려중앙학원고려대학교의과대학부속병원(안암병원),A1100008,Y,Y,Y,Y,정보미제공,정보미제공,Y,Y,Y,Y,정보미제공,Y,Y,Y,Y,Y,Y,Y,Y,Y,Y,Y,Y,Y,Y,Y,Y,Y,제한없음,6개월 이상,제한없음,만 2세 이상,서울특별시,성북구,만 8세 이상
경찰병원,A1100039,정보미제공,정보미제공,정보미제공,정보미제공,정보미제공,정보미제공,정보미제공,정보미제공,정보미제공,정보미제공,정보미제공,정보미제공,정보미제공,정보미제공,정보미제공,정보미제공,정보미제공,정보미제공,정보미제공,정보미제공,Y,정보미제공,정보미제공,정보미제공,정보미제공,정보미제공,정보미제공,정보미제공,비관혈적 정복술 불가,,,,서울특별시,송파구,
재단법인아산사회복지재단서울아산병원,A1100009,Y,Y,Y,Y,정보미제공,정보미제공,Y,Y,Y,Y,정보미제공,Y,정보미제공,정보미제공,Y,Y,Y,Y,Y,정보미제공,Y,Y,Y,정보미제공,Y,Y,Y,Y,전 연령,최저연령: 신생아(4주),최저체중: 400g,전연령(시술에 따라 가능 최저연령이 달라질 수 있음),서울특별시,송파구,불가능
홍익병원,A1100019,Y,정보미제공,정보미제공,정보미제공,정보미제공,정보미제공,정보미제공,정보미제공,정보미제공,정보미제공,정보미제공,Y,정보미제공,정보미제공,정보미제공,정보미제공,정보미제공,정보미제공,정보미제공,정보미제공,Y,Y,Y,정보미제공,정보미제공,정보미제공,정보미제공,정보미제공,,,,,서울특별시,양천구,
서울특별시서남병원,A1100223,정보미제공,정보미제공,정보미제공,정보미제공,정보미제공,정보미제공,정보미제공,정보미제공,정보미제공,불가능,정보미제공,정보미제공,정보미제공,정보미제공,정보미제공,Y,정보미제공,정보미제공,정보미제공,정보미제공,Y,정보미제공,정보미제공,정보미제공,정보미제공,불가능,정보미제공,정보미제공,,,,,서울특별시,양천구,
이화여자대학교의과대학부속목동병원,A1100005,Y,정보미제공,Y,정보미제공,Y,정보미제공,Y,Y,Y,Y,정보미제공,Y,Y,정보미제공,Y,Y,Y,Y,Y,정보미제공,Y,Y,Y,Y,Y,Y,Y,Y,0세부터 가능,0세부터 가능,2500g 이하 가능,,서울특별시,양천구,0세부터 가능
가톨릭대학교여의도성모병원,A1100011,Y,정보미제공,정보미제공,정보미제공,정보미제공,정보미제공,정보미제공,정보미제공,정보미제공,Y,정보미제공,정보미제공,정보미제공,정보미제공,Y,Y,정보미제공,Y,Y,정보미제공,Y,정보미제공,정보미제공,정보미제공,정보미제공,Y,Y,Y,1,만3세 이상,1000g,장중첩만 가능,서울특별시,영등포구,1
명지성모병원,A1100024,Y,정보미제공,정보미제공,정보미제공,정보미제공,정보미제공,정보미제공,정보미제공,정보미제공,정보미제공,정보미제공,Y,정보미제공,정보미제공,정보미제공,정보미제공,정보미제공,정보미제공,정보미제공,정보미제공,Y,Y,Y,정보미제공,정보미제공,정보미제공,정보미제공,정보미제공,.,.,.,.,서울특별시,영등포구,.
대림성모병원,A1100037,정보미제공,정보미제공,정보미제공,정보미제공,정보미제공,정보미제공,정보미제공,정보미제공,정보미제공,정보미제공,정보미제공,정보미제공,정보미제공,정보미제공,정보미제공,정보미제공,정보미제공,정보미제공,정보미제공,정보미제공,Y,정보미제공,정보미제공,정보미제공,정보미제공,정보미제공,정보미제공,정보미제공,,,,,서울특별시,영등포구,
한림대학교강남성심병원,A1100055,Y,정보미제공,Y,정보미제공,정보미제공,정보미제공,Y,Y,Y,Y,Y,Y,Y,Y,Y,Y,정보미제공,Y,Y,정보미제공,Y,Y,Y,정보미제공,정보미제공,Y,Y,Y,"0세 부터, 15세 미만",모든연령,"생후28일 이내의 모든 신생아(제태 주수와, 몸무게 제한 없음)","0세 부터, 15세 미만",서울특별시,영등포구,
성애의료재단성애병원,A1100054,Y,정보미제공,불가능,정보미제공,정보미제공,정보미제공,정보미제공,Y,Y,Y,정보미제공,정보미제공,정보미제공,정보미제공,불가능,불가능,정보미제공,정보미제공,정보미제공,정보미제공,Y,정보미제공,Y,정보미제공,정보미제공,Y,정보미제공,Y,2세 이상,,28주이상/1kg이상,,서울특별시,영등포구,
씨엠병원,A1100045,정보미제공,정보미제공,정보미제공,정보미제공,정보미제공,정보미제공,정보미제공,정보미제공,정보미제공,정보미제공,정보미제공,정보미제공,정보미제공,정보미제공,정보미제공,정보미제공,정보미제공,정보미제공,정보미제공,정보미제공,Y,정보미제공,정보미제공,정보미제공,정보미제공,정보미제공,정보미제공,정보미제공,,,,,서울특별시,영등포구,
순천향대학교부속서울병원,A1100004,불가능,정보미제공,Y,Y,정보미제공,정보미제공,Y,불가능,불가능,불가능,정보미제공,Y,Y,Y,Y,Y,Y,Y,Y,Y,Y,Y,Y,불가능,Y,Y,Y,Y,"0세~8세/비관혈적 정복술 가능, 외과 수술 불가",1세 이상,"32주 이상, 1500g 이상",1세 이상,서울특별시,용산구,
가톨릭대학교은평성모병원,A1121013,Y,Y,Y,정보미제공,Y,정보미제공,정보미제공,Y,Y,Y,Y,Y,Y,Y,Y,Y,정보미제공,정보미제공,정보미제공,정보미제공,Y,Y,Y,Y,Y,Y,Y,Y,1개월 이상,"0세부터 가능, 평일만가능","37주0일,2500g이하 저출생체중아 평일08:00-18:00가능","0세~8세,[(월,화,수,금:08:00-17:00가능), (야간/ 목요일/주말/ 공휴일 시술 불가)]",서울특별시,은평구,"0세부터 가능, 평일만 가능"
의료법인청구성심병원,A1100023,정보미제공,정보미제공,정보미제공,정보미제공,정보미제공,정보미제공,정보미제공,정보미제공,정보미제공,정보미제공,정보미제공,정보미제공,정보미제공,정보미제공,정보미제공,정보미제공,정보미제공,정보미제공,정보미제공,정보미제공,Y,정보미제공,정보미제공,정보미제공,정보미제공,정보미제공,정보미제공,정보미제공,,,,,서울특별시,은평구,
서울대학교병원,A1100017,Y,Y,Y,Y,Y,Y,Y,Y,Y,Y,정보미제공,Y,Y,Y,Y,Y,Y,불가능,Y,Y,Y,불가능,불가능,Y,Y,Y,Y,Y,출생직후부터,출생직후부터,출생직후부터,출생직후부터,서울특별시,종로구,출생직후부터
강북삼성병원,A1100006,Y,정보미제공,Y,Y,정보미제공,정보미제공,Y,Y,Y,Y,정보미제공,Y,정보미제공,정보미제공,Y,Y,정보미제공,정보미제공,Y,정보미제공,Y,Y,Y,Y,Y,Y,Y,Y,"최저연령,체중 제한 없음(정복술가능))","최저연령,체중 제한 없음",체중제한 없음,,서울특별시,종로구,
서울적십자병원,A1100029,정보미제공,정보미제공,정보미제공,정보미제공,정보미제공,정보미제공,정보미제공,정보미제공,정보미제공,정보미제공,정보미제공,정보미제공,정보미제공,정보미제공,정보미제공,정보미제공,정보미제공,정보미제공,정보미제공,정보미제공,Y,정보미제공,정보미제공,정보미제공,정보미제공,정보미제공,정보미제공,정보미제공,,,,,서울특별시,종로구,
세란병원,A1100032,정보미제공,정보미제공,정보미제공,정보미제공,정보미제공,정보미제공,정보미제공,정보미제공,정보미제공,정보미제공,정보미제공,정보미제공,정보미제공,정보미제공,정보미제공,정보미제공,정보미제공,정보미제공,정보미제공,정보미제공,Y,정보미제공,정보미제공,정보미제공,정보미제공,정보미제공,정보미제공,정보미제공,,,,,서울특별시,종로구,
국립중앙의료원,A1100052,Y,정보미제공,정보미제공,정보미제공,정보미제공,정보미제공,정보미제공,정보미제공,정보미제공,Y,정보미제공,정보미제공,정보미제공,정보미제공,Y,Y,정보미제공,정보미제공,Y,정보미제공,Y,정보미제공,불가능,정보미제공,정보미제공,정보미제공,Y,정보미제공,만7세부터 가능 / 영상의학적 중재술(불가)이 실패한 경우 24시간 수술은 가능,,,,서울특별시,중구,
의료법인풍산의료재단동부제일병원,A1100075,정보미제공,정보미제공,정보미제공,정보미제공,정보미제공,정보미제공,정보미제공,정보미제공,정보미제공,정보미제공,정보미제공,정보미제공,정보미제공,정보미제공,정보미제공,정보미제공,정보미제공,정보미제공,정보미제공,정보미제공,Y,정보미제공,정보미제공,정보미제공,정보미제공,정보미제공,정보미제공,정보미제공,,,,,서울특별시,중랑구,
녹색병원,A1100044,정보미제공,정보미제공,Y,정보미제공,정보미제공,정보미제공,정보미제공,정보미제공,정보미제공,정보미제공,정보미제공,정보미제공,정보미제공,정보미제공,Y,Y,정보미제공,정보미제공,정보미제공,정보미제공,Y,정보미제공,Y,정보미제공,정보미제공,Y,정보미제공,Y,외래시간만 가능함,,,,서울특별시,중랑구,
서울특별시서울의료원,A1100035,Y,정보미제공,Y,정보미제공,Y,정보미제공,Y,Y,Y,Y,Y,Y,정보미제공,정보미제공,Y,Y,Y,정보미제공,Y,정보미제공,Y,Y,Y,정보미제공,정보미제공,Y,Y,Y,"유아 영상의학과 도수정복만 가능(수술불가능),3개월에서 3세까지가능","소화기내과, 단순이물질 제거대상, 5kg 이상가능","재태연령 35주 이상,2000g이상 가능",,서울특별시,중랑구,
세종충남대학교병원,A1800441,정보미제공,정보미제공,Y,정보미제공,정보미제공,정보미제공,Y,Y,Y,Y,정보미제공,정보미제공,정보미제공,정보미제공,Y,Y,정보미제공,정보미제공,정보미제공,정보미제공,Y,정보미제공,정보미제공,정보미제공,Y,Y,Y,Y,진료가능최저연령:0세,진료가능최저연령:0세,진료가능최저체중:300g,진료가능최저연령:0세,세종특별자치시,보듬7로,
의료법인 영제 의료재단 엔케이세종병원,A1800417,정보미제공,정보미제공,정보미제공,정보미제공,정보미제공,정보미제공,정보미제공,정보미제공,정보미제공,정보미제공,정보미제공,정보미제공,정보미제공,정보미제공,정보미제공,정보미제공,정보미제공,정보미제공,정보미제공,정보미제공,Y,정보미제공,정보미제공,정보미제공,정보미제공,정보미제공,정보미제공,정보미제공,,,,,세종특별자치시,한누리대로,
의료법인정안의료재단중앙병원,A1700028,Y,정보미제공,Y,정보미제공,정보미제공,정보미제공,정보미제공,정보미제공,정보미제공,정보미제공,정보미제공,Y,정보미제공,정보미제공,정보미제공,정보미제공,정보미제공,정보미제공,정보미제공,정보미제공,Y,Y,Y,정보미제공,정보미제공,Y,정보미제공,Y,,,,,울산광역시,남구,
의료법인은성의료재단좋은삼정병원,A1700011,Y,정보미제공,정보미제공,정보미제공,정보미제공,정보미제공,정보미제공,정보미제공,정보미제공,정보미제공,Y,정보미제공,정보미제공,정보미제공,Y,정보미제공,정보미제공,정보미제공,정보미제공,정보미제공,Y,정보미제공,정보미제공,정보미제공,정보미제공,Y,정보미제공,Y,,,,,울산광역시,남구,
울산병원,A1700003,Y,Y,Y,정보미제공,Y,정보미제공,정보미제공,정보미제공,정보미제공,Y,정보미제공,Y,정보미제공,정보미제공,Y,Y,정보미제공,정보미제공,Y,정보미제공,Y,Y,Y,정보미제공,정보미제공,Y,Y,Y,"5세이상,외과 수술만 가능",,,,울산광역시,남구,
학교법인울산공업학원울산대학교병원,A1700004,Y,Y,정보미제공,정보미제공,Y,정보미제공,Y,Y,Y,Y,정보미제공,Y,정보미제공,정보미제공,Y,Y,Y,불가능,Y,Y,Y,Y,Y,Y,Y,Y,Y,Y,0세,0세,23주 이상 400g,0세,울산광역시,동구,취학아동
의료법인송은의료재단울산시티병원,A1700025,Y,정보미제공,정보미제공,정보미제공,정보미제공,정보미제공,정보미제공,정보미제공,정보미제공,정보미제공,정보미제공,Y,Y,정보미제공,정보미제공,Y,정보미제공,정보미제공,정보미제공,정보미제공,Y,Y,Y,정보미제공,정보미제공,Y,정보미제공,Y,,,,,울산광역시,북구,
서울산보람병원,A1700001,정보미제공,정보미제공,정보미제공,정보미제공,정보미제공,정보미제공,정보미제공,정보미제공,정보미제공,정보미제공,정보미제공,정보미제공,정보미제공,정보미제공,정보미제공,정보미제공,정보미제공,정보미제공,정보미제공,정보미제공,Y,정보미제공,Y,정보미제공,정보미제공,정보미제공,정보미제공,정보미제공,,,,,울산광역시,울주군,
의료법인동강의료재단동강병원,A1700002,Y,Y,정보미제공,정보미제공,정보미제공,정보미제공,정보미제공,정보미제공,정보미제공,Y,Y,Y,정보미제공,정보미제공,Y,Y,정보미제공,정보미제공,Y,정보미제공,Y,Y,Y,Y,Y,Y,Y,Y,,만 5세 이상만 가능,,,울산광역시,중구,
비에스종합병원,A1403617,정보미제공,정보미제공,정보미제공,정보미제공,정보미제공,정보미제공,정보미제공,정보미제공,정보미제공,정보미제공,정보미제공,정보미제공,정보미제공,정보미제공,정보미제공,정보미제공,정보미제공,정보미제공,정보미제공,정보미제공,Y,정보미제공,Y,정보미제공,정보미제공,정보미제공,정보미제공,정보미제공,,,,,인천광역시,강화군,
인천세종병원,A1403372,Y,정보미제공,Y,정보미제공,정보미제공,정보미제공,정보미제공,정보미제공,정보미제공,Y,정보미제공,Y,정보미제공,Y,정보미제공,Y,정보미제공,정보미제공,정보미제공,정보미제공,Y,Y,Y,Y,Y,Y,Y,Y,,,,,인천광역시,계양구,
의료법인인성의료재단한림병원,A1400014,Y,정보미제공,Y,정보미제공,Y,정보미제공,정보미제공,정보미제공,정보미제공,Y,정보미제공,Y,Y,Y,Y,Y,정보미제공,정보미제공,Y,정보미제공,Y,Y,Y,정보미제공,정보미제공,Y,Y,Y,"평일 외래시간만 가능(10개월,10kg까지)",,,,인천광역시,계양구,
의료법인 길의료재단 길병원,A1400001,Y,Y,Y,Y,Y,정보미제공,Y,Y,Y,Y,정보미제공,Y,정보미제공,Y,Y,Y,Y,Y,Y,Y,Y,Y,Y,정보미제공,Y,Y,Y,Y,출생직후부터,제한없음,최저체중 400g,출생직후부터,인천광역시,남동구,
인천힘찬종합병원,A1403871,정보미제공,정보미제공,정보미제공,정보미제공,정보미제공,정보미제공,정보미제공,정보미제공,정보미제공,정보미제공,정보미제공,정보미제공,정보미제공,정보미제공,정보미제공,정보미제공,정보미제공,정보미제공,정보미제공,정보미제공,Y,정보미제공,정보미제공,정보미제공,정보미제공,정보미제공,정보미제공,정보미제공,,,,,인천광역시,남동구,
의료법인 길의료재단 길병원,A1400001,Y,Y,Y,Y,Y,정보미제공,Y,Y,Y,Y,정보미제공,Y,정보미제공,Y,Y,Y,Y,Y,Y,Y,Y,Y,Y,정보미제공,Y,Y,Y,Y,출생직후부터,제한없음,최저체중 400g,출생직후부터,인천광역시,동구,
인천힘찬종합병원,A1403871,정보미제공,정보미제공,정보미제공,정보미제공,정보미제공,정보미제공,정보미제공,정보미제공,정보미제공,정보미제공,정보미제공,정보미제공,정보미제공,정보미제공,정보미제공,정보미제공,정보미제공,정보미제공,정보미제공,정보미제공,Y,정보미제공,정보미제공,정보미제공,정보미제공,정보미제공,정보미제공,정보미제공,,,,,인천광역시,동구,
인천광역시의료원,A1400017,정보미제공,정보미제공,Y,정보미제공,Y,정보미제공,정보미제공,정보미제공,정보미제공,Y,정보미제공,정보미제공,Y,정보미제공,Y,Y,Y,정보미제공,정보미제공,정보미제공,Y,정보미제공,Y,정보미제공,정보미제공,Y,Y,Y,,,,,인천광역시,동구,
의료법인 성수의료재단 인천백병원,A1400007,정보미제공,정보미제공,Y,정보미제공,정보미제공,정보미제공,정보미제공,정보미제공,정보미제공,정보미제공,Y,정보미제공,Y,정보미제공,정보미제공,Y,정보미제공,정보미제공,정보미제공,정보미제공,Y,Y,Y,정보미제공,정보미제공,Y,Y,Y,,,,,인천광역시,동구,
현대유비스병원,A1400004,정보미제공,정보미제공,Y,정보미제공,정보미제공,정보미제공,정보미제공,정보미제공,정보미제공,정보미제공,Y,정보미제공,정보미제공,정보미제공,Y,Y,정보미제공,정보미제공,정보미제공,정보미제공,Y,정보미제공,정보미제공,정보미제공,정보미제공,Y,Y,Y,,,,,인천광역시,미추홀구,
인천사랑병원,A1400016,Y,정보미제공,Y,정보미제공,정보미제공,정보미제공,정보미제공,정보미제공,정보미제공,정보미제공,정보미제공,Y,정보미제공,Y,정보미제공,Y,정보미제공,정보미제공,정보미제공,정보미제공,Y,Y,Y,정보미제공,정보미제공,Y,Y,Y,12개월& 10KG 이상,만 7세 이상 가능,,,인천광역시,미추홀구,
가톨릭대학교 인천성모병원,A1400012,Y,Y,Y,Y,Y,Y,Y,Y,Y,Y,Y,Y,Y,Y,Y,Y,정보미제공,Y,Y,Y,Y,Y,Y,Y,Y,Y,Y,Y,"연령,체중 제한없음","연령,체중 제한없음","연령제한없음,최저체중:1000g",,인천광역시,부평구,
안은의료재단 부평세림병원,A1400013,Y,정보미제공,Y,정보미제공,Y,정보미제공,정보미제공,정보미제공,정보미제공,정보미제공,정보미제공,Y,Y,정보미제공,정보미제공,정보미제공,정보미제공,정보미제공,Y,정보미제공,Y,Y,Y,정보미제공,정보미제공,Y,Y,Y,"개월수,체중 무관 수용가능",,,,인천광역시,부평구,
가톨릭관동대학교국제성모병원,A1400015,Y,정보미제공,정보미제공,정보미제공,Y,정보미제공,정보미제공,Y,Y,Y,정보미제공,Y,Y,Y,Y,Y,정보미제공,정보미제공,Y,정보미제공,Y,Y,Y,Y,Y,정보미제공,정보미제공,Y,,,,,인천광역시,서구,
온누리병원,A1400005,정보미제공,정보미제공,Y,정보미제공,정보미제공,정보미제공,정보미제공,정보미제공,정보미제공,정보미제공,Y,정보미제공,Y,Y,Y,정보미제공,정보미제공,정보미제공,정보미제공,정보미제공,Y,Y,Y,정보미제공,정보미제공,정보미제공,정보미제공,Y,,,,,인천광역시,서구,
의료법인 루가의료재단 나은병원,A1400003,Y,Y,Y,정보미제공,Y,정보미제공,정보미제공,정보미제공,정보미제공,Y,정보미제공,Y,Y,정보미제공,Y,Y,정보미제공,Y,Y,정보미제공,Y,Y,Y,정보미제공,정보미제공,Y,Y,Y,36개월 이상 가능,,,,인천광역시,서구,
검단탑병원,A1400010,Y,정보미제공,Y,정보미제공,정보미제공,정보미제공,정보미제공,정보미제공,정보미제공,정보미제공,정보미제공,Y,Y,Y,Y,Y,정보미제공,정보미제공,정보미제공,정보미제공,Y,Y,Y,정보미제공,정보미제공,Y,Y,Y,,,,,인천광역시,서구,
(의)성세의료재단 뉴성민병원,A1400008,Y,정보미제공,정보미제공,정보미제공,정보미제공,정보미제공,정보미제공,정보미제공,정보미제공,정보미제공,정보미제공,Y,정보미제공,정보미제공,정보미제공,Y,정보미제공,정보미제공,정보미제공,정보미제공,Y,정보미제공,정보미제공,정보미제공,정보미제공,정보미제공,정보미제공,정보미제공,,,,,인천광역시,서구,
의료법인 나사렛의료재단 나사렛국제병원,A1400011,Y,정보미제공,Y,정보미제공,Y,정보미제공,정보미제공,정보미제공,정보미제공,Y,정보미제공,Y,Y,Y,Y,Y,정보미제공,정보미제공,Y,정보미제공,Y,Y,Y,정보미제공,정보미제공,Y,Y,Y,,,,,인천광역시,연수구,
인천적십자병원,A1400018,정보미제공,정보미제공,정보미제공,정보미제공,정보미제공,정보미제공,정보미제공,정보미제공,정보미제공,정보미제공,정보미제공,정보미제공,정보미제공,정보미제공,정보미제공,정보미제공,정보미제공,정보미제공,정보미제공,정보미제공,Y,정보미제공,정보미제공,정보미제공,정보미제공,정보미제공,정보미제공,정보미제공,,,,,인천광역시,연수구,
인천광역시의료원백령병원,A1400037,정보미제공,정보미제공,정보미제공,정보미제공,정보미제공,정보미제공,정보미제공,정보미제공,정보미제공,정보미제공,정보미제공,정보미제공,정보미제공,정보미제공,정보미제공,정보미제공,정보미제공,정보미제공,정보미제공,정보미제공,Y,정보미제공,정보미제공,정보미제공,정보미제공,정보미제공,정보미제공,정보미제공,,,,,인천광역시,옹진군,
인천기독병원,A1400009,정보미제공,정보미제공,Y,정보미제공,Y,Y,정보미제공,정보미제공,정보미제공,정보미제공,정보미제공,Y,정보미제공,정보미제공,Y,Y,정보미제공,정보미제공,정보미제공,정보미제공,Y,Y,Y,정보미제공,정보미제공,정보미제공,정보미제공,정보미제공,,,,,인천광역시,중구,
인하대학교의과대학부속병원,A1400002,Y,Y,Y,Y,Y,Y,Y,Y,Y,Y,정보미제공,Y,Y,Y,Y,Y,Y,Y,Y,정보미제공,Y,Y,Y,Y,Y,Y,Y,Y,출생직후가능,진료가능 최저연령 12개월,진료가능 최저체중 400g,,인천광역시,중구,진료가능 최저연령 2개월
전라남도강진의료원,A2600050,정보미제공,정보미제공,정보미제공,정보미제공,정보미제공,정보미제공,정보미제공,정보미제공,정보미제공,정보미제공,정보미제공,정보미제공,정보미제공,정보미제공,정보미제공,정보미제공,정보미제공,정보미제공,정보미제공,정보미제공,Y,정보미제공,정보미제공,정보미제공,정보미제공,정보미제공,정보미제공,정보미제공,,,,,전라남도,강진군,
의료법인영성의료재단고흥종합병원,A2600018,정보미제공,정보미제공,정보미제공,정보미제공,정보미제공,정보미제공,정보미제공,Y,정보미제공,정보미제공,정보미제공,정보미제공,정보미제공,정보미제공,정보미제공,정보미제공,정보미제공,정보미제공,정보미제공,정보미제공,Y,정보미제공,정보미제공,정보미제공,정보미제공,정보미제공,정보미제공,Y,,,,,전라남도,고흥군,
의료법인장호의료재단녹동현대병원,A2600068,정보미제공,정보미제공,정보미제공,정보미제공,정보미제공,정보미제공,정보미제공,정보미제공,정보미제공,정보미제공,정보미제공,정보미제공,정보미제공,정보미제공,정보미제공,정보미제공,정보미제공,정보미제공,정보미제공,정보미제공,Y,정보미제공,정보미제공,정보미제공,정보미제공,정보미제공,정보미제공,정보미제공,,,,,전라남도,고흥군,
곡성사랑병원,A2600029,정보미제공,정보미제공,정보미제공,정보미제공,정보미제공,정보미제공,정보미제공,정보미제공,정보미제공,정보미제공,정보미제공,정보미제공,정보미제공,정보미제공,정보미제공,정보미제공,정보미제공,정보미제공,정보미제공,정보미제공,Y,정보미제공,정보미제공,정보미제공,정보미제공,정보미제공,정보미제공,정보미제공,,,,,전라남도,곡성군,
광양사랑병원,A2600006,정보미제공,정보미제공,Y,정보미제공,정보미제공,정보미제공,정보미제공,정보미제공,정보미제공,정보미제공,Y,정보미제공,정보미제공,정보미제공,Y,정보미제공,정보미제공,정보미제공,정보미제공,정보미제공,Y,정보미제공,정보미제공,정보미제공,정보미제공,정보미제공,정보미제공,Y,,,,,전라남도,광양시,
의료법인현경의료재단광양서울병원,A2600024,정보미제공,정보미제공,정보미제공,정보미제공,정보미제공,정보미제공,정보미제공,정보미제공,정보미제공,정보미제공,정보미제공,정보미제공,정보미제공,정보미제공,정보미제공,정보미제공,정보미제공,정보미제공,정보미제공,정보미제공,Y,정보미제공,정보미제공,정보미제공,정보미제공,정보미제공,정보미제공,정보미제공,,,,,전라남도,광양시,
구례병원,A2600061,정보미제공,정보미제공,정보미제공,정보미제공,정보미제공,정보미제공,정보미제공,정보미제공,정보미제공,정보미제공,정보미제공,정보미제공,정보미제공,정보미제공,정보미제공,정보미제공,정보미제공,정보미제공,정보미제공,정보미제공,Y,정보미제공,정보미제공,정보미제공,정보미제공,정보미제공,정보미제공,정보미제공,,,,,전라남도,구례군,
나주종합병원,A2600016,정보미제공,정보미제공,정보미제공,정보미제공,정보미제공,정보미제공,정보미제공,정보미제공,정보미제공,정보미제공,정보미제공,정보미제공,정보미제공,정보미제공,정보미제공,정보미제공,정보미제공,정보미제공,정보미제공,정보미제공,Y,정보미제공,정보미제공,정보미제공,정보미제공,Y,정보미제공,Y,,,,,전라남도,나주시,
빛가람종합병원,A2602211,정보미제공,정보미제공,정보미제공,정보미제공,정보미제공,정보미제공,정보미제공,정보미제공,정보미제공,정보미제공,정보미제공,정보미제공,정보미제공,정보미제공,정보미제공,정보미제공,정보미제공,정보미제공,정보미제공,정보미제공,Y,정보미제공,정보미제공,정보미제공,정보미제공,정보미제공,정보미제공,정보미제공,,,,,전라남도,나주시,
담양사랑병원,A2600054,정보미제공,정보미제공,정보미제공,정보미제공,정보미제공,정보미제공,정보미제공,정보미제공,정보미제공,정보미제공,정보미제공,정보미제공,정보미제공,정보미제공,정보미제공,정보미제공,정보미제공,정보미제공,정보미제공,정보미제공,Y,정보미제공,정보미제공,정보미제공,정보미제공,정보미제공,정보미제공,정보미제공,,,,,전라남도,담양군,
의료법인해민의료재단 세안종합병원,A2600007,정보미제공,정보미제공,정보미제공,정보미제공,정보미제공,정보미제공,정보미제공,정보미제공,정보미제공,정보미제공,정보미제공,정보미제공,정보미제공,정보미제공,정보미제공,정보미제공,정보미제공,정보미제공,정보미제공,정보미제공,Y,정보미제공,정보미제공,정보미제공,정보미제공,정보미제공,정보미제공,정보미제공,,,,,전라남도,목포시,
목포기독병원,A2600020,정보미제공,정보미제공,불가능,불가능,정보미제공,정보미제공,정보미제공,정보미제공,정보미제공,Y,Y,정보미제공,정보미제공,정보미제공,불가능,불가능,정보미제공,정보미제공,정보미제공,정보미제공,Y,정보미제공,Y,정보미제공,정보미제공,Y,정보미제공,정보미제공,,만12세 미만,,,전라남도,목포시,
목포한국병원,A2600011,Y,Y,Y,Y,정보미제공,정보미제공,정보미제공,정보미제공,정보미제공,정보미제공,정보미제공,정보미제공,정보미제공,정보미제공,Y,Y,정보미제공,정보미제공,Y,Y,Y,정보미제공,Y,정보미제공,정보미제공,Y,Y,Y,1세이상 가능,4세이상 가능,,3세이상 가능,전라남도,목포시,
의료법인목포구암의료재단목포중앙병원,A2600017,정보미제공,정보미제공,Y,정보미제공,정보미제공,정보미제공,정보미제공,정보미제공,정보미제공,Y,정보미제공,Y,정보미제공,정보미제공,Y,정보미제공,Y,정보미제공,정보미제공,정보미제공,Y,Y,Y,정보미제공,정보미제공,Y,정보미제공,Y,1세이상,,,,전라남도,목포시,
목포시의료원,A2600022,정보미제공,정보미제공,정보미제공,정보미제공,정보미제공,정보미제공,정보미제공,정보미제공,정보미제공,정보미제공,정보미제공,정보미제공,정보미제공,정보미제공,정보미제공,정보미제공,정보미제공,정보미제공,정보미제공,정보미제공,Y,정보미제공,정보미제공,정보미제공,정보미제공,정보미제공,정보미제공,정보미제공,,,,,전라남도,목포시,
대송의료재단무안병원,A2600003,정보미제공,정보미제공,정보미제공,정보미제공,정보미제공,정보미제공,정보미제공,정보미제공,정보미제공,정보미제공,정보미제공,정보미제공,정보미제공,정보미제공,Y,Y,Y,정보미제공,정보미제공,정보미제공,Y,정보미제공,정보미제공,정보미제공,정보미제공,정보미제공,정보미제공,정보미제공,,,,,전라남도,무안군,
보성아산병원,A2600052,정보미제공,정보미제공,정보미제공,정보미제공,정보미제공,정보미제공,정보미제공,정보미제공,정보미제공,정보미제공,정보미제공,정보미제공,정보미제공,정보미제공,정보미제공,정보미제공,정보미제공,정보미제공,정보미제공,정보미제공,Y,정보미제공,정보미제공,정보미제공,정보미제공,정보미제공,정보미제공,정보미제공,,,,,전라남도,보성군,
의료법인삼호의료재단벌교삼호병원,A2600066,정보미제공,정보미제공,정보미제공,정보미제공,정보미제공,정보미제공,정보미제공,정보미제공,정보미제공,정보미제공,정보미제공,정보미제공,정보미제공,정보미제공,정보미제공,정보미제공,정보미제공,정보미제공,정보미제공,정보미제공,Y,정보미제공,정보미제공,정보미제공,정보미제공,정보미제공,정보미제공,정보미제공,,,,,전라남도,보성군,
순천제일병원,A2600008,정보미제공,정보미제공,정보미제공,정보미제공,정보미제공,정보미제공,정보미제공,정보미제공,정보미제공,정보미제공,정보미제공,정보미제공,정보미제공,정보미제공,정보미제공,정보미제공,정보미제공,정보미제공,정보미제공,정보미제공,Y,정보미제공,정보미제공,정보미제공,정보미제공,정보미제공,정보미제공,정보미제공,,,,,전라남도,순천시,
전라남도순천의료원,A2600056,정보미제공,정보미제공,정보미제공,정보미제공,정보미제공,정보미제공,정보미제공,정보미제공,정보미제공,정보미제공,정보미제공,정보미제공,정보미제공,정보미제공,정보미제공,정보미제공,Y,정보미제공,정보미제공,정보미제공,Y,정보미제공,정보미제공,정보미제공,정보미제공,불가능,정보미제공,불가능,,,,,전라남도,순천시,
성가롤로병원,A2600019,Y,Y,Y,Y,Y,정보미제공,정보미제공,정보미제공,Y,Y,정보미제공,Y,정보미제공,정보미제공,Y,Y,정보미제공,정보미제공,Y,Y,Y,Y,Y,Y,Y,Y,Y,Y,전연령 가능,영유아 5세,,6세이상,전라남도,순천시,
의료법인한국의료재단한국병원,A2600005,정보미제공,정보미제공,Y,정보미제공,정보미제공,정보미제공,정보미제공,정보미제공,정보미제공,정보미제공,정보미제공,정보미제공,정보미제공,정보미제공,Y,정보미제공,정보미제공,정보미제공,정보미제공,정보미제공,Y,정보미제공,Y,정보미제공,정보미제공,Y,Y,Y,,,,,전라남도,순천시,
의료법인신안대우병원,A2600051,정보미제공,정보미제공,정보미제공,정보미제공,정보미제공,정보미제공,정보미제공,정보미제공,정보미제공,정보미제공,정보미제공,정보미제공,정보미제공,정보미제공,정보미제공,정보미제공,정보미제공,정보미제공,정보미제공,정보미제공,Y,정보미제공,정보미제공,정보미제공,정보미제공,정보미제공,정보미제공,정보미제공,,,,,전라남도,신안군,
여천전남병원,A2600014,불가능,Y,Y,정보미제공,정보미제공,정보미제공,정보미제공,정보미제공,정보미제공,Y,Y,정보미제공,Y,Y,Y,Y,정보미제공,정보미제공,정보미제공,정보미제공,Y,정보미제공,Y,정보미제공,정보미제공,Y,Y,Y,7세이상 가능,,,,전라남도,여수시,
의료법인한마음의료재단여수제일병원,A2600027,정보미제공,정보미제공,Y,정보미제공,정보미제공,정보미제공,정보미제공,정보미제공,Y,Y,정보미제공,정보미제공,정보미제공,정보미제공,정보미제공,정보미제공,정보미제공,정보미제공,정보미제공,정보미제공,Y,정보미제공,Y,정보미제공,정보미제공,Y,Y,Y,,,,,전라남도,여수시,
여수전남병원,A2600010,정보미제공,Y,Y,정보미제공,정보미제공,정보미제공,정보미제공,정보미제공,정보미제공,Y,Y,정보미제공,정보미제공,정보미제공,Y,Y,정보미제공,정보미제공,정보미제공,정보미제공,Y,정보미제공,Y,정보미제공,정보미제공,Y,Y,Y,전연령가능,10세 이상 가능,,,전라남도,여수시,
의료법인 거명의료재단 영광기독병원,A2600034,정보미제공,정보미제공,정보미제공,정보미제공,정보미제공,정보미제공,정보미제공,정보미제공,정보미제공,정보미제공,정보미제공,정보미제공,정보미제공,정보미제공,정보미제공,정보미제공,정보미제공,정보미제공,정보미제공,정보미제공,Y,정보미제공,정보미제공,정보미제공,정보미제공,정보미제공,정보미제공,정보미제공,,,,,전라남도,영광군,
영광종합병원,A2600015,정보미제공,정보미제공,정보미제공,정보미제공,정보미제공,정보미제공,정보미제공,정보미제공,정보미제공,정보미제공,정보미제공,정보미제공,정보미제공,정보미제공,Y,정보미제공,정보미제공,정보미제공,정보미제공,정보미제공,Y,정보미제공,정보미제공,정보미제공,정보미제공,Y,정보미제공,정보미제공,,,,,전라남도,영광군,
영암한국병원,A2600070,정보미제공,정보미제공,정보미제공,정보미제공,정보미제공,정보미제공,정보미제공,정보미제공,정보미제공,정보미제공,정보미제공,정보미제공,정보미제공,정보미제공,정보미제공,정보미제공,정보미제공,정보미제공,정보미제공,정보미제공,Y,정보미제공,정보미제공,정보미제공,정보미제공,정보미제공,정보미제공,정보미제공,,,,,전라남도,영암군,
완도대성병원,A2600032,정보미제공,정보미제공,정보미제공,정보미제공,정보미제공,정보미제공,정보미제공,Y,정보미제공,정보미제공,정보미제공,정보미제공,정보미제공,정보미제공,Y,정보미제공,정보미제공,정보미제공,정보미제공,정보미제공,Y,정보미제공,정보미제공,정보미제공,정보미제공,정보미제공,정보미제공,정보미제공,,,,,전라남도,완도군,
의료법인행복나눔의료재단장성병원,A2600035,정보미제공,정보미제공,정보미제공,정보미제공,정보미제공,정보미제공,정보미제공,정보미제공,정보미제공,정보미제공,정보미제공,정보미제공,정보미제공,정보미제공,정보미제공,정보미제공,정보미제공,정보미제공,정보미제공,정보미제공,Y,정보미제공,정보미제공,정보미제공,정보미제공,정보미제공,정보미제공,정보미제공,,,,,전라남도,장성군,
의료법인우범의료재단장흥종합병원,A2600021,정보미제공,정보미제공,정보미제공,정보미제공,정보미제공,정보미제공,정보미제공,정보미제공,정보미제공,정보미제공,정보미제공,정보미제공,정보미제공,정보미제공,정보미제공,정보미제공,정보미제공,정보미제공,정보미제공,정보미제공,Y,정보미제공,정보미제공,정보미제공,정보미제공,정보미제공,정보미제공,정보미제공,,,,,전라남도,장흥군,
장흥우리병원,A2600037,정보미제공,정보미제공,정보미제공,정보미제공,정보미제공,정보미제공,정보미제공,정보미제공,정보미제공,정보미제공,정보미제공,정보미제공,정보미제공,정보미제공,정보미제공,정보미제공,정보미제공,정보미제공,정보미제공,정보미제공,Y,정보미제공,정보미제공,정보미제공,정보미제공,정보미제공,정보미제공,정보미제공,,,,,전라남도,장흥군,
진도한국병원,A2600040,정보미제공,정보미제공,정보미제공,정보미제공,정보미제공,정보미제공,정보미제공,정보미제공,정보미제공,정보미제공,정보미제공,정보미제공,정보미제공,정보미제공,정보미제공,정보미제공,정보미제공,정보미제공,정보미제공,정보미제공,Y,정보미제공,정보미제공,정보미제공,정보미제공,정보미제공,정보미제공,정보미제공,,,,,전라남도,진도군,
해남우리종합병원,A2600077,정보미제공,정보미제공,정보미제공,정보미제공,정보미제공,정보미제공,정보미제공,정보미제공,정보미제공,정보미제공,정보미제공,Y,정보미제공,정보미제공,Y,정보미제공,정보미제공,정보미제공,정보미제공,정보미제공,Y,정보미제공,정보미제공,정보미제공,정보미제공,정보미제공,정보미제공,정보미제공,,,,,전라남도,해남군,
의료법인행촌의료재단해남종합병원,A2600009,정보미제공,정보미제공,정보미제공,정보미제공,정보미제공,정보미제공,정보미제공,Y,Y,정보미제공,정보미제공,정보미제공,정보미제공,정보미제공,Y,정보미제공,정보미제공,정보미제공,정보미제공,정보미제공,Y,정보미제공,정보미제공,정보미제공,정보미제공,정보미제공,정보미제공,정보미제공,,,,,전라남도,해남군,
화순전남대학교병원,A2600001,정보미제공,정보미제공,Y,정보미제공,정보미제공,정보미제공,정보미제공,정보미제공,정보미제공,정보미제공,정보미제공,정보미제공,정보미제공,정보미제공,정보미제공,Y,정보미제공,정보미제공,Y,Y,Y,정보미제공,정보미제공,정보미제공,정보미제공,정보미제공,Y,Y,,최저연령:0세,,최저연령: 0세,전라남도,화순군,최저연령:5세
의료법인석천재단고창병원,A2500009,정보미제공,정보미제공,정보미제공,정보미제공,정보미제공,정보미제공,Y,Y,Y,Y,정보미제공,정보미제공,정보미제공,정보미제공,정보미제공,정보미제공,정보미제공,정보미제공,정보미제공,정보미제공,Y,정보미제공,정보미제공,정보미제공,정보미제공,정보미제공,정보미제공,정보미제공,,,이찬근,,전북특별자치도,고창군,
전북특별자치도군산의료원,A2500007,정보미제공,정보미제공,정보미제공,정보미제공,정보미제공,정보미제공,정보미제공,정보미제공,정보미제공,정보미제공,정보미제공,정보미제공,Y,정보미제공,정보미제공,정보미제공,정보미제공,정보미제공,정보미제공,정보미제공,Y,정보미제공,Y,정보미제공,정보미제공,Y,정보미제공,Y,,,,,전북특별자치도,군산시,불가능
의료법인오성의료재단동군산병원,A2500012,Y,정보미제공,Y,정보미제공,정보미제공,정보미제공,정보미제공,정보미제공,정보미제공,정보미제공,정보미제공,불가능,정보미제공,정보미제공,정보미제공,Y,정보미제공,정보미제공,정보미제공,정보미제공,Y,불가능,불가능,정보미제공,정보미제공,Y,Y,Y,,,,,전북특별자치도,군산시,
김제우석병원,A2500038,정보미제공,정보미제공,정보미제공,정보미제공,정보미제공,정보미제공,정보미제공,정보미제공,정보미제공,정보미제공,정보미제공,정보미제공,정보미제공,정보미제공,정보미제공,정보미제공,정보미제공,정보미제공,정보미제공,정보미제공,Y,정보미제공,정보미제공,정보미제공,정보미제공,정보미제공,정보미제공,정보미제공,,,,,전북특별자치도,김제시,
전북특별자치도남원의료원,A2500004,정보미제공,정보미제공,정보미제공,정보미제공,정보미제공,정보미제공,정보미제공,Y,Y,정보미제공,정보미제공,정보미제공,정보미제공,정보미제공,정보미제공,정보미제공,정보미제공,정보미제공,정보미제공,정보미제공,Y,정보미제공,정보미제공,정보미제공,정보미제공,Y,정보미제공,Y,1세 10kg,,,,전북특별자치도,남원시,
무주군보건의료원,E2500019,정보미제공,정보미제공,정보미제공,정보미제공,정보미제공,정보미제공,정보미제공,정보미제공,정보미제공,정보미제공,정보미제공,정보미제공,정보미제공,정보미제공,정보미제공,정보미제공,정보미제공,정보미제공,정보미제공,정보미제공,Y,정보미제공,정보미제공,정보미제공,정보미제공,정보미제공,정보미제공,정보미제공,,,,,전북특별자치도,무주군,
부안성모병원,A2500010,정보미제공,정보미제공,정보미제공,정보미제공,정보미제공,정보미제공,정보미제공,정보미제공,정보미제공,정보미제공,정보미제공,정보미제공,정보미제공,정보미제공,정보미제공,정보미제공,정보미제공,정보미제공,정보미제공,정보미제공,Y,정보미제공,정보미제공,정보미제공,정보미제공,정보미제공,정보미제공,Y,,,,,전북특별자치도,부안군,
순창군보건의료원,E2500021,정보미제공,정보미제공,정보미제공,정보미제공,정보미제공,정보미제공,정보미제공,정보미제공,정보미제공,정보미제공,정보미제공,정보미제공,정보미제공,정보미제공,정보미제공,정보미제공,정보미제공,정보미제공,정보미제공,정보미제공,Y,정보미제공,정보미제공,정보미제공,정보미제공,정보미제공,정보미제공,정보미제공,,,,,전북특별자치도,순창군,
원광대학교병원,A2500001,Y,Y,Y,Y,Y,정보미제공,Y,Y,Y,Y,정보미제공,Y,불가능,불가능,Y,Y,Y,Y,Y,Y,Y,Y,Y,Y,Y,Y,Y,Y,유선 문의 꼭 부탁드립니다.,유선 문의 꼭 부탁드립니다.,유선 문의 꼭 부탁드립니다.,유선 문의 꼭 부탁드립니다.,전북특별자치도,익산시,
의료법인대산의료재단익산병원,A2500011,정보미제공,정보미제공,정보미제공,정보미제공,정보미제공,정보미제공,정보미제공,정보미제공,정보미제공,정보미제공,정보미제공,정보미제공,정보미제공,정보미제공,정보미제공,정보미제공,정보미제공,정보미제공,정보미제공,정보미제공,Y,정보미제공,정보미제공,정보미제공,정보미제공,Y,정보미제공,정보미제공,,,,,전북특별자치도,익산시,불가능
임실군보건의료원,E2500022,정보미제공,정보미제공,정보미제공,정보미제공,정보미제공,정보미제공,정보미제공,정보미제공,정보미제공,정보미제공,정보미제공,정보미제공,정보미제공,정보미제공,정보미제공,정보미제공,정보미제공,정보미제공,정보미제공,정보미제공,Y,정보미제공,정보미제공,정보미제공,정보미제공,정보미제공,정보미제공,정보미제공,,,,,전북특별자치도,임실군,
장수군보건의료원,E2500020,정보미제공,정보미제공,정보미제공,정보미제공,정보미제공,정보미제공,정보미제공,정보미제공,정보미제공,정보미제공,정보미제공,정보미제공,정보미제공,정보미제공,정보미제공,정보미제공,정보미제공,정보미제공,정보미제공,정보미제공,Y,정보미제공,정보미제공,정보미제공,정보미제공,정보미제공,정보미제공,정보미제공,,,,,전북특별자치도,장수군,
전북대학교병원,A2500002,Y,Y,Y,Y,Y,Y,Y,불가능,Y,Y,정보미제공,Y,Y,Y,Y,Y,Y,Y,Y,Y,Y,Y,Y,불가능,Y,Y,Y,Y,0세~,0~19세,0.5kg~,6세~,전북특별자치도,전주시,당직의 상의
대자인병원,A2500056,Y,정보미제공,Y,정보미제공,Y,정보미제공,정보미제공,정보미제공,정보미제공,Y,정보미제공,Y,Y,정보미제공,Y,정보미제공,정보미제공,정보미제공,Y,정보미제공,Y,Y,Y,정보미제공,정보미제공,Y,Y,Y,수용 불가능,,,,전북특별자치도,전주시,수용 불가능
의료법인영경의료재단호성전주병원,A2501890,정보미제공,정보미제공,정보미제공,정보미제공,정보미제공,정보미제공,정보미제공,정보미제공,정보미제공,정보미제공,정보미제공,정보미제공,정보미제공,정보미제공,정보미제공,정보미제공,정보미제공,정보미제공,정보미제공,정보미제공,Y,정보미제공,정보미제공,정보미제공,정보미제공,정보미제공,정보미제공,정보미제공,,,,,전북특별자치도,전주시,
새강병원,A2502742,정보미제공,정보미제공,정보미제공,정보미제공,정보미제공,정보미제공,정보미제공,정보미제공,정보미제공,정보미제공,정보미제공,정보미제공,정보미제공,정보미제공,정보미제공,정보미제공,정보미제공,정보미제공,정보미제공,정보미제공,Y,정보미제공,정보미제공,정보미제공,정보미제공,정보미제공,정보미제공,정보미제공,,,,,전북특별자치도,전주시,
재단법인예수병원유지재단예수병원,A2500006,Y,Y,Y,Y,Y,정보미제공,Y,Y,Y,Y,정보미제공,Y,정보미제공,정보미제공,Y,Y,정보미제공,정보미제공,Y,정보미제공,Y,Y,Y,정보미제공,정보미제공,Y,Y,Y,"장중첩시술:모든연령 가능, 장폐색수술:8세이상",8세이상 가능,"28주 이상 가능, 태아체중1000g, 태아기형 불가",가능,전북특별자치도,전주시,확인중
의료법인영경의료재단전주병원,A2500005,정보미제공,정보미제공,정보미제공,정보미제공,정보미제공,정보미제공,정보미제공,정보미제공,정보미제공,Y,정보미제공,정보미제공,정보미제공,정보미제공,정보미제공,정보미제공,정보미제공,정보미제공,정보미제공,정보미제공,Y,정보미제공,Y,정보미제공,정보미제공,Y,정보미제공,Y,외래 진료시간만 가능(1세 이상),,,,전북특별자치도,전주시,
재단법인 아산사회복지재단 정읍아산병원,A2500008,정보미제공,정보미제공,정보미제공,정보미제공,정보미제공,정보미제공,정보미제공,정보미제공,정보미제공,정보미제공,정보미제공,정보미제공,정보미제공,정보미제공,정보미제공,정보미제공,정보미제공,정보미제공,정보미제공,정보미제공,Y,정보미제공,불가능,정보미제공,정보미제공,정보미제공,정보미제공,정보미제공,,,,,전북특별자치도,정읍시,
진안군의료원,A2502031,정보미제공,정보미제공,정보미제공,정보미제공,정보미제공,정보미제공,정보미제공,정보미제공,정보미제공,정보미제공,정보미제공,정보미제공,정보미제공,정보미제공,정보미제공,정보미제공,정보미제공,정보미제공,정보미제공,정보미제공,Y,정보미제공,정보미제공,정보미제공,정보미제공,정보미제공,정보미제공,정보미제공,,,,,전북특별자치도,진안군,
제주특별자치도서귀포의료원,A2900002,Y,Y,Y,정보미제공,정보미제공,정보미제공,정보미제공,Y,Y,Y,정보미제공,정보미제공,정보미제공,정보미제공,Y,Y,Y,정보미제공,정보미제공,정보미제공,Y,정보미제공,Y,정보미제공,정보미제공,Y,정보미제공,Y,모두 가능,,,,제주특별자치도,서귀포시,
제주한라병원,A2900001,불가능,Y,Y,정보미제공,정보미제공,정보미제공,Y,정보미제공,정보미제공,정보미제공,Y,Y,정보미제공,정보미제공,Y,Y,정보미제공,정보미제공,Y,정보미제공,Y,Y,Y,불가능,Y,Y,Y,Y,연령(체중) 제한 없음,만 24개월 이상부터 가능,"출생 체중 1,000g 이상, 재태기간 32주 이상","C-line 6개월 이상 가능,그 외 시술은 수용이 불가할 수 있습니다.",제주특별자치도,제주시,
의료법인 혜인의료재단 한국병원,A2900003,정보미제공,정보미제공,정보미제공,정보미제공,정보미제공,정보미제공,정보미제공,정보미제공,정보미제공,정보미제공,정보미제공,정보미제공,정보미제공,정보미제공,정보미제공,Y,정보미제공,정보미제공,정보미제공,정보미제공,Y,정보미제공,정보미제공,정보미제공,정보미제공,Y,정보미제공,Y,,,,,제주특별자치도,제주시,
제주대학교병원,A2900007,불가능,정보미제공,정보미제공,Y,Y,Y,Y,불가능,불가능,Y,정보미제공,Y,Y,Y,Y,Y,Y,Y,Y,Y,Y,Y,Y,정보미제공,정보미제공,Y,Y,Y,"0세,중환자실잔여병상확인필요",0세,"1,000g,NICU병상확인","C-line 2.5kg이상,내시경이나 수술이 추가로 필요한 경우에는 수용이 어려울 수 있습니다.",제주특별자치도,제주시,0세
한마음병원,A2900005,정보미제공,정보미제공,Y,정보미제공,Y,정보미제공,정보미제공,정보미제공,Y,Y,정보미제공,정보미제공,정보미제공,정보미제공,Y,Y,정보미제공,정보미제공,정보미제공,정보미제공,Y,정보미제공,Y,정보미제공,정보미제공,Y,정보미제공,Y,제한없음,,,,제주특별자치도,제주시,
의료법인중앙의료재단중앙병원,A2900006,Y,정보미제공,Y,정보미제공,정보미제공,정보미제공,정보미제공,정보미제공,정보미제공,Y,정보미제공,Y,정보미제공,정보미제공,Y,Y,정보미제공,정보미제공,불가능,정보미제공,Y,Y,Y,정보미제공,정보미제공,Y,정보미제공,Y,,,,,제주특별자치도,제주시,
충청남도공주의료원,A2400010,정보미제공,정보미제공,정보미제공,정보미제공,정보미제공,정보미제공,정보미제공,정보미제공,정보미제공,정보미제공,정보미제공,정보미제공,정보미제공,정보미제공,정보미제공,정보미제공,정보미제공,정보미제공,정보미제공,정보미제공,Y,정보미제공,정보미제공,정보미제공,정보미제공,정보미제공,정보미제공,정보미제공,,,,,충청남도,공주시,
의료법인백제병원,A2400009,Y,정보미제공,Y,정보미제공,Y,정보미제공,정보미제공,정보미제공,정보미제공,정보미제공,정보미제공,정보미제공,정보미제공,정보미제공,Y,Y,Y,정보미제공,정보미제공,정보미제공,Y,정보미제공,Y,정보미제공,정보미제공,정보미제공,정보미제공,Y,,,,,충청남도,논산시,
당진종합병원,A2400008,Y,정보미제공,정보미제공,정보미제공,정보미제공,정보미제공,정보미제공,정보미제공,정보미제공,정보미제공,Y,정보미제공,정보미제공,정보미제공,Y,Y,정보미제공,정보미제공,정보미제공,정보미제공,Y,정보미제공,Y,정보미제공,정보미제공,Y,정보미제공,Y,"만2세, 10kg 이상,  외래 진료 시간만 가능",,,,충청남도,당진시,
재단법인아산사회복지재단보령아산병원,A2400011,정보미제공,정보미제공,정보미제공,정보미제공,정보미제공,정보미제공,정보미제공,정보미제공,정보미제공,정보미제공,정보미제공,정보미제공,정보미제공,정보미제공,Y,정보미제공,정보미제공,정보미제공,정보미제공,정보미제공,Y,정보미제공,정보미제공,정보미제공,정보미제공,정보미제공,정보미제공,Y,,,,,충청남도,보령시,
학교법인건양교육재단건양대학교부여병원,A2400038,정보미제공,정보미제공,정보미제공,정보미제공,정보미제공,정보미제공,정보미제공,정보미제공,정보미제공,정보미제공,정보미제공,정보미제공,정보미제공,정보미제공,정보미제공,정보미제공,정보미제공,정보미제공,정보미제공,정보미제공,Y,정보미제공,정보미제공,정보미제공,정보미제공,정보미제공,정보미제공,정보미제공,,,,,충청남도,부여군,
서산중앙병원,A2400003,Y,정보미제공,Y,정보미제공,정보미제공,정보미제공,정보미제공,정보미제공,정보미제공,정보미제공,정보미제공,Y,정보미제공,정보미제공,Y,Y,정보미제공,정보미제공,정보미제공,정보미제공,Y,정보미제공,Y,정보미제공,정보미제공,Y,정보미제공,Y,,,,,충청남도,서산시,
충청남도서산의료원,A2400006,정보미제공,정보미제공,Y,정보미제공,정보미제공,정보미제공,정보미제공,정보미제공,정보미제공,정보미제공,정보미제공,정보미제공,정보미제공,정보미제공,정보미제공,정보미제공,정보미제공,정보미제공,정보미제공,정보미제공,Y,정보미제공,정보미제공,정보미제공,정보미제공,정보미제공,정보미제공,정보미제공,,,,,충청남도,서산시,
의료법인 서해병원,A2400044,정보미제공,정보미제공,정보미제공,정보미제공,정보미제공,정보미제공,정보미제공,정보미제공,정보미제공,정보미제공,정보미제공,정보미제공,정보미제공,정보미제공,정보미제공,정보미제공,정보미제공,정보미제공,정보미제공,정보미제공,Y,정보미제공,정보미제공,정보미제공,정보미제공,정보미제공,정보미제공,정보미제공,,,,,충청남도,서천군,
아산충무병원,A2402257,Y,정보미제공,Y,정보미제공,Y,정보미제공,정보미제공,정보미제공,정보미제공,Y,정보미제공,Y,정보미제공,정보미제공,Y,Y,정보미제공,정보미제공,Y,정보미제공,Y,Y,Y,정보미제공,정보미제공,Y,Y,Y,,,,,충청남도,아산시,
현대병원,A2400039,정보미제공,정보미제공,정보미제공,정보미제공,정보미제공,정보미제공,정보미제공,정보미제공,정보미제공,정보미제공,정보미제공,정보미제공,정보미제공,정보미제공,정보미제공,정보미제공,정보미제공,정보미제공,정보미제공,정보미제공,Y,정보미제공,정보미제공,정보미제공,정보미제공,정보미제공,정보미제공,정보미제공,,,,,충청남도,아산시,
의료법인예당의료재단예산종합병원,A2400004,정보미제공,정보미제공,정보미제공,정보미제공,정보미제공,정보미제공,정보미제공,정보미제공,정보미제공,정보미제공,정보미제공,정보미제공,정보미제공,정보미제공,정보미제공,정보미제공,정보미제공,정보미제공,정보미제공,정보미제공,Y,정보미제공,정보미제공,정보미제공,정보미제공,정보미제공,정보미제공,정보미제공,,,,,충청남도,예산군,
단국대학교의과대학부속병원,A2400002,Y,불가능,Y,불가능,Y,정보미제공,불가능,불가능,불가능,불가능,정보미제공,Y,Y,Y,Y,Y,Y,Y,Y,Y,Y,Y,Y,Y,Y,Y,Y,Y,"영상의학과와 외과에서 일차적 시행, 최저연령 : 0세 이상","소화기내과 전문의로 대진 , 최저연령 : 0세 이상",진료가능 최저체중 : 2.5kg 미만 가능,진료가능 최저연령: 0세이상,충청남도,천안시,진료가능 최저연령: 3세까지
학교법인동은학원순천향대학교부속천안병원,A2400001,Y,정보미제공,Y,Y,Y,Y,Y,Y,Y,Y,정보미제공,Y,Y,Y,Y,Y,정보미제공,Y,Y,Y,Y,Y,Y,Y,Y,Y,Y,Y,"0~8세, 0g~","0~8세, 0g~","0~8세, 0g~","0~8세, 0g~",충청남도,천안시,"0~8세, 0g~"
충청남도천안의료원,A2400005,정보미제공,정보미제공,정보미제공,정보미제공,정보미제공,정보미제공,정보미제공,정보미제공,정보미제공,정보미제공,정보미제공,정보미제공,정보미제공,정보미제공,정보미제공,정보미제공,정보미제공,정보미제공,정보미제공,정보미제공,Y,정보미제공,정보미제공,정보미제공,정보미제공,정보미제공,정보미제공,정보미제공,,,,,충청남도,천안시,
의료법인영서의료재단천안충무병원,A2400012,Y,정보미제공,Y,정보미제공,Y,정보미제공,정보미제공,정보미제공,정보미제공,Y,Y,Y,Y,Y,Y,Y,정보미제공,정보미제공,Y,Y,Y,Y,Y,정보미제공,정보미제공,Y,Y,Y,,96개월,,96개월,충청남도,천안시,96개월
청양군보건의료원,E2400032,정보미제공,정보미제공,정보미제공,정보미제공,정보미제공,정보미제공,정보미제공,정보미제공,정보미제공,정보미제공,정보미제공,정보미제공,정보미제공,정보미제공,정보미제공,정보미제공,정보미제공,정보미제공,정보미제공,정보미제공,Y,정보미제공,정보미제공,정보미제공,정보미제공,정보미제공,정보미제공,정보미제공,,,,,충청남도,청양군,
태안군보건의료원,E2400033,정보미제공,정보미제공,정보미제공,정보미제공,정보미제공,정보미제공,정보미제공,정보미제공,정보미제공,정보미제공,정보미제공,정보미제공,정보미제공,정보미제공,정보미제공,정보미제공,정보미제공,정보미제공,정보미제공,정보미제공,Y,정보미제공,정보미제공,정보미제공,정보미제공,정보미제공,정보미제공,정보미제공,,,,,충청남도,태안군,
충청남도홍성의료원,A2400007,정보미제공,정보미제공,정보미제공,정보미제공,정보미제공,정보미제공,정보미제공,정보미제공,정보미제공,정보미제공,정보미제공,정보미제공,정보미제공,정보미제공,정보미제공,정보미제공,정보미제공,정보미제공,정보미제공,정보미제공,Y,정보미제공,정보미제공,정보미제공,정보미제공,정보미제공,정보미제공,정보미제공,,,,,충청남도,홍성군,
의료법인대광의료재단괴산성모병원,A2300034,정보미제공,정보미제공,정보미제공,정보미제공,정보미제공,정보미제공,정보미제공,정보미제공,정보미제공,정보미제공,정보미제공,정보미제공,정보미제공,정보미제공,정보미제공,정보미제공,정보미제공,정보미제공,정보미제공,정보미제공,Y,정보미제공,정보미제공,정보미제공,정보미제공,정보미제공,정보미제공,정보미제공,,,,,충청북도,괴산군,
단양군보건의료원,E2300011,정보미제공,정보미제공,정보미제공,정보미제공,정보미제공,정보미제공,정보미제공,정보미제공,정보미제공,정보미제공,정보미제공,정보미제공,정보미제공,정보미제공,정보미제공,정보미제공,정보미제공,정보미제공,정보미제공,정보미제공,Y,정보미제공,정보미제공,정보미제공,정보미제공,정보미제공,정보미제공,정보미제공,,,,,충청북도,단양군,
의료법인조윤의료재단영동병원,A2300030,정보미제공,정보미제공,정보미제공,정보미제공,정보미제공,정보미제공,정보미제공,정보미제공,정보미제공,정보미제공,정보미제공,정보미제공,정보미제공,정보미제공,정보미제공,정보미제공,정보미제공,정보미제공,정보미제공,정보미제공,Y,정보미제공,정보미제공,정보미제공,정보미제공,정보미제공,정보미제공,정보미제공,,,,,충청북도,영동군,
의료법인힐링의료재단옥천성모병원,A2300011,정보미제공,정보미제공,정보미제공,정보미제공,정보미제공,정보미제공,정보미제공,정보미제공,정보미제공,정보미제공,정보미제공,정보미제공,정보미제공,정보미제공,정보미제공,정보미제공,정보미제공,정보미제공,정보미제공,정보미제공,Y,정보미제공,정보미제공,정보미제공,정보미제공,정보미제공,정보미제공,정보미제공,,,,,충청북도,옥천군,
의료법인명지의료재단명지병원,A2300009,Y,정보미제공,정보미제공,정보미제공,정보미제공,정보미제공,정보미제공,정보미제공,정보미제공,정보미제공,정보미제공,정보미제공,정보미제공,정보미제공,Y,Y,정보미제공,정보미제공,정보미제공,정보미제공,Y,정보미제공,정보미제공,정보미제공,정보미제공,정보미제공,정보미제공,정보미제공,,,,,충청북도,제천시,
의료법인자산의료재단제천서울병원,A2300005,정보미제공,정보미제공,정보미제공,정보미제공,정보미제공,정보미제공,정보미제공,정보미제공,정보미제공,정보미제공,정보미제공,정보미제공,정보미제공,정보미제공,Y,Y,정보미제공,정보미제공,정보미제공,정보미제공,Y,정보미제공,Y,정보미제공,정보미제공,Y,정보미제공,Y,,,,,충청북도,제천시,
의료법인 건명의료재단 중앙제일병원,A2300013,정보미제공,정보미제공,정보미제공,정보미제공,정보미제공,정보미제공,정보미제공,정보미제공,정보미제공,Y,정보미제공,정보미제공,Y,Y,Y,Y,정보미제공,정보미제공,정보미제공,정보미제공,Y,정보미제공,정보미제공,정보미제공,정보미제공,Y,정보미제공,Y,,부분 가능,,,충청북도,진천군,
의료법인인화재단한국병원,A2300007,Y,Y,Y,정보미제공,정보미제공,정보미제공,정보미제공,정보미제공,Y,Y,Y,Y,정보미제공,정보미제공,Y,Y,정보미제공,정보미제공,Y,정보미제공,Y,Y,Y,정보미제공,정보미제공,Y,정보미제공,Y,"만4세이상, 15kg",,,,충청북도,청주시,
의료법인정산의료재단효성병원,A2300003,Y,Y,Y,정보미제공,정보미제공,정보미제공,정보미제공,정보미제공,정보미제공,Y,Y,Y,Y,Y,Y,Y,정보미제공,정보미제공,Y,정보미제공,Y,Y,Y,정보미제공,정보미제공,Y,Y,Y,,,,,충청북도,청주시,
충북대학교병원,A2300001,Y,정보미제공,불가능,정보미제공,Y,정보미제공,정보미제공,정보미제공,정보미제공,정보미제공,정보미제공,Y,정보미제공,정보미제공,Y,Y,Y,정보미제공,불가능,정보미제공,Y,Y,Y,정보미제공,정보미제공,정보미제공,정보미제공,정보미제공,0세~8세,1세 이상,2500g 이하,1세 이상,충청북도,청주시,1세 이상
충청북도청주의료원,A2300006,정보미제공,정보미제공,Y,정보미제공,정보미제공,정보미제공,정보미제공,정보미제공,정보미제공,정보미제공,정보미제공,정보미제공,정보미제공,정보미제공,정보미제공,정보미제공,불가능,정보미제공,정보미제공,정보미제공,Y,Y,Y,정보미제공,정보미제공,Y,정보미제공,불가능,,,,,충청북도,청주시,
청주성모병원,A2300008,Y,정보미제공,Y,정보미제공,정보미제공,정보미제공,정보미제공,Y,Y,Y,정보미제공,Y,정보미제공,정보미제공,Y,Y,정보미제공,정보미제공,Y,정보미제공,Y,Y,Y,정보미제공,정보미제공,Y,Y,Y,"만3세이상/14kg이상 가능,  야간진료불가능",,,,충청북도,청주시,
의료법인한마음의료재단하나병원,A2300002,Y,정보미제공,Y,정보미제공,정보미제공,정보미제공,정보미제공,정보미제공,정보미제공,Y,정보미제공,Y,정보미제공,정보미제공,Y,Y,정보미제공,정보미제공,Y,정보미제공,Y,Y,Y,정보미제공,정보미제공,Y,Y,Y,,,,,충청북도,청주시,
건국대학교충주병원,A2300010,정보미제공,정보미제공,Y,정보미제공,정보미제공,정보미제공,정보미제공,정보미제공,정보미제공,정보미제공,Y,Y,정보미제공,정보미제공,정보미제공,정보미제공,정보미제공,정보미제공,정보미제공,정보미제공,Y,Y,Y,정보미제공,정보미제공,Y,Y,정보미제공,,,,,충청북도,충주시,
충청북도충주의료원,A2300004,Y,Y,Y,정보미제공,정보미제공,정보미제공,정보미제공,정보미제공,정보미제공,정보미제공,정보미제공,정보미제공,정보미제공,정보미제공,정보미제공,정보미제공,정보미제공,정보미제공,정보미제공,정보미제공,Y,정보미제공,Y,정보미제공,정보미제공,Y,Y,Y,만3세이하 진료안됨,,,,충청북도,충주시,
