severe_hospital_name,hpid,severe_myocardial_infarction_reperfusion_yn,severe_infant_intussusception_obstruction_yn,severe_adult_gi_emergency_endoscopy_yn,severe_infant_gi_emergency_endoscopy_yn,severe_adult_bronchial_emergency_endoscopy_yn,severe_infant_bronchial_emergency_endoscopy_yn,severe_low_birth_weight_infant_intensive_care_yn,severe_obstetric_delivery_yn,severe_obstetric_surgery_yn,severe_gynecologic_surgery_yn,severe_burn_specialized_treatment_yn,severe_cerebral_infarction_reperfusion_yn,severe_finger_toe_replantation_yn,severe_other_limb_replantation_yn,severe_emergency_dialysis_hd_yn,severe_emergency_dialysis_crrt_yn,severe_psychiatric_emergency_closed_ward_yn,severe_ophthalmic_emergency_surgery_yn,severe_adult_interventional_radiology_yn,severe_infant_interventional_radiology_yn,severe_er_gatekeeper_yn,severe_subarachnoid_hemorrhage_surgery_yn,severe_other_cerebral_hemorrhage_surgery_yn,severe_thoracic_aortic_emergency_yn,severe_abdominal_aortic_emergency_yn,severe_gallbladder_disease_yn,severe_biliary_tract_disease_yn,severe_nontraumatic_abdominal_emergency_surgery_yn,severe_infant_intussusception_obstruction_msg,severe_infant_gi_emergency_endoscopy_msg,severe_low_birth_weight_infant_msg,severe_infant_interventional_radiology_msg,query_sido,query_sigungu,severe_infant_bronchial_emergency_endoscopy_msg,severe_collected_at
의료법인강릉동인병원,A2200005,UNKNOWN,UNKNOWN,Y,UNKNOWN,UNKNOWN,UNKNOWN,UNKNOWN,UNKNOWN,UNKNOWN,UNKNOWN,UNKNOWN,UNKNOWN,UNKNOWN,UNKNOWN,UNKNOWN,UNKNOWN,UNKNOWN,UNKNOWN,UNKNOWN,UNKNOWN,Y,UNKNOWN,Y,UNKNOWN,UNKNOWN,UNKNOWN,UNKNOWN,UNKNOWN,,,,,강원특별자치도,강릉시,,2026-05-23 19:35:48
강원특별자치도강릉의료원,A2200011,UNKNOWN,UNKNOWN,UNKNOWN,UNKNOWN,UNKNOWN,UNKNOWN,UNKNOWN,UNKNOWN,UNKNOWN,UNKNOWN,UNKNOWN,UNKNOWN,UNKNOWN,UNKNOWN,UNKNOWN,UNKNOWN,UNKNOWN,UNKNOWN,UNKNOWN,UNKNOWN,Y,UNKNOWN,UNKNOWN,UNKNOWN,UNKNOWN,UNKNOWN,UNKNOWN,UNKNOWN,,,,,강원특별자치도,강릉시,,2026-05-23 19:35:48
강릉아산병원,A2200008,Y,UNKNOWN,Y,UNKNOWN,UNKNOWN,UNKNOWN,Y,UNKNOWN,UNKNOWN,UNKNOWN,UNKNOWN,Y,UNKNOWN,UNKNOWN,Y,Y,UNKNOWN,UNKNOWN,N,N,Y,Y,Y,UNKNOWN,UNKNOWN,Y,Y,Y,,,,,강원특별자치도,강릉시,,2026-05-23 19:35:48
의료법인동해동인병원,A2200003,UNKNOWN,UNKNOWN,UNKNOWN,UNKNOWN,UNKNOWN,UNKNOWN,UNKNOWN,UNKNOWN,UNKNOWN,UNKNOWN,UNKNOWN,UNKNOWN,UNKNOWN,UNKNOWN,UNKNOWN,UNKNOWN,UNKNOWN,UNKNOWN,UNKNOWN,UNKNOWN,Y,UNKNOWN,UNKNOWN,UNKNOWN,UNKNOWN,UNKNOWN,UNKNOWN,UNKNOWN,,,,,강원특별자치도,동해시,,2026-05-23 19:35:48
강원특별자치도삼척의료원,A2200007,UNKNOWN,UNKNOWN,UNKNOWN,UNKNOWN,UNKNOWN,UNKNOWN,UNKNOWN,Y,Y,Y,UNKNOWN,UNKNOWN,UNKNOWN,UNKNOWN,UNKNOWN,UNKNOWN,UNKNOWN,UNKNOWN,UNKNOWN,UNKNOWN,Y,UNKNOWN,UNKNOWN,UNKNOWN,UNKNOWN,Y,UNKNOWN,Y,,,,,강원특별자치도,삼척시,,2026-05-23 19:35:48
강원특별자치도속초의료원,A2200012,UNKNOWN,UNKNOWN,N,UNKNOWN,UNKNOWN,UNKNOWN,UNKNOWN,N,N,N,N,UNKNOWN,UNKNOWN,UNKNOWN,UNKNOWN,UNKNOWN,UNKNOWN,UNKNOWN,UNKNOWN,UNKNOWN,Y,UNKNOWN,N,UNKNOWN,UNKNOWN,N,UNKNOWN,N,,,,,강원특별자치도,속초시,,2026-05-23 19:35:48
의료법인온세움의료재단온재병원,A2200046,UNKNOWN,UNKNOWN,UNKNOWN,UNKNOWN,UNKNOWN,UNKNOWN,UNKNOWN,UNKNOWN,UNKNOWN,UNKNOWN,UNKNOWN,UNKNOWN,UNKNOWN,UNKNOWN,UNKNOWN,UNKNOWN,UNKNOWN,UNKNOWN,UNKNOWN,UNKNOWN,Y,UNKNOWN,UNKNOWN,UNKNOWN,UNKNOWN,UNKNOWN,UNKNOWN,UNKNOWN,,,,,강원특별자치도,속초시,,2026-05-23 19:35:48
의료법인성심의료재단양구성심병원,A2200037,UNKNOWN,UNKNOWN,UNKNOWN,UNKNOWN,UNKNOWN,UNKNOWN,UNKNOWN,UNKNOWN,UNKNOWN,UNKNOWN,UNKNOWN,UNKNOWN,UNKNOWN,UNKNOWN,UNKNOWN,UNKNOWN,UNKNOWN,UNKNOWN,UNKNOWN,UNKNOWN,Y,UNKNOWN,UNKNOWN,UNKNOWN,UNKNOWN,UNKNOWN,UNKNOWN,UNKNOWN,,,,,강원특별자치도,양구군,,2026-05-23 19:35:48
강원특별자치도영월의료원,A2200002,UNKNOWN,UNKNOWN,UNKNOWN,UNKNOWN,UNKNOWN,UNKNOWN,UNKNOWN,UNKNOWN,UNKNOWN,UNKNOWN,UNKNOWN,UNKNOWN,UNKNOWN,UNKNOWN,UNKNOWN,UNKNOWN,UNKNOWN,UNKNOWN,UNKNOWN,UNKNOWN,Y,UNKNOWN,UNKNOWN,UNKNOWN,UNKNOWN,UNKNOWN,UNKNOWN,UNKNOWN,,,,,강원특별자치도,영월군,,2026-05-23 19:35:48
강원특별자치도원주의료원,A2200015,UNKNOWN,UNKNOWN,UNKNOWN,UNKNOWN,UNKNOWN,UNKNOWN,UNKNOWN,UNKNOWN,UNKNOWN,UNKNOWN,UNKNOWN,UNKNOWN,UNKNOWN,UNKNOWN,UNKNOWN,UNKNOWN,UNKNOWN,UNKNOWN,UNKNOWN,UNKNOWN,Y,UNKNOWN,UNKNOWN,UNKNOWN,UNKNOWN,UNKNOWN,UNKNOWN,UNKNOWN,,,,,강원특별자치도,원주시,,2026-05-23 19:35:48
의료법인성지의료재단성지병원,A2200024,UNKNOWN,UNKNOWN,UNKNOWN,UNKNOWN,UNKNOWN,UNKNOWN,UNKNOWN,UNKNOWN,UNKNOWN,UNKNOWN,Y,UNKNOWN,UNKNOWN,UNKNOWN,UNKNOWN,UNKNOWN,UNKNOWN,UNKNOWN,UNKNOWN,UNKNOWN,Y,UNKNOWN,UNKNOWN,UNKNOWN,UNKNOWN,Y,UNKNOWN,Y,,,,,강원특별자치도,원주시,,2026-05-23 19:35:48
연세대학교원주세브란스기독병원,A2200001,Y,Y,Y,UNKNOWN,Y,Y,Y,Y,Y,Y,UNKNOWN,Y,UNKNOWN,UNKNOWN,Y,Y,Y,Y,Y,Y,Y,Y,Y,UNKNOWN,UNKNOWN,Y,Y,Y,,,,,강원특별자치도,원주시,,2026-05-23 19:35:48
근로복지공단정선병원,A2200048,UNKNOWN,UNKNOWN,UNKNOWN,UNKNOWN,UNKNOWN,UNKNOWN,UNKNOWN,UNKNOWN,UNKNOWN,UNKNOWN,UNKNOWN,UNKNOWN,UNKNOWN,UNKNOWN,UNKNOWN,UNKNOWN,UNKNOWN,UNKNOWN,UNKNOWN,UNKNOWN,Y,UNKNOWN,UNKNOWN,UNKNOWN,UNKNOWN,UNKNOWN,UNKNOWN,UNKNOWN,,,,,강원특별자치도,정선군,,2026-05-23 19:35:48
철원병원,A2201730,UNKNOWN,UNKNOWN,UNKNOWN,UNKNOWN,UNKNOWN,UNKNOWN,UNKNOWN,UNKNOWN,UNKNOWN,UNKNOWN,UNKNOWN,UNKNOWN,UNKNOWN,UNKNOWN,UNKNOWN,UNKNOWN,UNKNOWN,UNKNOWN,UNKNOWN,UNKNOWN,Y,UNKNOWN,UNKNOWN,UNKNOWN,UNKNOWN,UNKNOWN,UNKNOWN,UNKNOWN,,,,,강원특별자치도,철원군,,2026-05-23 19:35:48
강원대학교병원,A2200009,Y,UNKNOWN,Y,UNKNOWN,UNKNOWN,UNKNOWN,Y,Y,Y,Y,UNKNOWN,Y,UNKNOWN,UNKNOWN,Y,Y,Y,UNKNOWN,UNKNOWN,UNKNOWN,Y,Y,Y,UNKNOWN,UNKNOWN,Y,Y,Y,,,,,강원특별자치도,춘천시,,2026-05-23 19:35:48
한림대학교춘천성심병원,A2200013,Y,Y,Y,Y,Y,UNKNOWN,UNKNOWN,UNKNOWN,UNKNOWN,UNKNOWN,UNKNOWN,Y,UNKNOWN,UNKNOWN,Y,Y,UNKNOWN,Y,Y,UNKNOWN,Y,Y,Y,UNKNOWN,UNKNOWN,Y,Y,Y,,,,,강원특별자치도,춘천시,,2026-05-23 19:35:48
근로복지공단태백병원,A2200004,UNKNOWN,UNKNOWN,UNKNOWN,UNKNOWN,UNKNOWN,UNKNOWN,UNKNOWN,UNKNOWN,UNKNOWN,UNKNOWN,UNKNOWN,UNKNOWN,UNKNOWN,UNKNOWN,Y,UNKNOWN,UNKNOWN,UNKNOWN,UNKNOWN,UNKNOWN,Y,UNKNOWN,Y,UNKNOWN,UNKNOWN,UNKNOWN,UNKNOWN,UNKNOWN,,,,,강원특별자치도,태백시,,2026-05-23 19:35:48
평창군보건의료원,E2200026,UNKNOWN,UNKNOWN,UNKNOWN,UNKNOWN,UNKNOWN,UNKNOWN,UNKNOWN,UNKNOWN,UNKNOWN,UNKNOWN,UNKNOWN,UNKNOWN,UNKNOWN,UNKNOWN,UNKNOWN,UNKNOWN,UNKNOWN,UNKNOWN,UNKNOWN,UNKNOWN,Y,UNKNOWN,UNKNOWN,UNKNOWN,UNKNOWN,UNKNOWN,UNKNOWN,UNKNOWN,,,,,강원특별자치도,평창군,,2026-05-23 19:35:48
홍천아산병원,A2200014,UNKNOWN,UNKNOWN,UNKNOWN,UNKNOWN,UNKNOWN,UNKNOWN,UNKNOWN,UNKNOWN,UNKNOWN,UNKNOWN,UNKNOWN,UNKNOWN,UNKNOWN,UNKNOWN,Y,UNKNOWN,UNKNOWN,UNKNOWN,UNKNOWN,UNKNOWN,Y,UNKNOWN,UNKNOWN,UNKNOWN,UNKNOWN,UNKNOWN,UNKNOWN,UNKNOWN,,,,,강원특별자치도,홍천군,,2026-05-23 19:35:48
화천군보건의료원,E2200025,UNKNOWN,UNKNOWN,UNKNOWN,UNKNOWN,UNKNOWN,UNKNOWN,UNKNOWN,UNKNOWN,UNKNOWN,UNKNOWN,UNKNOWN,UNKNOWN,UNKNOWN,UNKNOWN,UNKNOWN,UNKNOWN,UNKNOWN,UNKNOWN,UNKNOWN,UNKNOWN,Y,UNKNOWN,UNKNOWN,UNKNOWN,UNKNOWN,UNKNOWN,UNKNOWN,UNKNOWN,,,,,강원특별자치도,화천군,,2026-05-23 19:35:48
횡성대성병원,A2200016,UNKNOWN,UNKNOWN,UNKNOWN,UNKNOWN,UNKNOWN,UNKNOWN,UNKNOWN,UNKNOWN,UNKNOWN,UNKNOWN,UNKNOWN,UNKNOWN,UNKNOWN,UNKNOWN,UNKNOWN,UNKNOWN,UNKNOWN,UNKNOWN,UNKNOWN,UNKNOWN,Y,UNKNOWN,UNKNOWN,UNKNOWN,UNKNOWN,UNKNOWN,UNKNOWN,UNKNOWN,,,,,강원특별자치도,횡성군,,2026-05-23 19:35:48
의료법인자인의료재단(더자인병원),A2100290,UNKNOWN,UNKNOWN,UNKNOWN,UNKNOWN,UNKNOWN,UNKNOWN,UNKNOWN,UNKNOWN,UNKNOWN,UNKNOWN,UNKNOWN,UNKNOWN,UNKNOWN,UNKNOWN,UNKNOWN,UNKNOWN,UNKNOWN,UNKNOWN,UNKNOWN,UNKNOWN,Y,UNKNOWN,UNKNOWN,UNKNOWN,UNKNOWN,UNKNOWN,UNKNOWN,UNKNOWN,,,,,경기도,고양시,,2026-05-23 19:35:48
의료법인명지의료재단명지병원,A2100042,Y,Y,Y,UNKNOWN,Y,UNKNOWN,UNKNOWN,UNKNOWN,UNKNOWN,UNKNOWN,UNKNOWN,Y,Y,Y,Y,Y,UNKNOWN,UNKNOWN,Y,Y,Y,Y,Y,Y,Y,Y,Y,Y,,,,,경기도,고양시,,2026-05-23 19:35:48
동국대학교일산불교병원,A2100047,Y,UNKNOWN,UNKNOWN,UNKNOWN,UNKNOWN,UNKNOWN,UNKNOWN,Y,Y,Y,UNKNOWN,Y,UNKNOWN,UNKNOWN,Y,Y,Y,UNKNOWN,Y,UNKNOWN,Y,Y,Y,Y,Y,Y,Y,UNKNOWN,,,,,경기도,고양시,,2026-05-23 19:35:48
국민건강보험공단일산병원,A2100033,Y,Y,Y,Y,Y,UNKNOWN,Y,Y,Y,Y,UNKNOWN,Y,UNKNOWN,UNKNOWN,Y,Y,Y,Y,Y,UNKNOWN,Y,Y,Y,Y,Y,Y,Y,Y,,,,,경기도,고양시,,2026-05-23 19:35:48
국립암센터,A2100049,UNKNOWN,UNKNOWN,UNKNOWN,UNKNOWN,UNKNOWN,UNKNOWN,UNKNOWN,UNKNOWN,UNKNOWN,UNKNOWN,UNKNOWN,UNKNOWN,UNKNOWN,UNKNOWN,UNKNOWN,UNKNOWN,UNKNOWN,UNKNOWN,UNKNOWN,UNKNOWN,Y,UNKNOWN,UNKNOWN,UNKNOWN,UNKNOWN,UNKNOWN,UNKNOWN,UNKNOWN,,,,,경기도,고양시,,2026-05-23 19:35:48
의료법인성광의료재단일산차병원,A2116972,UNKNOWN,UNKNOWN,UNKNOWN,UNKNOWN,UNKNOWN,UNKNOWN,Y,Y,Y,Y,UNKNOWN,UNKNOWN,UNKNOWN,UNKNOWN,UNKNOWN,UNKNOWN,UNKNOWN,UNKNOWN,UNKNOWN,UNKNOWN,Y,UNKNOWN,UNKNOWN,UNKNOWN,UNKNOWN,UNKNOWN,UNKNOWN,UNKNOWN,,,,,경기도,고양시,,2026-05-23 19:35:48
인제대학교일산백병원,A2100038,Y,UNKNOWN,Y,UNKNOWN,UNKNOWN,UNKNOWN,UNKNOWN,UNKNOWN,Y,Y,UNKNOWN,Y,UNKNOWN,UNKNOWN,Y,Y,Y,UNKNOWN,Y,UNKNOWN,Y,Y,Y,UNKNOWN,Y,Y,UNKNOWN,Y,,,,,경기도,고양시,,2026-05-23 19:35:48
중앙대학교광명병원,A2118788,Y,UNKNOWN,UNKNOWN,UNKNOWN,UNKNOWN,UNKNOWN,Y,Y,UNKNOWN,UNKNOWN,UNKNOWN,Y,UNKNOWN,UNKNOWN,UNKNOWN,Y,UNKNOWN,UNKNOWN,Y,UNKNOWN,Y,Y,Y,Y,Y,Y,Y,Y,,,,,경기도,광명시,,2026-05-23 19:35:48
광명성애병원,A2100007,UNKNOWN,UNKNOWN,UNKNOWN,UNKNOWN,UNKNOWN,UNKNOWN,UNKNOWN,UNKNOWN,UNKNOWN,UNKNOWN,UNKNOWN,UNKNOWN,Y,UNKNOWN,Y,UNKNOWN,UNKNOWN,UNKNOWN,UNKNOWN,UNKNOWN,Y,UNKNOWN,UNKNOWN,UNKNOWN,UNKNOWN,UNKNOWN,UNKNOWN,UNKNOWN,,,,,경기도,광명시,,2026-05-23 19:35:48
참조은병원,A2100155,Y,UNKNOWN,UNKNOWN,UNKNOWN,UNKNOWN,UNKNOWN,UNKNOWN,UNKNOWN,UNKNOWN,UNKNOWN,UNKNOWN,Y,UNKNOWN,UNKNOWN,Y,Y,UNKNOWN,UNKNOWN,UNKNOWN,UNKNOWN,Y,Y,Y,UNKNOWN,UNKNOWN,UNKNOWN,UNKNOWN,Y,,,,,경기도,광주시,,2026-05-23 19:35:48
한양대학교구리병원,A2100039,Y,UNKNOWN,UNKNOWN,UNKNOWN,UNKNOWN,UNKNOWN,UNKNOWN,UNKNOWN,UNKNOWN,UNKNOWN,Y,Y,Y,Y,Y,Y,UNKNOWN,UNKNOWN,UNKNOWN,UNKNOWN,Y,Y,Y,UNKNOWN,Y,Y,Y,Y,,,,,경기도,구리시,,2026-05-23 19:35:48
효산의료재단지샘병원,A2100054,Y,UNKNOWN,Y,UNKNOWN,UNKNOWN,UNKNOWN,UNKNOWN,UNKNOWN,UNKNOWN,Y,Y,UNKNOWN,UNKNOWN,UNKNOWN,Y,Y,UNKNOWN,UNKNOWN,Y,UNKNOWN,Y,Y,Y,UNKNOWN,UNKNOWN,Y,UNKNOWN,Y,,,,,경기도,군포시,,2026-05-23 19:35:48
원광대학교산본병원,A2100048,N,UNKNOWN,UNKNOWN,UNKNOWN,UNKNOWN,UNKNOWN,UNKNOWN,UNKNOWN,UNKNOWN,Y,UNKNOWN,UNKNOWN,UNKNOWN,UNKNOWN,UNKNOWN,Y,UNKNOWN,UNKNOWN,UNKNOWN,UNKNOWN,Y,Y,Y,UNKNOWN,UNKNOWN,N,Y,Y,,,,,경기도,군포시,,2026-05-23 19:35:48
의료법인우리의료재단김포우리병원,A2100053,Y,Y,Y,UNKNOWN,Y,UNKNOWN,UNKNOWN,UNKNOWN,UNKNOWN,Y,UNKNOWN,Y,Y,Y,Y,Y,UNKNOWN,Y,Y,UNKNOWN,Y,Y,Y,UNKNOWN,UNKNOWN,Y,Y,Y,,,,,경기도,김포시,,2026-05-23 19:35:48
의료법인인봉의료재단뉴고려병원,A2100006,Y,UNKNOWN,UNKNOWN,UNKNOWN,UNKNOWN,UNKNOWN,UNKNOWN,UNKNOWN,UNKNOWN,UNKNOWN,UNKNOWN,Y,Y,UNKNOWN,UNKNOWN,UNKNOWN,UNKNOWN,UNKNOWN,Y,UNKNOWN,Y,Y,Y,UNKNOWN,UNKNOWN,Y,UNKNOWN,Y,,,,,경기도,김포시,,2026-05-23 19:35:48
부천세종병원,A2100055,Y,UNKNOWN,Y,UNKNOWN,UNKNOWN,UNKNOWN,UNKNOWN,UNKNOWN,Y,Y,UNKNOWN,Y,UNKNOWN,UNKNOWN,UNKNOWN,Y,UNKNOWN,UNKNOWN,N,UNKNOWN,Y,Y,Y,Y,Y,Y,Y,Y,,,,,경기도,부천시,,2026-05-23 19:35:48
가톨릭대학교부천성모병원,A2100052,Y,UNKNOWN,Y,N,UNKNOWN,UNKNOWN,UNKNOWN,Y,Y,Y,UNKNOWN,Y,UNKNOWN,UNKNOWN,Y,Y,UNKNOWN,N,Y,N,Y,Y,Y,UNKNOWN,UNKNOWN,Y,Y,Y,,,,,경기도,부천시,,2026-05-23 19:35:48
순천향대학교부속부천병원,A2100005,Y,Y,Y,N,Y,UNKNOWN,Y,Y,Y,Y,Y,N,Y,Y,Y,Y,UNKNOWN,UNKNOWN,Y,UNKNOWN,Y,N,N,Y,Y,Y,Y,Y,,,,,경기도,부천시,,2026-05-23 19:35:48
의료법인대인의료재단 다니엘종합병원,A2100050,UNKNOWN,UNKNOWN,UNKNOWN,UNKNOWN,UNKNOWN,UNKNOWN,UNKNOWN,UNKNOWN,UNKNOWN,UNKNOWN,UNKNOWN,UNKNOWN,UNKNOWN,UNKNOWN,UNKNOWN,UNKNOWN,UNKNOWN,UNKNOWN,UNKNOWN,UNKNOWN,Y,UNKNOWN,UNKNOWN,UNKNOWN,UNKNOWN,UNKNOWN,UNKNOWN,UNKNOWN,,,,,경기도,부천시,,2026-05-23 19:35:48
분당서울대학교병원,A2100001,Y,Y,Y,UNKNOWN,Y,Y,Y,Y,Y,Y,UNKNOWN,Y,UNKNOWN,UNKNOWN,Y,Y,UNKNOWN,Y,Y,Y,Y,Y,Y,Y,Y,Y,Y,Y,,,,,경기도,성남시,,2026-05-23 19:35:48
국군수도병원,A2100258,UNKNOWN,UNKNOWN,UNKNOWN,UNKNOWN,UNKNOWN,UNKNOWN,UNKNOWN,UNKNOWN,UNKNOWN,UNKNOWN,UNKNOWN,UNKNOWN,UNKNOWN,UNKNOWN,UNKNOWN,UNKNOWN,UNKNOWN,UNKNOWN,UNKNOWN,UNKNOWN,Y,UNKNOWN,UNKNOWN,UNKNOWN,UNKNOWN,UNKNOWN,UNKNOWN,UNKNOWN,,,,,경기도,성남시,,2026-05-23 19:35:48
대진의료재단분당제생병원,A2100025,Y,UNKNOWN,Y,UNKNOWN,UNKNOWN,UNKNOWN,UNKNOWN,UNKNOWN,UNKNOWN,Y,UNKNOWN,Y,UNKNOWN,UNKNOWN,UNKNOWN,Y,UNKNOWN,UNKNOWN,Y,UNKNOWN,Y,Y,Y,UNKNOWN,UNKNOWN,Y,Y,Y,,,,,경기도,성남시,,2026-05-23 19:35:48
차의과학대학교분당차병원,A2100030,Y,Y,Y,UNKNOWN,Y,UNKNOWN,Y,Y,Y,Y,UNKNOWN,Y,UNKNOWN,UNKNOWN,Y,Y,Y,UNKNOWN,Y,Y,Y,Y,Y,Y,Y,Y,Y,Y,,,,,경기도,성남시,,2026-05-23 19:35:48
순천의료재단성남정병원,A2100016,UNKNOWN,UNKNOWN,Y,UNKNOWN,UNKNOWN,UNKNOWN,UNKNOWN,UNKNOWN,UNKNOWN,UNKNOWN,Y,UNKNOWN,Y,Y,Y,UNKNOWN,UNKNOWN,UNKNOWN,UNKNOWN,UNKNOWN,Y,UNKNOWN,Y,UNKNOWN,UNKNOWN,Y,UNKNOWN,Y,,,,,경기도,성남시,,2026-05-23 19:35:48
성남시의료원,A2116806,N,UNKNOWN,Y,UNKNOWN,UNKNOWN,UNKNOWN,UNKNOWN,UNKNOWN,UNKNOWN,Y,UNKNOWN,UNKNOWN,UNKNOWN,UNKNOWN,UNKNOWN,UNKNOWN,UNKNOWN,UNKNOWN,Y,UNKNOWN,Y,Y,Y,UNKNOWN,UNKNOWN,Y,UNKNOWN,Y,,,,,경기도,성남시,,2026-05-23 19:35:48
성남중앙병원,A2100011,UNKNOWN,UNKNOWN,Y,UNKNOWN,UNKNOWN,UNKNOWN,UNKNOWN,UNKNOWN,UNKNOWN,UNKNOWN,UNKNOWN,UNKNOWN,UNKNOWN,UNKNOWN,UNKNOWN,UNKNOWN,UNKNOWN,UNKNOWN,UNKNOWN,UNKNOWN,Y,UNKNOWN,UNKNOWN,UNKNOWN,UNKNOWN,Y,Y,Y,,,,,경기도,성남시,,2026-05-23 19:35:48
의료법인덕산의료재단수원덕산병원,A2121061,Y,UNKNOWN,Y,UNKNOWN,UNKNOWN,UNKNOWN,UNKNOWN,Y,Y,Y,UNKNOWN,Y,Y,Y,UNKNOWN,Y,UNKNOWN,UNKNOWN,Y,UNKNOWN,Y,Y,Y,Y,Y,Y,Y,Y,,,,,경기도,수원시,,2026-05-23 19:35:48
의료법인명인의료재단화홍병원,A2117135,Y,UNKNOWN,Y,UNKNOWN,Y,UNKNOWN,UNKNOWN,UNKNOWN,UNKNOWN,Y,Y,Y,Y,Y,Y,Y,UNKNOWN,UNKNOWN,Y,UNKNOWN,Y,Y,Y,Y,Y,Y,Y,Y,,,,,경기도,수원시,,2026-05-23 19:35:48
아주대학교병원,A2100002,Y,Y,Y,UNKNOWN,Y,UNKNOWN,Y,Y,Y,Y,UNKNOWN,Y,Y,Y,Y,Y,Y,UNKNOWN,Y,Y,Y,Y,Y,Y,Y,Y,Y,Y,,,,,경기도,수원시,,2026-05-23 19:35:48
경기도의료원수원병원,A2100032,UNKNOWN,UNKNOWN,UNKNOWN,UNKNOWN,UNKNOWN,UNKNOWN,UNKNOWN,UNKNOWN,UNKNOWN,UNKNOWN,UNKNOWN,UNKNOWN,UNKNOWN,UNKNOWN,UNKNOWN,UNKNOWN,UNKNOWN,UNKNOWN,UNKNOWN,UNKNOWN,Y,UNKNOWN,UNKNOWN,UNKNOWN,UNKNOWN,UNKNOWN,UNKNOWN,UNKNOWN,,,,,경기도,수원시,,2026-05-23 19:35:48
의료법인토마스의료재단윌스기념병원,A2100175,Y,UNKNOWN,Y,UNKNOWN,UNKNOWN,UNKNOWN,UNKNOWN,UNKNOWN,UNKNOWN,UNKNOWN,UNKNOWN,Y,UNKNOWN,UNKNOWN,Y,Y,UNKNOWN,UNKNOWN,Y,UNKNOWN,Y,Y,Y,UNKNOWN,UNKNOWN,Y,Y,Y,,,,,경기도,수원시,,2026-05-23 19:35:48
의료법인녹산의료재단동수원병원,A2100009,Y,UNKNOWN,Y,UNKNOWN,UNKNOWN,UNKNOWN,UNKNOWN,UNKNOWN,Y,Y,UNKNOWN,UNKNOWN,UNKNOWN,UNKNOWN,Y,Y,UNKNOWN,UNKNOWN,UNKNOWN,UNKNOWN,Y,Y,Y,UNKNOWN,UNKNOWN,Y,UNKNOWN,Y,,,,,경기도,수원시,,2026-05-23 19:35:48
가톨릭대학교성빈센트병원,A2100012,Y,UNKNOWN,Y,Y,Y,UNKNOWN,Y,Y,Y,Y,UNKNOWN,Y,Y,Y,Y,Y,UNKNOWN,UNKNOWN,Y,UNKNOWN,Y,Y,Y,Y,Y,Y,Y,Y,,,,,경기도,수원시,,2026-05-23 19:35:48
의료법인석경의료재단센트럴병원,A2100027,UNKNOWN,UNKNOWN,UNKNOWN,UNKNOWN,UNKNOWN,UNKNOWN,UNKNOWN,UNKNOWN,UNKNOWN,UNKNOWN,Y,UNKNOWN,Y,Y,Y,Y,UNKNOWN,UNKNOWN,UNKNOWN,UNKNOWN,Y,UNKNOWN,Y,UNKNOWN,UNKNOWN,Y,UNKNOWN,Y,,,,,경기도,시흥시,,2026-05-23 19:35:48
의료법인남촌의료재단시화병원,A2100008,Y,Y,Y,UNKNOWN,Y,UNKNOWN,UNKNOWN,UNKNOWN,UNKNOWN,Y,Y,Y,Y,Y,Y,Y,UNKNOWN,UNKNOWN,Y,Y,Y,Y,Y,Y,Y,Y,Y,Y,,,,,경기도,시흥시,,2026-05-23 19:35:48
의료법인록향의료재단신천연합병원,A2100013,UNKNOWN,UNKNOWN,Y,UNKNOWN,UNKNOWN,UNKNOWN,UNKNOWN,UNKNOWN,UNKNOWN,UNKNOWN,UNKNOWN,UNKNOWN,UNKNOWN,UNKNOWN,UNKNOWN,UNKNOWN,UNKNOWN,UNKNOWN,UNKNOWN,UNKNOWN,Y,UNKNOWN,UNKNOWN,UNKNOWN,UNKNOWN,UNKNOWN,UNKNOWN,Y,,,,,경기도,시흥시,,2026-05-23 19:35:48
대아의료재단한도병원,A2100017,Y,UNKNOWN,Y,Y,Y,UNKNOWN,UNKNOWN,UNKNOWN,UNKNOWN,Y,Y,Y,Y,Y,Y,Y,UNKNOWN,UNKNOWN,Y,UNKNOWN,Y,Y,Y,UNKNOWN,UNKNOWN,Y,Y,Y,,,,,경기도,안산시,,2026-05-23 19:35:48
의료법인플러스의료재단단원병원,A2100021,Y,UNKNOWN,Y,Y,UNKNOWN,UNKNOWN,UNKNOWN,UNKNOWN,UNKNOWN,UNKNOWN,UNKNOWN,Y,UNKNOWN,UNKNOWN,UNKNOWN,Y,UNKNOWN,UNKNOWN,UNKNOWN,UNKNOWN,Y,Y,Y,UNKNOWN,UNKNOWN,Y,Y,Y,,,,,경기도,안산시,,2026-05-23 19:35:48
고려대학교의과대학부속안산병원,A2100003,Y,Y,Y,Y,UNKNOWN,UNKNOWN,Y,Y,Y,Y,Y,Y,Y,Y,Y,Y,Y,Y,Y,Y,Y,Y,Y,Y,Y,Y,Y,Y,,,,,경기도,안산시,,2026-05-23 19:35:48
근로복지공단안산병원,A2100014,UNKNOWN,UNKNOWN,UNKNOWN,UNKNOWN,UNKNOWN,UNKNOWN,UNKNOWN,UNKNOWN,UNKNOWN,UNKNOWN,UNKNOWN,UNKNOWN,UNKNOWN,UNKNOWN,UNKNOWN,UNKNOWN,UNKNOWN,UNKNOWN,UNKNOWN,UNKNOWN,Y,UNKNOWN,Y,UNKNOWN,UNKNOWN,Y,Y,Y,,,,,경기도,안산시,,2026-05-23 19:35:48
의료법인칠석의료재단사랑의병원,A2100124,UNKNOWN,UNKNOWN,UNKNOWN,UNKNOWN,UNKNOWN,UNKNOWN,UNKNOWN,UNKNOWN,UNKNOWN,UNKNOWN,UNKNOWN,UNKNOWN,UNKNOWN,UNKNOWN,UNKNOWN,UNKNOWN,UNKNOWN,UNKNOWN,UNKNOWN,UNKNOWN,Y,Y,Y,UNKNOWN,UNKNOWN,Y,UNKNOWN,Y,,,,,경기도,안산시,,2026-05-23 19:35:48
경기도의료원안성병원,A2100045,UNKNOWN,UNKNOWN,UNKNOWN,UNKNOWN,UNKNOWN,UNKNOWN,UNKNOWN,UNKNOWN,UNKNOWN,UNKNOWN,UNKNOWN,UNKNOWN,UNKNOWN,UNKNOWN,UNKNOWN,UNKNOWN,UNKNOWN,UNKNOWN,UNKNOWN,UNKNOWN,Y,UNKNOWN,UNKNOWN,UNKNOWN,UNKNOWN,UNKNOWN,UNKNOWN,UNKNOWN,,,,,경기도,안성시,,2026-05-23 19:35:48
안성성모병원,A2100305,UNKNOWN,UNKNOWN,UNKNOWN,UNKNOWN,UNKNOWN,UNKNOWN,UNKNOWN,UNKNOWN,UNKNOWN,UNKNOWN,UNKNOWN,UNKNOWN,UNKNOWN,UNKNOWN,UNKNOWN,UNKNOWN,UNKNOWN,UNKNOWN,UNKNOWN,UNKNOWN,Y,UNKNOWN,UNKNOWN,UNKNOWN,UNKNOWN,UNKNOWN,UNKNOWN,UNKNOWN,,,,,경기도,안성시,,2026-05-23 19:35:48
한림대학교성심병원,A2100004,Y,Y,Y,Y,Y,UNKNOWN,Y,Y,Y,Y,UNKNOWN,Y,Y,Y,Y,Y,Y,Y,Y,Y,Y,Y,Y,Y,Y,Y,Y,Y,,,,,경기도,안양시,,2026-05-23 19:35:48
효산의료재단안양샘병원,A2100015,Y,UNKNOWN,Y,UNKNOWN,UNKNOWN,UNKNOWN,UNKNOWN,UNKNOWN,UNKNOWN,Y,UNKNOWN,Y,UNKNOWN,UNKNOWN,Y,Y,UNKNOWN,UNKNOWN,Y,UNKNOWN,Y,Y,Y,UNKNOWN,UNKNOWN,Y,Y,Y,,,,,경기도,안양시,,2026-05-23 19:35:48
남양주한양병원,A2100041,Y,UNKNOWN,UNKNOWN,UNKNOWN,UNKNOWN,UNKNOWN,UNKNOWN,UNKNOWN,UNKNOWN,UNKNOWN,UNKNOWN,Y,UNKNOWN,UNKNOWN,UNKNOWN,Y,UNKNOWN,UNKNOWN,UNKNOWN,UNKNOWN,Y,N,N,UNKNOWN,UNKNOWN,Y,Y,Y,,,,,경기도,양주시,,2026-05-23 19:35:48
현대병원,A2100037,Y,UNKNOWN,Y,UNKNOWN,UNKNOWN,UNKNOWN,UNKNOWN,UNKNOWN,UNKNOWN,Y,UNKNOWN,Y,Y,Y,UNKNOWN,Y,UNKNOWN,UNKNOWN,Y,UNKNOWN,Y,Y,Y,UNKNOWN,UNKNOWN,Y,Y,Y,,,,,경기도,양주시,,2026-05-23 19:35:48
엘병원,A2118188,UNKNOWN,UNKNOWN,UNKNOWN,UNKNOWN,UNKNOWN,UNKNOWN,UNKNOWN,UNKNOWN,UNKNOWN,UNKNOWN,UNKNOWN,UNKNOWN,UNKNOWN,UNKNOWN,UNKNOWN,UNKNOWN,UNKNOWN,UNKNOWN,UNKNOWN,UNKNOWN,Y,UNKNOWN,UNKNOWN,UNKNOWN,UNKNOWN,UNKNOWN,UNKNOWN,UNKNOWN,,,,,경기도,양주시,,2026-05-23 19:35:48
양평병원,A2100089,UNKNOWN,UNKNOWN,UNKNOWN,UNKNOWN,UNKNOWN,UNKNOWN,UNKNOWN,UNKNOWN,UNKNOWN,UNKNOWN,UNKNOWN,UNKNOWN,UNKNOWN,UNKNOWN,UNKNOWN,UNKNOWN,UNKNOWN,UNKNOWN,UNKNOWN,UNKNOWN,Y,UNKNOWN,UNKNOWN,UNKNOWN,UNKNOWN,UNKNOWN,UNKNOWN,UNKNOWN,,,,,경기도,양평군,,2026-05-23 19:35:48
세종여주병원,A2100194,UNKNOWN,UNKNOWN,UNKNOWN,UNKNOWN,UNKNOWN,UNKNOWN,UNKNOWN,UNKNOWN,UNKNOWN,UNKNOWN,UNKNOWN,UNKNOWN,UNKNOWN,UNKNOWN,UNKNOWN,UNKNOWN,UNKNOWN,UNKNOWN,UNKNOWN,UNKNOWN,Y,UNKNOWN,UNKNOWN,UNKNOWN,UNKNOWN,UNKNOWN,UNKNOWN,UNKNOWN,,,,,경기도,여주시,,2026-05-23 19:35:48
연천군보건의료원,E2100187,UNKNOWN,UNKNOWN,UNKNOWN,UNKNOWN,UNKNOWN,UNKNOWN,UNKNOWN,UNKNOWN,UNKNOWN,UNKNOWN,UNKNOWN,UNKNOWN,UNKNOWN,UNKNOWN,UNKNOWN,UNKNOWN,UNKNOWN,UNKNOWN,UNKNOWN,UNKNOWN,Y,UNKNOWN,UNKNOWN,UNKNOWN,UNKNOWN,UNKNOWN,UNKNOWN,UNKNOWN,,,,,경기도,연천군,,2026-05-23 19:35:48
오산한국병원,A2100024,Y,Y,Y,UNKNOWN,Y,UNKNOWN,UNKNOWN,UNKNOWN,UNKNOWN,Y,Y,Y,Y,Y,Y,Y,UNKNOWN,UNKNOWN,Y,UNKNOWN,Y,Y,Y,UNKNOWN,UNKNOWN,Y,Y,Y,,,,,경기도,오산시,,2026-05-23 19:35:48
연세대학교의과대학용인세브란스병원,A2100020,Y,UNKNOWN,Y,UNKNOWN,UNKNOWN,UNKNOWN,Y,Y,Y,Y,UNKNOWN,Y,UNKNOWN,UNKNOWN,Y,Y,UNKNOWN,UNKNOWN,Y,UNKNOWN,Y,Y,Y,N,N,Y,Y,Y,,,,,경기도,용인시,,2026-05-23 19:35:48
강남병원,A2100029,UNKNOWN,Y,Y,UNKNOWN,UNKNOWN,UNKNOWN,UNKNOWN,UNKNOWN,UNKNOWN,Y,UNKNOWN,UNKNOWN,UNKNOWN,Y,Y,Y,UNKNOWN,UNKNOWN,UNKNOWN,UNKNOWN,Y,UNKNOWN,Y,UNKNOWN,UNKNOWN,Y,UNKNOWN,Y,,,,,경기도,용인시,,2026-05-23 19:35:48
(의)효심의료재단용인서울병원,A2100122,UNKNOWN,UNKNOWN,UNKNOWN,UNKNOWN,UNKNOWN,UNKNOWN,UNKNOWN,UNKNOWN,UNKNOWN,UNKNOWN,UNKNOWN,UNKNOWN,UNKNOWN,UNKNOWN,UNKNOWN,UNKNOWN,UNKNOWN,UNKNOWN,UNKNOWN,UNKNOWN,Y,UNKNOWN,UNKNOWN,UNKNOWN,UNKNOWN,UNKNOWN,UNKNOWN,UNKNOWN,,,,,경기도,용인시,,2026-05-23 19:35:48
메디필드한강병원,A2121142,Y,UNKNOWN,Y,UNKNOWN,UNKNOWN,UNKNOWN,UNKNOWN,UNKNOWN,UNKNOWN,Y,UNKNOWN,Y,UNKNOWN,UNKNOWN,Y,Y,UNKNOWN,UNKNOWN,Y,UNKNOWN,Y,UNKNOWN,UNKNOWN,UNKNOWN,UNKNOWN,Y,Y,Y,,,,,경기도,용인시,,2026-05-23 19:35:48
(의)영문의료재단 다보스병원,A2100019,UNKNOWN,Y,Y,UNKNOWN,UNKNOWN,UNKNOWN,UNKNOWN,UNKNOWN,UNKNOWN,Y,UNKNOWN,UNKNOWN,Y,Y,Y,Y,UNKNOWN,UNKNOWN,UNKNOWN,UNKNOWN,Y,UNKNOWN,Y,UNKNOWN,UNKNOWN,Y,Y,Y,,,,,경기도,용인시,,2026-05-23 19:35:48
의료법인영동의료재단의정부백병원,A2100034,UNKNOWN,UNKNOWN,UNKNOWN,UNKNOWN,UNKNOWN,UNKNOWN,UNKNOWN,UNKNOWN,UNKNOWN,UNKNOWN,UNKNOWN,UNKNOWN,UNKNOWN,UNKNOWN,UNKNOWN,UNKNOWN,UNKNOWN,UNKNOWN,UNKNOWN,UNKNOWN,Y,UNKNOWN,UNKNOWN,UNKNOWN,UNKNOWN,UNKNOWN,UNKNOWN,UNKNOWN,,,,,경기도,의정부시,,2026-05-23 19:35:48
학교법인을지학원의정부을지대학교병원,A2117994,Y,UNKNOWN,UNKNOWN,UNKNOWN,UNKNOWN,UNKNOWN,UNKNOWN,UNKNOWN,UNKNOWN,Y,UNKNOWN,Y,UNKNOWN,UNKNOWN,UNKNOWN,Y,UNKNOWN,UNKNOWN,UNKNOWN,UNKNOWN,Y,Y,Y,Y,Y,Y,Y,Y,,,,,경기도,의정부시,,2026-05-23 19:35:48
가톨릭대학교의정부성모병원,A2100040,Y,UNKNOWN,Y,Y,N,UNKNOWN,N,Y,Y,Y,Y,Y,Y,Y,Y,Y,UNKNOWN,Y,Y,Y,Y,Y,Y,Y,Y,Y,Y,Y,,,,,경기도,의정부시,,2026-05-23 19:35:48
추병원,A2100150,Y,UNKNOWN,Y,UNKNOWN,UNKNOWN,UNKNOWN,UNKNOWN,UNKNOWN,UNKNOWN,UNKNOWN,UNKNOWN,Y,UNKNOWN,UNKNOWN,Y,UNKNOWN,UNKNOWN,UNKNOWN,UNKNOWN,UNKNOWN,Y,Y,Y,UNKNOWN,UNKNOWN,Y,UNKNOWN,Y,,,,,경기도,의정부시,,2026-05-23 19:35:48
경기도의료원의정부병원,A2100043,UNKNOWN,UNKNOWN,UNKNOWN,UNKNOWN,UNKNOWN,UNKNOWN,UNKNOWN,UNKNOWN,UNKNOWN,UNKNOWN,UNKNOWN,UNKNOWN,UNKNOWN,UNKNOWN,UNKNOWN,UNKNOWN,UNKNOWN,UNKNOWN,UNKNOWN,UNKNOWN,Y,UNKNOWN,UNKNOWN,UNKNOWN,UNKNOWN,UNKNOWN,UNKNOWN,UNKNOWN,,,,,경기도,의정부시,,2026-05-23 19:35:48
경기도의료원이천병원,A2100193,UNKNOWN,UNKNOWN,UNKNOWN,UNKNOWN,UNKNOWN,UNKNOWN,UNKNOWN,UNKNOWN,UNKNOWN,UNKNOWN,UNKNOWN,UNKNOWN,UNKNOWN,UNKNOWN,UNKNOWN,UNKNOWN,UNKNOWN,UNKNOWN,UNKNOWN,UNKNOWN,Y,UNKNOWN,UNKNOWN,UNKNOWN,UNKNOWN,UNKNOWN,UNKNOWN,UNKNOWN,,,,,경기도,이천시,,2026-05-23 19:35:48
메디인병원,A2100131,UNKNOWN,UNKNOWN,UNKNOWN,UNKNOWN,UNKNOWN,UNKNOWN,UNKNOWN,UNKNOWN,UNKNOWN,UNKNOWN,UNKNOWN,UNKNOWN,UNKNOWN,UNKNOWN,UNKNOWN,UNKNOWN,UNKNOWN,UNKNOWN,UNKNOWN,UNKNOWN,Y,UNKNOWN,UNKNOWN,UNKNOWN,UNKNOWN,UNKNOWN,UNKNOWN,UNKNOWN,,,,,경기도,파주시,,2026-05-23 19:35:48
경기도의료원파주병원,A2100035,UNKNOWN,UNKNOWN,UNKNOWN,UNKNOWN,UNKNOWN,UNKNOWN,UNKNOWN,UNKNOWN,UNKNOWN,UNKNOWN,UNKNOWN,UNKNOWN,UNKNOWN,UNKNOWN,UNKNOWN,UNKNOWN,UNKNOWN,UNKNOWN,UNKNOWN,UNKNOWN,Y,UNKNOWN,UNKNOWN,UNKNOWN,UNKNOWN,UNKNOWN,UNKNOWN,UNKNOWN,,,,,경기도,파주시,,2026-05-23 19:35:48
의료법인갈렌의료재단박병원,A2100309,UNKNOWN,UNKNOWN,UNKNOWN,UNKNOWN,UNKNOWN,UNKNOWN,UNKNOWN,UNKNOWN,UNKNOWN,UNKNOWN,UNKNOWN,Y,UNKNOWN,UNKNOWN,UNKNOWN,UNKNOWN,UNKNOWN,UNKNOWN,UNKNOWN,UNKNOWN,Y,Y,Y,UNKNOWN,UNKNOWN,Y,Y,Y,,,,,경기도,평택시,,2026-05-23 19:35:48
의료법인백송의료재단굿모닝병원,A2100028,Y,UNKNOWN,Y,UNKNOWN,UNKNOWN,UNKNOWN,UNKNOWN,UNKNOWN,UNKNOWN,Y,UNKNOWN,Y,UNKNOWN,UNKNOWN,Y,Y,UNKNOWN,UNKNOWN,UNKNOWN,UNKNOWN,Y,Y,Y,UNKNOWN,UNKNOWN,Y,Y,Y,,,,,경기도,평택시,,2026-05-23 19:35:48
의료법인박애의료재단박애병원,A2100022,UNKNOWN,UNKNOWN,UNKNOWN,UNKNOWN,N,UNKNOWN,UNKNOWN,UNKNOWN,UNKNOWN,N,N,Y,Y,Y,Y,UNKNOWN,UNKNOWN,UNKNOWN,UNKNOWN,UNKNOWN,Y,UNKNOWN,N,UNKNOWN,UNKNOWN,Y,UNKNOWN,Y,,,,,경기도,평택시,,2026-05-23 19:35:48
의료법인양진의료재단평택성모병원,A2113246,Y,UNKNOWN,Y,UNKNOWN,UNKNOWN,UNKNOWN,UNKNOWN,UNKNOWN,UNKNOWN,Y,UNKNOWN,Y,UNKNOWN,UNKNOWN,Y,Y,UNKNOWN,UNKNOWN,UNKNOWN,UNKNOWN,Y,Y,Y,UNKNOWN,UNKNOWN,Y,UNKNOWN,Y,,,,,경기도,평택시,,2026-05-23 19:35:48
의료법인 일심의료재단 포천우리병원,A2100036,UNKNOWN,UNKNOWN,UNKNOWN,UNKNOWN,UNKNOWN,UNKNOWN,UNKNOWN,UNKNOWN,UNKNOWN,UNKNOWN,UNKNOWN,UNKNOWN,UNKNOWN,UNKNOWN,UNKNOWN,UNKNOWN,UNKNOWN,UNKNOWN,UNKNOWN,UNKNOWN,Y,UNKNOWN,UNKNOWN,UNKNOWN,UNKNOWN,UNKNOWN,UNKNOWN,UNKNOWN,,,,,경기도,포천시,,2026-05-23 19:35:48
경기도의료원포천병원,A2100031,UNKNOWN,UNKNOWN,N,UNKNOWN,UNKNOWN,UNKNOWN,UNKNOWN,Y,Y,N,UNKNOWN,UNKNOWN,UNKNOWN,UNKNOWN,UNKNOWN,UNKNOWN,UNKNOWN,UNKNOWN,UNKNOWN,UNKNOWN,Y,UNKNOWN,UNKNOWN,UNKNOWN,UNKNOWN,N,UNKNOWN,N,,,,,경기도,포천시,,2026-05-23 19:35:48
한림대학교동탄성심병원,A2100046,Y,UNKNOWN,Y,UNKNOWN,UNKNOWN,UNKNOWN,UNKNOWN,Y,Y,Y,UNKNOWN,Y,UNKNOWN,Y,Y,Y,UNKNOWN,Y,Y,UNKNOWN,Y,Y,Y,UNKNOWN,Y,Y,Y,Y,,,,,경기도,화성시,,2026-05-23 19:35:48
의료법인은혜와감사의료재단화성중앙종합병원,A2100018,N,N,N,N,N,N,N,N,N,N,N,N,N,N,N,N,N,N,N,N,Y,N,N,N,N,N,N,N,,,,,경기도,화성시,,2026-05-23 19:35:48
의료법인원광의료재단원광종합병원,A2115699,UNKNOWN,UNKNOWN,UNKNOWN,UNKNOWN,UNKNOWN,UNKNOWN,UNKNOWN,UNKNOWN,UNKNOWN,UNKNOWN,UNKNOWN,UNKNOWN,UNKNOWN,UNKNOWN,UNKNOWN,UNKNOWN,UNKNOWN,UNKNOWN,UNKNOWN,UNKNOWN,Y,UNKNOWN,UNKNOWN,UNKNOWN,UNKNOWN,UNKNOWN,UNKNOWN,UNKNOWN,,,,,경기도,화성시,,2026-05-23 19:35:48
의료법인 거붕 백병원,A2800008,UNKNOWN,UNKNOWN,Y,UNKNOWN,UNKNOWN,UNKNOWN,UNKNOWN,UNKNOWN,UNKNOWN,Y,UNKNOWN,UNKNOWN,UNKNOWN,UNKNOWN,UNKNOWN,UNKNOWN,UNKNOWN,UNKNOWN,UNKNOWN,UNKNOWN,Y,UNKNOWN,Y,UNKNOWN,UNKNOWN,Y,UNKNOWN,Y,,,,,경상남도,거제시,,2026-05-23 19:35:48
의료법인 대우의료재단대우병원,A2800005,UNKNOWN,UNKNOWN,Y,UNKNOWN,UNKNOWN,UNKNOWN,UNKNOWN,UNKNOWN,UNKNOWN,Y,UNKNOWN,UNKNOWN,UNKNOWN,UNKNOWN,Y,UNKNOWN,UNKNOWN,UNKNOWN,UNKNOWN,UNKNOWN,Y,UNKNOWN,Y,UNKNOWN,UNKNOWN,Y,UNKNOWN,Y,,,,,경상남도,거제시,,2026-05-23 19:35:48
의료법인 성념의료재단맑은샘병원,A2800022,UNKNOWN,UNKNOWN,UNKNOWN,UNKNOWN,UNKNOWN,UNKNOWN,UNKNOWN,UNKNOWN,UNKNOWN,UNKNOWN,UNKNOWN,UNKNOWN,UNKNOWN,UNKNOWN,Y,UNKNOWN,UNKNOWN,UNKNOWN,UNKNOWN,UNKNOWN,Y,UNKNOWN,UNKNOWN,UNKNOWN,UNKNOWN,Y,UNKNOWN,Y,,,,,경상남도,거제시,,2026-05-23 19:35:48
거창적십자병원,A2800076,UNKNOWN,UNKNOWN,UNKNOWN,UNKNOWN,UNKNOWN,UNKNOWN,UNKNOWN,UNKNOWN,UNKNOWN,UNKNOWN,UNKNOWN,UNKNOWN,UNKNOWN,UNKNOWN,UNKNOWN,UNKNOWN,UNKNOWN,UNKNOWN,UNKNOWN,UNKNOWN,Y,UNKNOWN,UNKNOWN,UNKNOWN,UNKNOWN,UNKNOWN,UNKNOWN,UNKNOWN,,,,,경상남도,거창군,,2026-05-23 19:35:48
강병원,A2800032,UNKNOWN,UNKNOWN,UNKNOWN,UNKNOWN,UNKNOWN,UNKNOWN,UNKNOWN,UNKNOWN,UNKNOWN,UNKNOWN,UNKNOWN,UNKNOWN,UNKNOWN,UNKNOWN,UNKNOWN,UNKNOWN,UNKNOWN,UNKNOWN,UNKNOWN,UNKNOWN,Y,UNKNOWN,UNKNOWN,UNKNOWN,UNKNOWN,UNKNOWN,UNKNOWN,UNKNOWN,,,,,경상남도,고성군,,2026-05-23 19:35:48
강일병원,A2803677,N,UNKNOWN,UNKNOWN,UNKNOWN,UNKNOWN,UNKNOWN,UNKNOWN,UNKNOWN,UNKNOWN,UNKNOWN,UNKNOWN,UNKNOWN,UNKNOWN,UNKNOWN,UNKNOWN,UNKNOWN,UNKNOWN,UNKNOWN,UNKNOWN,UNKNOWN,Y,UNKNOWN,UNKNOWN,UNKNOWN,UNKNOWN,UNKNOWN,UNKNOWN,UNKNOWN,,,,,경상남도,김해시,,2026-05-23 19:35:48
의료법인환명의료재단 조은금강병원,A2800010,Y,UNKNOWN,UNKNOWN,UNKNOWN,UNKNOWN,UNKNOWN,UNKNOWN,UNKNOWN,UNKNOWN,Y,UNKNOWN,UNKNOWN,UNKNOWN,UNKNOWN,UNKNOWN,UNKNOWN,UNKNOWN,UNKNOWN,UNKNOWN,UNKNOWN,Y,UNKNOWN,UNKNOWN,UNKNOWN,UNKNOWN,Y,Y,Y,,,,,경상남도,김해시,,2026-05-23 19:35:48
의료법인갑을의료재단 갑을장유병원,A2800014,UNKNOWN,UNKNOWN,UNKNOWN,UNKNOWN,UNKNOWN,UNKNOWN,UNKNOWN,UNKNOWN,UNKNOWN,UNKNOWN,UNKNOWN,UNKNOWN,UNKNOWN,UNKNOWN,UNKNOWN,UNKNOWN,UNKNOWN,UNKNOWN,UNKNOWN,UNKNOWN,Y,UNKNOWN,UNKNOWN,UNKNOWN,UNKNOWN,UNKNOWN,UNKNOWN,UNKNOWN,,,,,경상남도,김해시,,2026-05-23 19:35:48
의료법인숭인의료재단 김해복음병원,A2800006,Y,UNKNOWN,UNKNOWN,UNKNOWN,UNKNOWN,UNKNOWN,UNKNOWN,UNKNOWN,UNKNOWN,UNKNOWN,UNKNOWN,Y,UNKNOWN,UNKNOWN,Y,Y,UNKNOWN,UNKNOWN,UNKNOWN,UNKNOWN,Y,UNKNOWN,Y,UNKNOWN,UNKNOWN,Y,UNKNOWN,Y,,,,,경상남도,김해시,,2026-05-23 19:35:48
의료법인 이도의료재단 남해병원,A2800094,UNKNOWN,UNKNOWN,UNKNOWN,UNKNOWN,UNKNOWN,UNKNOWN,UNKNOWN,UNKNOWN,UNKNOWN,UNKNOWN,UNKNOWN,UNKNOWN,UNKNOWN,UNKNOWN,UNKNOWN,UNKNOWN,UNKNOWN,UNKNOWN,UNKNOWN,UNKNOWN,Y,UNKNOWN,UNKNOWN,UNKNOWN,UNKNOWN,UNKNOWN,UNKNOWN,UNKNOWN,,,,,경상남도,남해군,,2026-05-23 19:35:48
밀양병원,A2800113,UNKNOWN,UNKNOWN,UNKNOWN,UNKNOWN,UNKNOWN,UNKNOWN,UNKNOWN,UNKNOWN,UNKNOWN,UNKNOWN,UNKNOWN,UNKNOWN,UNKNOWN,UNKNOWN,UNKNOWN,UNKNOWN,UNKNOWN,UNKNOWN,UNKNOWN,UNKNOWN,Y,UNKNOWN,UNKNOWN,UNKNOWN,UNKNOWN,UNKNOWN,UNKNOWN,UNKNOWN,,,,,경상남도,밀양시,,2026-05-23 19:35:48
의료법인승연의료재단 삼천포서울병원,A2800068,UNKNOWN,UNKNOWN,UNKNOWN,UNKNOWN,UNKNOWN,UNKNOWN,UNKNOWN,UNKNOWN,UNKNOWN,UNKNOWN,UNKNOWN,UNKNOWN,UNKNOWN,UNKNOWN,Y,UNKNOWN,UNKNOWN,UNKNOWN,UNKNOWN,UNKNOWN,Y,UNKNOWN,UNKNOWN,UNKNOWN,UNKNOWN,UNKNOWN,UNKNOWN,UNKNOWN,,,,,경상남도,사천시,,2026-05-23 19:35:48
삼천포제일병원,A2800101,UNKNOWN,UNKNOWN,UNKNOWN,UNKNOWN,UNKNOWN,UNKNOWN,UNKNOWN,UNKNOWN,UNKNOWN,UNKNOWN,UNKNOWN,UNKNOWN,UNKNOWN,UNKNOWN,Y,UNKNOWN,UNKNOWN,UNKNOWN,UNKNOWN,UNKNOWN,Y,UNKNOWN,UNKNOWN,UNKNOWN,UNKNOWN,UNKNOWN,UNKNOWN,UNKNOWN,,,,,경상남도,사천시,,2026-05-23 19:35:48
산청군보건의료원,E2800380,UNKNOWN,UNKNOWN,UNKNOWN,UNKNOWN,UNKNOWN,UNKNOWN,UNKNOWN,UNKNOWN,UNKNOWN,UNKNOWN,UNKNOWN,UNKNOWN,UNKNOWN,UNKNOWN,UNKNOWN,UNKNOWN,UNKNOWN,UNKNOWN,UNKNOWN,UNKNOWN,Y,UNKNOWN,UNKNOWN,UNKNOWN,UNKNOWN,UNKNOWN,UNKNOWN,UNKNOWN,,,,,경상남도,산청군,,2026-05-23 19:35:48
양산부산대학교병원,A2800011,Y,Y,Y,Y,Y,Y,Y,N,N,N,UNKNOWN,N,UNKNOWN,UNKNOWN,Y,Y,UNKNOWN,N,N,Y,Y,Y,Y,Y,N,N,N,N,,,,,경상남도,양산시,,2026-05-23 19:35:48
양산성모병원,A2804593,UNKNOWN,UNKNOWN,UNKNOWN,UNKNOWN,UNKNOWN,UNKNOWN,UNKNOWN,UNKNOWN,UNKNOWN,UNKNOWN,UNKNOWN,UNKNOWN,UNKNOWN,UNKNOWN,UNKNOWN,UNKNOWN,UNKNOWN,UNKNOWN,UNKNOWN,UNKNOWN,Y,UNKNOWN,UNKNOWN,UNKNOWN,UNKNOWN,UNKNOWN,UNKNOWN,UNKNOWN,,,,,경상남도,양산시,,2026-05-23 19:35:48
베데스다복음병원,A2800019,UNKNOWN,UNKNOWN,UNKNOWN,UNKNOWN,UNKNOWN,UNKNOWN,UNKNOWN,UNKNOWN,UNKNOWN,UNKNOWN,UNKNOWN,UNKNOWN,UNKNOWN,UNKNOWN,UNKNOWN,UNKNOWN,UNKNOWN,UNKNOWN,UNKNOWN,UNKNOWN,Y,UNKNOWN,UNKNOWN,UNKNOWN,UNKNOWN,UNKNOWN,UNKNOWN,UNKNOWN,,,,,경상남도,양산시,,2026-05-23 19:35:48
의령병원,A2800090,UNKNOWN,UNKNOWN,UNKNOWN,UNKNOWN,UNKNOWN,UNKNOWN,UNKNOWN,UNKNOWN,UNKNOWN,UNKNOWN,UNKNOWN,UNKNOWN,UNKNOWN,UNKNOWN,UNKNOWN,UNKNOWN,UNKNOWN,UNKNOWN,UNKNOWN,UNKNOWN,Y,UNKNOWN,UNKNOWN,UNKNOWN,UNKNOWN,UNKNOWN,UNKNOWN,UNKNOWN,,,,,경상남도,의령군,,2026-05-23 19:35:48
경상국립대학교병원,A2800001,Y,N,Y,Y,Y,UNKNOWN,Y,Y,Y,Y,UNKNOWN,Y,UNKNOWN,UNKNOWN,Y,N,Y,Y,N,N,Y,N,Y,N,N,Y,Y,Y,,,,,경상남도,진주시,,2026-05-23 19:35:48
반도병원,A2800084,UNKNOWN,UNKNOWN,UNKNOWN,UNKNOWN,UNKNOWN,UNKNOWN,UNKNOWN,UNKNOWN,UNKNOWN,UNKNOWN,Y,UNKNOWN,UNKNOWN,UNKNOWN,Y,UNKNOWN,UNKNOWN,UNKNOWN,UNKNOWN,UNKNOWN,Y,UNKNOWN,UNKNOWN,UNKNOWN,UNKNOWN,Y,UNKNOWN,Y,,,,,경상남도,진주시,,2026-05-23 19:35:48
의료법인 문병욱의료재단 진주고려병원,A2800015,Y,UNKNOWN,Y,UNKNOWN,UNKNOWN,UNKNOWN,UNKNOWN,UNKNOWN,UNKNOWN,UNKNOWN,UNKNOWN,UNKNOWN,UNKNOWN,UNKNOWN,UNKNOWN,UNKNOWN,UNKNOWN,UNKNOWN,UNKNOWN,UNKNOWN,Y,UNKNOWN,UNKNOWN,UNKNOWN,UNKNOWN,UNKNOWN,UNKNOWN,UNKNOWN,,,,,경상남도,진주시,,2026-05-23 19:35:48
한일병원,A2800043,UNKNOWN,UNKNOWN,UNKNOWN,UNKNOWN,UNKNOWN,UNKNOWN,UNKNOWN,UNKNOWN,UNKNOWN,UNKNOWN,UNKNOWN,Y,UNKNOWN,UNKNOWN,N,UNKNOWN,UNKNOWN,UNKNOWN,UNKNOWN,UNKNOWN,Y,Y,Y,UNKNOWN,UNKNOWN,Y,Y,Y,,,,,경상남도,진주시,,2026-05-23 19:35:48
진주복음병원,A2800037,UNKNOWN,UNKNOWN,UNKNOWN,UNKNOWN,UNKNOWN,UNKNOWN,UNKNOWN,UNKNOWN,UNKNOWN,UNKNOWN,UNKNOWN,UNKNOWN,UNKNOWN,UNKNOWN,UNKNOWN,UNKNOWN,UNKNOWN,UNKNOWN,UNKNOWN,UNKNOWN,Y,UNKNOWN,UNKNOWN,UNKNOWN,UNKNOWN,UNKNOWN,UNKNOWN,UNKNOWN,,,,,경상남도,진주시,,2026-05-23 19:35:48
제일병원,A2800003,Y,UNKNOWN,UNKNOWN,UNKNOWN,UNKNOWN,UNKNOWN,UNKNOWN,UNKNOWN,UNKNOWN,UNKNOWN,Y,UNKNOWN,UNKNOWN,UNKNOWN,Y,UNKNOWN,UNKNOWN,UNKNOWN,UNKNOWN,UNKNOWN,Y,UNKNOWN,UNKNOWN,UNKNOWN,UNKNOWN,Y,Y,Y,,,,,경상남도,진주시,,2026-05-23 19:35:48
태황의료재단한성병원,A2800062,UNKNOWN,UNKNOWN,UNKNOWN,UNKNOWN,UNKNOWN,UNKNOWN,UNKNOWN,UNKNOWN,UNKNOWN,UNKNOWN,UNKNOWN,UNKNOWN,UNKNOWN,UNKNOWN,UNKNOWN,UNKNOWN,UNKNOWN,UNKNOWN,UNKNOWN,UNKNOWN,Y,UNKNOWN,UNKNOWN,UNKNOWN,UNKNOWN,UNKNOWN,UNKNOWN,UNKNOWN,,,,,경상남도,창녕군,,2026-05-23 19:35:48
경상남도마산의료원,A2800025,UNKNOWN,UNKNOWN,UNKNOWN,UNKNOWN,UNKNOWN,UNKNOWN,UNKNOWN,UNKNOWN,UNKNOWN,UNKNOWN,UNKNOWN,UNKNOWN,UNKNOWN,UNKNOWN,UNKNOWN,UNKNOWN,UNKNOWN,UNKNOWN,UNKNOWN,UNKNOWN,Y,UNKNOWN,UNKNOWN,UNKNOWN,UNKNOWN,UNKNOWN,UNKNOWN,UNKNOWN,,,,,경상남도,창원시,,2026-05-23 19:35:48
의료법인합포의료재단에스엠지연세병원,A2800017,Y,UNKNOWN,Y,UNKNOWN,UNKNOWN,UNKNOWN,UNKNOWN,UNKNOWN,UNKNOWN,UNKNOWN,UNKNOWN,Y,UNKNOWN,UNKNOWN,Y,Y,UNKNOWN,UNKNOWN,Y,UNKNOWN,Y,Y,UNKNOWN,UNKNOWN,UNKNOWN,Y,Y,Y,,,,,경상남도,창원시,,2026-05-23 19:35:48
의료법인청아의료재단청아병원,A2800009,UNKNOWN,UNKNOWN,UNKNOWN,UNKNOWN,UNKNOWN,UNKNOWN,UNKNOWN,UNKNOWN,UNKNOWN,UNKNOWN,UNKNOWN,UNKNOWN,UNKNOWN,UNKNOWN,UNKNOWN,UNKNOWN,UNKNOWN,UNKNOWN,UNKNOWN,UNKNOWN,Y,UNKNOWN,UNKNOWN,UNKNOWN,UNKNOWN,UNKNOWN,UNKNOWN,UNKNOWN,,,,,경상남도,창원시,,2026-05-23 19:35:48
학교법인성균관대학삼성창원병원,A2800020,Y,Y,Y,UNKNOWN,UNKNOWN,UNKNOWN,Y,N,N,N,UNKNOWN,Y,N,UNKNOWN,Y,N,UNKNOWN,UNKNOWN,Y,UNKNOWN,Y,Y,Y,Y,Y,Y,Y,Y,,,,,경상남도,창원시,,2026-05-23 19:35:48
창원경상국립대학교병원,A2803505,Y,Y,N,Y,N,UNKNOWN,Y,Y,Y,N,Y,UNKNOWN,UNKNOWN,UNKNOWN,Y,Y,Y,N,Y,Y,Y,Y,Y,Y,Y,Y,Y,Y,,,,,경상남도,창원시,,2026-05-23 19:35:48
창원한마음병원,A2800007,Y,Y,Y,UNKNOWN,UNKNOWN,UNKNOWN,Y,Y,Y,Y,Y,Y,UNKNOWN,Y,Y,Y,UNKNOWN,UNKNOWN,Y,UNKNOWN,Y,Y,Y,UNKNOWN,Y,Y,Y,Y,,,,,경상남도,창원시,,2026-05-23 19:35:48
창원파티마병원,A2800004,Y,UNKNOWN,UNKNOWN,UNKNOWN,UNKNOWN,UNKNOWN,UNKNOWN,UNKNOWN,UNKNOWN,Y,UNKNOWN,Y,UNKNOWN,UNKNOWN,Y,Y,UNKNOWN,UNKNOWN,UNKNOWN,UNKNOWN,Y,Y,Y,UNKNOWN,UNKNOWN,Y,Y,Y,,,,,경상남도,창원시,,2026-05-23 19:35:48
연세에스병원,A2800021,UNKNOWN,UNKNOWN,UNKNOWN,UNKNOWN,UNKNOWN,UNKNOWN,UNKNOWN,UNKNOWN,UNKNOWN,UNKNOWN,UNKNOWN,N,UNKNOWN,UNKNOWN,UNKNOWN,UNKNOWN,UNKNOWN,UNKNOWN,UNKNOWN,UNKNOWN,Y,N,N,UNKNOWN,UNKNOWN,UNKNOWN,UNKNOWN,UNKNOWN,,,,,경상남도,창원시,,2026-05-23 19:35:48
새통영병원,A2800092,UNKNOWN,UNKNOWN,UNKNOWN,UNKNOWN,UNKNOWN,UNKNOWN,UNKNOWN,UNKNOWN,UNKNOWN,UNKNOWN,UNKNOWN,UNKNOWN,UNKNOWN,UNKNOWN,UNKNOWN,UNKNOWN,UNKNOWN,UNKNOWN,UNKNOWN,UNKNOWN,Y,UNKNOWN,UNKNOWN,UNKNOWN,UNKNOWN,UNKNOWN,UNKNOWN,UNKNOWN,,,,,경상남도,통영시,,2026-05-23 19:35:48
삼성합천병원,A2800055,UNKNOWN,UNKNOWN,UNKNOWN,UNKNOWN,UNKNOWN,UNKNOWN,UNKNOWN,UNKNOWN,UNKNOWN,UNKNOWN,UNKNOWN,UNKNOWN,UNKNOWN,UNKNOWN,UNKNOWN,UNKNOWN,UNKNOWN,UNKNOWN,UNKNOWN,UNKNOWN,Y,UNKNOWN,UNKNOWN,UNKNOWN,UNKNOWN,UNKNOWN,UNKNOWN,UNKNOWN,,,,,경상남도,합천군,,2026-05-23 19:35:48
의)근원의료재단경산중앙병원,A2700019,UNKNOWN,UNKNOWN,UNKNOWN,UNKNOWN,UNKNOWN,UNKNOWN,UNKNOWN,UNKNOWN,UNKNOWN,UNKNOWN,UNKNOWN,UNKNOWN,UNKNOWN,UNKNOWN,UNKNOWN,UNKNOWN,UNKNOWN,UNKNOWN,UNKNOWN,UNKNOWN,Y,UNKNOWN,UNKNOWN,UNKNOWN,UNKNOWN,UNKNOWN,UNKNOWN,UNKNOWN,,,,,경상북도,경산시,,2026-05-23 19:35:48
의료법인서명의료재단세명종합병원,A2700036,UNKNOWN,UNKNOWN,UNKNOWN,UNKNOWN,UNKNOWN,UNKNOWN,UNKNOWN,UNKNOWN,UNKNOWN,UNKNOWN,UNKNOWN,UNKNOWN,UNKNOWN,UNKNOWN,UNKNOWN,UNKNOWN,UNKNOWN,UNKNOWN,UNKNOWN,UNKNOWN,Y,UNKNOWN,UNKNOWN,UNKNOWN,UNKNOWN,UNKNOWN,UNKNOWN,UNKNOWN,,,,,경상북도,경산시,,2026-05-23 19:35:48
동국대학교의과대학경주병원,A2700003,UNKNOWN,UNKNOWN,Y,UNKNOWN,UNKNOWN,UNKNOWN,UNKNOWN,UNKNOWN,UNKNOWN,UNKNOWN,UNKNOWN,Y,UNKNOWN,UNKNOWN,UNKNOWN,UNKNOWN,UNKNOWN,Y,UNKNOWN,UNKNOWN,Y,Y,Y,UNKNOWN,UNKNOWN,Y,UNKNOWN,Y,,,,,경상북도,경주시,,2026-05-23 19:35:48
계명대학교경주동산병원,A2700097,UNKNOWN,UNKNOWN,UNKNOWN,UNKNOWN,UNKNOWN,UNKNOWN,UNKNOWN,UNKNOWN,UNKNOWN,UNKNOWN,UNKNOWN,UNKNOWN,UNKNOWN,UNKNOWN,UNKNOWN,UNKNOWN,UNKNOWN,UNKNOWN,UNKNOWN,UNKNOWN,Y,UNKNOWN,UNKNOWN,UNKNOWN,UNKNOWN,UNKNOWN,UNKNOWN,UNKNOWN,,,,,경상북도,경주시,,2026-05-23 19:35:48
의료법인영암의료재단고령영생병원,A2700070,UNKNOWN,UNKNOWN,UNKNOWN,UNKNOWN,UNKNOWN,UNKNOWN,UNKNOWN,UNKNOWN,UNKNOWN,UNKNOWN,UNKNOWN,UNKNOWN,UNKNOWN,UNKNOWN,UNKNOWN,UNKNOWN,UNKNOWN,UNKNOWN,UNKNOWN,UNKNOWN,Y,UNKNOWN,UNKNOWN,UNKNOWN,UNKNOWN,UNKNOWN,UNKNOWN,UNKNOWN,,,,,경상북도,고령군,,2026-05-23 19:35:48
순천향대학교부속구미병원,A2700013,Y,UNKNOWN,Y,UNKNOWN,Y,UNKNOWN,UNKNOWN,Y,Y,Y,UNKNOWN,Y,Y,UNKNOWN,Y,Y,UNKNOWN,UNKNOWN,UNKNOWN,UNKNOWN,Y,Y,Y,UNKNOWN,UNKNOWN,Y,Y,Y,,,,,경상북도,구미시,,2026-05-23 19:35:48
차의과학대학교부속구미차병원,A2700007,Y,Y,Y,UNKNOWN,Y,UNKNOWN,Y,Y,Y,Y,Y,Y,UNKNOWN,UNKNOWN,Y,Y,UNKNOWN,Y,Y,Y,Y,Y,Y,UNKNOWN,Y,Y,Y,Y,,,,,경상북도,구미시,,2026-05-23 19:35:48
구미강동병원,A2700015,UNKNOWN,UNKNOWN,UNKNOWN,UNKNOWN,UNKNOWN,UNKNOWN,UNKNOWN,UNKNOWN,UNKNOWN,UNKNOWN,UNKNOWN,UNKNOWN,UNKNOWN,UNKNOWN,UNKNOWN,UNKNOWN,UNKNOWN,UNKNOWN,UNKNOWN,UNKNOWN,Y,Y,Y,UNKNOWN,UNKNOWN,UNKNOWN,UNKNOWN,UNKNOWN,,,,,경상북도,구미시,,2026-05-23 19:35:48
경상북도김천의료원,A2700018,UNKNOWN,UNKNOWN,Y,UNKNOWN,UNKNOWN,UNKNOWN,UNKNOWN,UNKNOWN,UNKNOWN,UNKNOWN,UNKNOWN,UNKNOWN,UNKNOWN,UNKNOWN,UNKNOWN,UNKNOWN,UNKNOWN,UNKNOWN,UNKNOWN,UNKNOWN,Y,UNKNOWN,Y,UNKNOWN,UNKNOWN,Y,UNKNOWN,Y,,,,,경상북도,김천시,,2026-05-23 19:35:48
의료법인덕산의료재단김천제일병원,A2700012,N,UNKNOWN,Y,UNKNOWN,UNKNOWN,UNKNOWN,UNKNOWN,Y,Y,Y,UNKNOWN,UNKNOWN,UNKNOWN,UNKNOWN,Y,UNKNOWN,UNKNOWN,UNKNOWN,UNKNOWN,UNKNOWN,Y,UNKNOWN,Y,UNKNOWN,UNKNOWN,Y,Y,Y,,,,,경상북도,김천시,,2026-05-23 19:35:48
의료법인동춘의료재단문경제일병원,A2700006,UNKNOWN,UNKNOWN,UNKNOWN,UNKNOWN,UNKNOWN,UNKNOWN,UNKNOWN,UNKNOWN,UNKNOWN,UNKNOWN,UNKNOWN,UNKNOWN,UNKNOWN,UNKNOWN,Y,UNKNOWN,UNKNOWN,UNKNOWN,UNKNOWN,UNKNOWN,Y,UNKNOWN,Y,UNKNOWN,UNKNOWN,UNKNOWN,UNKNOWN,UNKNOWN,,,,,경상북도,문경시,,2026-05-23 19:35:48
의료법인삼백의료재단상주성모병원,A2700009,UNKNOWN,UNKNOWN,Y,UNKNOWN,UNKNOWN,UNKNOWN,UNKNOWN,UNKNOWN,UNKNOWN,Y,UNKNOWN,UNKNOWN,UNKNOWN,UNKNOWN,Y,UNKNOWN,UNKNOWN,UNKNOWN,UNKNOWN,UNKNOWN,Y,UNKNOWN,Y,UNKNOWN,UNKNOWN,Y,UNKNOWN,Y,,,,,경상북도,상주시,,2026-05-23 19:35:48
상주적십자병원,A2700011,UNKNOWN,UNKNOWN,Y,UNKNOWN,UNKNOWN,UNKNOWN,UNKNOWN,Y,UNKNOWN,UNKNOWN,UNKNOWN,UNKNOWN,UNKNOWN,UNKNOWN,UNKNOWN,UNKNOWN,UNKNOWN,UNKNOWN,UNKNOWN,UNKNOWN,Y,UNKNOWN,UNKNOWN,UNKNOWN,UNKNOWN,Y,UNKNOWN,Y,,,,,경상북도,상주시,,2026-05-23 19:35:48
안동성소병원,A2700004,Y,Y,Y,UNKNOWN,UNKNOWN,UNKNOWN,UNKNOWN,Y,Y,Y,Y,UNKNOWN,UNKNOWN,UNKNOWN,Y,Y,Y,UNKNOWN,Y,UNKNOWN,Y,UNKNOWN,Y,UNKNOWN,UNKNOWN,Y,Y,Y,,,,,경상북도,안동시,,2026-05-23 19:35:48
의료법인안동병원,A2700014,Y,Y,Y,UNKNOWN,N,UNKNOWN,Y,Y,Y,Y,UNKNOWN,Y,UNKNOWN,UNKNOWN,Y,Y,Y,N,Y,Y,Y,Y,Y,N,N,Y,Y,Y,,,,,경상북도,안동시,,2026-05-23 19:35:48
경상북도안동의료원,A2700001,UNKNOWN,UNKNOWN,UNKNOWN,UNKNOWN,UNKNOWN,UNKNOWN,UNKNOWN,UNKNOWN,UNKNOWN,UNKNOWN,UNKNOWN,UNKNOWN,UNKNOWN,UNKNOWN,UNKNOWN,UNKNOWN,UNKNOWN,UNKNOWN,UNKNOWN,UNKNOWN,Y,UNKNOWN,UNKNOWN,UNKNOWN,UNKNOWN,UNKNOWN,UNKNOWN,UNKNOWN,,,,,경상북도,안동시,,2026-05-23 19:35:48
영주기독병원,A2700031,UNKNOWN,UNKNOWN,UNKNOWN,UNKNOWN,UNKNOWN,UNKNOWN,UNKNOWN,UNKNOWN,UNKNOWN,UNKNOWN,UNKNOWN,UNKNOWN,UNKNOWN,UNKNOWN,UNKNOWN,UNKNOWN,UNKNOWN,UNKNOWN,UNKNOWN,UNKNOWN,Y,UNKNOWN,UNKNOWN,UNKNOWN,UNKNOWN,UNKNOWN,UNKNOWN,UNKNOWN,,,,,경상북도,영주시,,2026-05-23 19:35:48
영주자인병원,A2700020,UNKNOWN,UNKNOWN,UNKNOWN,UNKNOWN,UNKNOWN,UNKNOWN,UNKNOWN,UNKNOWN,UNKNOWN,UNKNOWN,UNKNOWN,UNKNOWN,UNKNOWN,UNKNOWN,UNKNOWN,UNKNOWN,UNKNOWN,UNKNOWN,UNKNOWN,UNKNOWN,Y,UNKNOWN,UNKNOWN,UNKNOWN,UNKNOWN,UNKNOWN,UNKNOWN,UNKNOWN,,,,,경상북도,영주시,,2026-05-23 19:35:48
영주적십자병원,A2702752,UNKNOWN,UNKNOWN,UNKNOWN,UNKNOWN,UNKNOWN,UNKNOWN,UNKNOWN,UNKNOWN,UNKNOWN,UNKNOWN,UNKNOWN,UNKNOWN,UNKNOWN,UNKNOWN,UNKNOWN,UNKNOWN,UNKNOWN,UNKNOWN,UNKNOWN,UNKNOWN,Y,UNKNOWN,UNKNOWN,UNKNOWN,UNKNOWN,UNKNOWN,UNKNOWN,UNKNOWN,,,,,경상북도,영주시,,2026-05-23 19:35:48
영남대학교의과대학부속영천병원,A2700017,UNKNOWN,UNKNOWN,UNKNOWN,UNKNOWN,UNKNOWN,UNKNOWN,UNKNOWN,UNKNOWN,UNKNOWN,UNKNOWN,UNKNOWN,UNKNOWN,UNKNOWN,UNKNOWN,UNKNOWN,UNKNOWN,UNKNOWN,UNKNOWN,UNKNOWN,UNKNOWN,Y,UNKNOWN,UNKNOWN,UNKNOWN,UNKNOWN,Y,Y,UNKNOWN,,,,,경상북도,영천시,,2026-05-23 19:35:48
의료법인서준의료재단예천권병원,A2700023,UNKNOWN,UNKNOWN,UNKNOWN,UNKNOWN,UNKNOWN,UNKNOWN,UNKNOWN,UNKNOWN,UNKNOWN,UNKNOWN,UNKNOWN,UNKNOWN,UNKNOWN,UNKNOWN,UNKNOWN,UNKNOWN,UNKNOWN,UNKNOWN,UNKNOWN,UNKNOWN,Y,UNKNOWN,UNKNOWN,UNKNOWN,UNKNOWN,UNKNOWN,UNKNOWN,UNKNOWN,,,,,경상북도,예천군,,2026-05-23 19:35:48
울릉군보건의료원,E2700553,UNKNOWN,UNKNOWN,UNKNOWN,UNKNOWN,UNKNOWN,UNKNOWN,UNKNOWN,UNKNOWN,UNKNOWN,UNKNOWN,UNKNOWN,UNKNOWN,UNKNOWN,UNKNOWN,UNKNOWN,UNKNOWN,UNKNOWN,UNKNOWN,UNKNOWN,UNKNOWN,Y,UNKNOWN,UNKNOWN,UNKNOWN,UNKNOWN,UNKNOWN,UNKNOWN,UNKNOWN,,,,,경상북도,울릉군,,2026-05-23 19:35:48
울진군의료원,A2700052,UNKNOWN,UNKNOWN,UNKNOWN,UNKNOWN,UNKNOWN,UNKNOWN,UNKNOWN,UNKNOWN,UNKNOWN,UNKNOWN,UNKNOWN,UNKNOWN,UNKNOWN,UNKNOWN,UNKNOWN,UNKNOWN,UNKNOWN,UNKNOWN,UNKNOWN,UNKNOWN,Y,UNKNOWN,UNKNOWN,UNKNOWN,UNKNOWN,UNKNOWN,UNKNOWN,UNKNOWN,,,,,경상북도,울진군,,2026-05-23 19:35:48
의료법인영제의료재단영남제일병원,A2700063,UNKNOWN,UNKNOWN,UNKNOWN,UNKNOWN,UNKNOWN,UNKNOWN,UNKNOWN,UNKNOWN,UNKNOWN,UNKNOWN,UNKNOWN,UNKNOWN,UNKNOWN,UNKNOWN,UNKNOWN,UNKNOWN,UNKNOWN,UNKNOWN,UNKNOWN,UNKNOWN,Y,UNKNOWN,UNKNOWN,UNKNOWN,UNKNOWN,UNKNOWN,UNKNOWN,UNKNOWN,,,,,경상북도,의성군,,2026-05-23 19:35:48
의료법인대남의료재단청도대남병원,A2700038,UNKNOWN,UNKNOWN,UNKNOWN,UNKNOWN,UNKNOWN,UNKNOWN,UNKNOWN,UNKNOWN,UNKNOWN,UNKNOWN,UNKNOWN,UNKNOWN,UNKNOWN,UNKNOWN,UNKNOWN,UNKNOWN,UNKNOWN,UNKNOWN,UNKNOWN,UNKNOWN,Y,UNKNOWN,UNKNOWN,UNKNOWN,UNKNOWN,UNKNOWN,UNKNOWN,UNKNOWN,,,,,경상북도,청도군,,2026-05-23 19:35:48
청송군보건의료원,E2700554,UNKNOWN,UNKNOWN,UNKNOWN,UNKNOWN,UNKNOWN,UNKNOWN,UNKNOWN,UNKNOWN,UNKNOWN,UNKNOWN,UNKNOWN,UNKNOWN,UNKNOWN,UNKNOWN,UNKNOWN,UNKNOWN,UNKNOWN,UNKNOWN,UNKNOWN,UNKNOWN,Y,UNKNOWN,UNKNOWN,UNKNOWN,UNKNOWN,UNKNOWN,UNKNOWN,UNKNOWN,,,,,경상북도,청송군,,2026-05-23 19:35:48
포항성모병원,A2700016,Y,Y,Y,Y,UNKNOWN,UNKNOWN,UNKNOWN,Y,Y,Y,UNKNOWN,Y,UNKNOWN,UNKNOWN,Y,Y,UNKNOWN,UNKNOWN,UNKNOWN,UNKNOWN,Y,Y,Y,UNKNOWN,UNKNOWN,Y,Y,Y,,,,,경상북도,포항시,,2026-05-23 19:35:48
포항세명기독병원,A2700002,Y,UNKNOWN,Y,UNKNOWN,UNKNOWN,UNKNOWN,UNKNOWN,UNKNOWN,UNKNOWN,UNKNOWN,Y,Y,UNKNOWN,UNKNOWN,Y,Y,UNKNOWN,UNKNOWN,UNKNOWN,UNKNOWN,Y,Y,Y,UNKNOWN,UNKNOWN,Y,Y,Y,,,,,경상북도,포항시,,2026-05-23 19:35:48
에스포항병원,A2700008,UNKNOWN,UNKNOWN,UNKNOWN,UNKNOWN,UNKNOWN,UNKNOWN,UNKNOWN,UNKNOWN,UNKNOWN,UNKNOWN,UNKNOWN,UNKNOWN,UNKNOWN,UNKNOWN,UNKNOWN,UNKNOWN,UNKNOWN,UNKNOWN,UNKNOWN,UNKNOWN,Y,UNKNOWN,UNKNOWN,UNKNOWN,UNKNOWN,UNKNOWN,UNKNOWN,UNKNOWN,,,,,경상북도,포항시,,2026-05-23 19:35:48
의료법인은성의료재단좋은선린병원,A2702563,N,UNKNOWN,Y,UNKNOWN,UNKNOWN,UNKNOWN,UNKNOWN,UNKNOWN,UNKNOWN,UNKNOWN,UNKNOWN,UNKNOWN,UNKNOWN,UNKNOWN,Y,Y,UNKNOWN,UNKNOWN,UNKNOWN,UNKNOWN,Y,UNKNOWN,N,UNKNOWN,UNKNOWN,Y,UNKNOWN,Y,,,,,경상북도,포항시,,2026-05-23 19:35:48
경상북도포항의료원,A2700005,UNKNOWN,UNKNOWN,UNKNOWN,UNKNOWN,UNKNOWN,UNKNOWN,UNKNOWN,UNKNOWN,UNKNOWN,UNKNOWN,UNKNOWN,UNKNOWN,UNKNOWN,UNKNOWN,UNKNOWN,UNKNOWN,UNKNOWN,UNKNOWN,UNKNOWN,UNKNOWN,Y,UNKNOWN,UNKNOWN,UNKNOWN,UNKNOWN,UNKNOWN,UNKNOWN,UNKNOWN,,,,,경상북도,포항시,,2026-05-23 19:35:48
신가병원,A1500006,UNKNOWN,UNKNOWN,UNKNOWN,UNKNOWN,UNKNOWN,UNKNOWN,UNKNOWN,UNKNOWN,UNKNOWN,UNKNOWN,UNKNOWN,UNKNOWN,UNKNOWN,UNKNOWN,UNKNOWN,UNKNOWN,UNKNOWN,UNKNOWN,UNKNOWN,UNKNOWN,Y,UNKNOWN,UNKNOWN,UNKNOWN,UNKNOWN,UNKNOWN,UNKNOWN,UNKNOWN,,,,,광주광역시,광산구,,2026-05-23 19:35:48
광주센트럴병원,A1502007,UNKNOWN,UNKNOWN,UNKNOWN,UNKNOWN,UNKNOWN,UNKNOWN,UNKNOWN,UNKNOWN,UNKNOWN,UNKNOWN,UNKNOWN,UNKNOWN,UNKNOWN,UNKNOWN,UNKNOWN,UNKNOWN,UNKNOWN,UNKNOWN,UNKNOWN,UNKNOWN,Y,UNKNOWN,UNKNOWN,UNKNOWN,UNKNOWN,UNKNOWN,UNKNOWN,UNKNOWN,,,,,광주광역시,광산구,,2026-05-23 19:35:48
KS병원,A1500019,Y,UNKNOWN,Y,UNKNOWN,UNKNOWN,UNKNOWN,UNKNOWN,UNKNOWN,UNKNOWN,UNKNOWN,UNKNOWN,UNKNOWN,UNKNOWN,UNKNOWN,Y,Y,UNKNOWN,UNKNOWN,UNKNOWN,UNKNOWN,Y,UNKNOWN,Y,UNKNOWN,UNKNOWN,Y,Y,Y,,,,,광주광역시,광산구,,2026-05-23 19:35:48
하남성심병원,A1500017,UNKNOWN,UNKNOWN,UNKNOWN,UNKNOWN,UNKNOWN,UNKNOWN,UNKNOWN,UNKNOWN,UNKNOWN,UNKNOWN,UNKNOWN,UNKNOWN,UNKNOWN,UNKNOWN,UNKNOWN,UNKNOWN,UNKNOWN,UNKNOWN,UNKNOWN,UNKNOWN,Y,UNKNOWN,UNKNOWN,UNKNOWN,UNKNOWN,UNKNOWN,UNKNOWN,UNKNOWN,,,,,광주광역시,광산구,,2026-05-23 19:35:48
광주수완병원,A1500018,UNKNOWN,UNKNOWN,UNKNOWN,UNKNOWN,UNKNOWN,UNKNOWN,UNKNOWN,UNKNOWN,UNKNOWN,UNKNOWN,UNKNOWN,UNKNOWN,UNKNOWN,UNKNOWN,UNKNOWN,UNKNOWN,UNKNOWN,UNKNOWN,UNKNOWN,UNKNOWN,Y,UNKNOWN,UNKNOWN,UNKNOWN,UNKNOWN,UNKNOWN,UNKNOWN,UNKNOWN,,,,,광주광역시,광산구,,2026-05-23 19:35:48
광주보훈병원,A1500004,Y,UNKNOWN,UNKNOWN,UNKNOWN,UNKNOWN,UNKNOWN,UNKNOWN,UNKNOWN,UNKNOWN,UNKNOWN,UNKNOWN,UNKNOWN,UNKNOWN,UNKNOWN,UNKNOWN,UNKNOWN,UNKNOWN,UNKNOWN,UNKNOWN,UNKNOWN,Y,UNKNOWN,UNKNOWN,UNKNOWN,UNKNOWN,UNKNOWN,UNKNOWN,UNKNOWN,,,,,광주광역시,광산구,,2026-05-23 19:35:48
첨단종합병원,A1500011,UNKNOWN,UNKNOWN,Y,UNKNOWN,UNKNOWN,UNKNOWN,UNKNOWN,UNKNOWN,UNKNOWN,Y,Y,UNKNOWN,Y,UNKNOWN,Y,UNKNOWN,Y,UNKNOWN,Y,UNKNOWN,Y,UNKNOWN,Y,UNKNOWN,UNKNOWN,Y,UNKNOWN,Y,,,,,광주광역시,광산구,,2026-05-23 19:35:48
동아병원,A1500013,UNKNOWN,UNKNOWN,UNKNOWN,UNKNOWN,UNKNOWN,UNKNOWN,UNKNOWN,UNKNOWN,UNKNOWN,UNKNOWN,UNKNOWN,UNKNOWN,UNKNOWN,UNKNOWN,UNKNOWN,UNKNOWN,UNKNOWN,UNKNOWN,UNKNOWN,UNKNOWN,Y,UNKNOWN,UNKNOWN,UNKNOWN,UNKNOWN,UNKNOWN,UNKNOWN,UNKNOWN,,,,,광주광역시,남구,,2026-05-23 19:35:48
광주씨티병원,A1500009,UNKNOWN,UNKNOWN,UNKNOWN,UNKNOWN,UNKNOWN,UNKNOWN,UNKNOWN,UNKNOWN,UNKNOWN,UNKNOWN,UNKNOWN,UNKNOWN,UNKNOWN,UNKNOWN,UNKNOWN,UNKNOWN,UNKNOWN,UNKNOWN,UNKNOWN,UNKNOWN,Y,UNKNOWN,Y,UNKNOWN,UNKNOWN,Y,UNKNOWN,Y,,,,,광주광역시,남구,,2026-05-23 19:35:48
광주기독병원,A1500021,N,UNKNOWN,Y,UNKNOWN,UNKNOWN,UNKNOWN,UNKNOWN,UNKNOWN,UNKNOWN,UNKNOWN,UNKNOWN,N,UNKNOWN,UNKNOWN,UNKNOWN,UNKNOWN,UNKNOWN,UNKNOWN,UNKNOWN,UNKNOWN,Y,N,N,UNKNOWN,UNKNOWN,UNKNOWN,UNKNOWN,UNKNOWN,,,,,광주광역시,남구,,2026-05-23 19:35:48
전남대학교병원,A1500002,Y,Y,Y,Y,Y,Y,Y,Y,Y,Y,UNKNOWN,Y,Y,UNKNOWN,Y,Y,Y,Y,Y,Y,Y,Y,Y,Y,Y,Y,Y,Y,,,,,광주광역시,동구,,2026-05-23 19:35:48
조선대학교병원,A1500001,Y,UNKNOWN,Y,UNKNOWN,Y,UNKNOWN,Y,UNKNOWN,UNKNOWN,UNKNOWN,UNKNOWN,Y,UNKNOWN,UNKNOWN,UNKNOWN,Y,Y,Y,UNKNOWN,UNKNOWN,Y,Y,Y,UNKNOWN,UNKNOWN,Y,UNKNOWN,Y,,,,,광주광역시,동구,,2026-05-23 19:35:48
광주병원,A1500015,Y,UNKNOWN,Y,UNKNOWN,UNKNOWN,UNKNOWN,UNKNOWN,UNKNOWN,UNKNOWN,UNKNOWN,UNKNOWN,Y,UNKNOWN,UNKNOWN,UNKNOWN,UNKNOWN,UNKNOWN,UNKNOWN,UNKNOWN,UNKNOWN,Y,Y,Y,UNKNOWN,UNKNOWN,Y,Y,Y,,,,,광주광역시,북구,,2026-05-23 19:35:48
운암한국병원,A1500010,UNKNOWN,UNKNOWN,UNKNOWN,UNKNOWN,UNKNOWN,UNKNOWN,UNKNOWN,UNKNOWN,UNKNOWN,UNKNOWN,UNKNOWN,UNKNOWN,UNKNOWN,UNKNOWN,UNKNOWN,UNKNOWN,UNKNOWN,UNKNOWN,UNKNOWN,UNKNOWN,Y,UNKNOWN,UNKNOWN,UNKNOWN,UNKNOWN,UNKNOWN,UNKNOWN,UNKNOWN,,,,,광주광역시,북구,,2026-05-23 19:35:48
광주현대병원,A1500003,UNKNOWN,UNKNOWN,UNKNOWN,UNKNOWN,UNKNOWN,UNKNOWN,UNKNOWN,UNKNOWN,UNKNOWN,UNKNOWN,UNKNOWN,UNKNOWN,UNKNOWN,UNKNOWN,UNKNOWN,UNKNOWN,UNKNOWN,UNKNOWN,UNKNOWN,UNKNOWN,Y,UNKNOWN,UNKNOWN,UNKNOWN,UNKNOWN,UNKNOWN,UNKNOWN,UNKNOWN,,,,,광주광역시,북구,,2026-05-23 19:35:48
광주일곡병원,A1500005,UNKNOWN,UNKNOWN,UNKNOWN,UNKNOWN,UNKNOWN,UNKNOWN,UNKNOWN,UNKNOWN,UNKNOWN,UNKNOWN,UNKNOWN,UNKNOWN,UNKNOWN,UNKNOWN,UNKNOWN,UNKNOWN,UNKNOWN,UNKNOWN,UNKNOWN,UNKNOWN,Y,UNKNOWN,UNKNOWN,UNKNOWN,UNKNOWN,UNKNOWN,UNKNOWN,UNKNOWN,,,,,광주광역시,북구,,2026-05-23 19:35:48
광주희망병원,A1500007,UNKNOWN,UNKNOWN,UNKNOWN,UNKNOWN,UNKNOWN,UNKNOWN,UNKNOWN,UNKNOWN,UNKNOWN,UNKNOWN,UNKNOWN,UNKNOWN,UNKNOWN,UNKNOWN,UNKNOWN,UNKNOWN,UNKNOWN,UNKNOWN,UNKNOWN,UNKNOWN,Y,UNKNOWN,UNKNOWN,UNKNOWN,UNKNOWN,UNKNOWN,UNKNOWN,UNKNOWN,,,,,광주광역시,북구,,2026-05-23 19:35:48
서광병원,A1500020,UNKNOWN,UNKNOWN,UNKNOWN,UNKNOWN,UNKNOWN,UNKNOWN,UNKNOWN,UNKNOWN,UNKNOWN,UNKNOWN,UNKNOWN,UNKNOWN,UNKNOWN,UNKNOWN,Y,Y,UNKNOWN,UNKNOWN,UNKNOWN,UNKNOWN,Y,UNKNOWN,UNKNOWN,UNKNOWN,UNKNOWN,Y,Y,Y,,,,,광주광역시,서구,,2026-05-23 19:35:48
상무병원,A1500022,UNKNOWN,UNKNOWN,UNKNOWN,UNKNOWN,UNKNOWN,UNKNOWN,UNKNOWN,UNKNOWN,UNKNOWN,UNKNOWN,UNKNOWN,UNKNOWN,UNKNOWN,UNKNOWN,UNKNOWN,UNKNOWN,UNKNOWN,UNKNOWN,UNKNOWN,UNKNOWN,Y,UNKNOWN,UNKNOWN,UNKNOWN,UNKNOWN,UNKNOWN,UNKNOWN,Y,,,,,광주광역시,서구,,2026-05-23 19:35:48
광주한국병원,A1500016,UNKNOWN,UNKNOWN,UNKNOWN,UNKNOWN,UNKNOWN,UNKNOWN,UNKNOWN,UNKNOWN,UNKNOWN,UNKNOWN,UNKNOWN,UNKNOWN,UNKNOWN,UNKNOWN,UNKNOWN,UNKNOWN,UNKNOWN,UNKNOWN,UNKNOWN,UNKNOWN,Y,UNKNOWN,UNKNOWN,UNKNOWN,UNKNOWN,UNKNOWN,UNKNOWN,UNKNOWN,,,,,광주광역시,서구,,2026-05-23 19:35:48
미래로21병원,A1500014,UNKNOWN,UNKNOWN,UNKNOWN,UNKNOWN,UNKNOWN,UNKNOWN,UNKNOWN,UNKNOWN,UNKNOWN,UNKNOWN,UNKNOWN,UNKNOWN,UNKNOWN,UNKNOWN,Y,Y,UNKNOWN,UNKNOWN,UNKNOWN,UNKNOWN,Y,UNKNOWN,UNKNOWN,UNKNOWN,UNKNOWN,UNKNOWN,UNKNOWN,UNKNOWN,,,,,광주광역시,서구,,2026-05-23 19:35:48
드림종합병원,A1300034,Y,UNKNOWN,Y,UNKNOWN,UNKNOWN,UNKNOWN,UNKNOWN,UNKNOWN,UNKNOWN,UNKNOWN,UNKNOWN,UNKNOWN,UNKNOWN,UNKNOWN,UNKNOWN,UNKNOWN,UNKNOWN,UNKNOWN,UNKNOWN,UNKNOWN,Y,UNKNOWN,UNKNOWN,UNKNOWN,UNKNOWN,Y,Y,Y,,,,,대구광역시,남구,,2026-05-23 19:35:48
대구가톨릭대학교병원,A1300004,Y,UNKNOWN,Y,UNKNOWN,Y,UNKNOWN,Y,Y,Y,Y,UNKNOWN,Y,UNKNOWN,UNKNOWN,Y,Y,Y,Y,Y,UNKNOWN,Y,Y,Y,Y,Y,Y,Y,Y,,,,,대구광역시,남구,,2026-05-23 19:35:48
영남대학교병원,A1300001,Y,UNKNOWN,Y,UNKNOWN,Y,UNKNOWN,Y,Y,Y,Y,Y,Y,Y,Y,Y,Y,Y,Y,Y,Y,Y,Y,Y,Y,Y,Y,Y,UNKNOWN,,,,,대구광역시,남구,,2026-05-23 19:35:48
강남종합병원,A1300018,UNKNOWN,UNKNOWN,UNKNOWN,UNKNOWN,UNKNOWN,UNKNOWN,UNKNOWN,UNKNOWN,UNKNOWN,UNKNOWN,UNKNOWN,UNKNOWN,UNKNOWN,UNKNOWN,UNKNOWN,UNKNOWN,UNKNOWN,UNKNOWN,UNKNOWN,UNKNOWN,Y,UNKNOWN,UNKNOWN,UNKNOWN,UNKNOWN,UNKNOWN,UNKNOWN,UNKNOWN,,,,,대구광역시,동구,,2026-05-23 19:35:48
대구파티마병원,A1300009,Y,Y,UNKNOWN,UNKNOWN,UNKNOWN,UNKNOWN,Y,N,N,N,UNKNOWN,Y,UNKNOWN,UNKNOWN,UNKNOWN,UNKNOWN,UNKNOWN,Y,UNKNOWN,UNKNOWN,Y,Y,Y,UNKNOWN,UNKNOWN,Y,UNKNOWN,Y,,,,,대구광역시,동구,,2026-05-23 19:35:48
대구가톨릭대학교칠곡가톨릭병원,A1300005,UNKNOWN,UNKNOWN,UNKNOWN,UNKNOWN,UNKNOWN,UNKNOWN,UNKNOWN,UNKNOWN,UNKNOWN,UNKNOWN,UNKNOWN,UNKNOWN,UNKNOWN,UNKNOWN,UNKNOWN,UNKNOWN,UNKNOWN,UNKNOWN,UNKNOWN,UNKNOWN,Y,UNKNOWN,UNKNOWN,UNKNOWN,UNKNOWN,UNKNOWN,UNKNOWN,UNKNOWN,,,,,대구광역시,북구,,2026-05-23 19:35:48
칠곡경북대학교병원,A1300010,N,UNKNOWN,N,Y,UNKNOWN,UNKNOWN,Y,Y,Y,UNKNOWN,UNKNOWN,N,UNKNOWN,UNKNOWN,Y,Y,UNKNOWN,UNKNOWN,UNKNOWN,UNKNOWN,Y,UNKNOWN,UNKNOWN,UNKNOWN,UNKNOWN,UNKNOWN,UNKNOWN,UNKNOWN,,,,,대구광역시,북구,,2026-05-23 19:35:48
의료법인구의료재단구병원,A1300006,UNKNOWN,Y,UNKNOWN,UNKNOWN,UNKNOWN,UNKNOWN,UNKNOWN,UNKNOWN,UNKNOWN,UNKNOWN,UNKNOWN,UNKNOWN,UNKNOWN,UNKNOWN,UNKNOWN,UNKNOWN,UNKNOWN,UNKNOWN,Y,UNKNOWN,Y,UNKNOWN,UNKNOWN,UNKNOWN,UNKNOWN,Y,UNKNOWN,Y,,,,,대구광역시,서구,,2026-05-23 19:35:48
계명대학교동산병원,A1300003,Y,Y,Y,Y,UNKNOWN,UNKNOWN,Y,Y,Y,Y,Y,Y,UNKNOWN,UNKNOWN,Y,Y,Y,Y,Y,Y,Y,Y,Y,Y,Y,Y,Y,Y,,,,,대구광역시,서구,,2026-05-23 19:35:48
더블유병원,A1300110,UNKNOWN,UNKNOWN,UNKNOWN,UNKNOWN,UNKNOWN,UNKNOWN,UNKNOWN,UNKNOWN,UNKNOWN,UNKNOWN,UNKNOWN,UNKNOWN,Y,Y,UNKNOWN,UNKNOWN,UNKNOWN,UNKNOWN,UNKNOWN,UNKNOWN,Y,UNKNOWN,UNKNOWN,UNKNOWN,UNKNOWN,UNKNOWN,UNKNOWN,UNKNOWN,,,,,대구광역시,서구,,2026-05-23 19:35:48
한국보훈복지의료공단대구보훈병원,A1300011,UNKNOWN,UNKNOWN,UNKNOWN,UNKNOWN,UNKNOWN,UNKNOWN,UNKNOWN,UNKNOWN,UNKNOWN,UNKNOWN,UNKNOWN,UNKNOWN,UNKNOWN,UNKNOWN,UNKNOWN,UNKNOWN,UNKNOWN,UNKNOWN,UNKNOWN,UNKNOWN,Y,UNKNOWN,UNKNOWN,UNKNOWN,UNKNOWN,UNKNOWN,UNKNOWN,UNKNOWN,,,,,대구광역시,서구,,2026-05-23 19:35:48
삼일병원,A1300045,UNKNOWN,UNKNOWN,Y,UNKNOWN,UNKNOWN,UNKNOWN,UNKNOWN,UNKNOWN,UNKNOWN,UNKNOWN,UNKNOWN,UNKNOWN,UNKNOWN,UNKNOWN,UNKNOWN,UNKNOWN,UNKNOWN,UNKNOWN,UNKNOWN,UNKNOWN,Y,UNKNOWN,Y,UNKNOWN,UNKNOWN,Y,Y,Y,,,,,대구광역시,서구,,2026-05-23 19:35:48
나사렛종합병원,A1300038,Y,UNKNOWN,Y,UNKNOWN,UNKNOWN,UNKNOWN,UNKNOWN,UNKNOWN,UNKNOWN,UNKNOWN,UNKNOWN,Y,UNKNOWN,UNKNOWN,UNKNOWN,Y,UNKNOWN,UNKNOWN,UNKNOWN,UNKNOWN,Y,Y,Y,UNKNOWN,UNKNOWN,Y,Y,Y,,,,,대구광역시,서구,,2026-05-23 19:35:48
대구굿모닝병원,A1300076,UNKNOWN,UNKNOWN,UNKNOWN,UNKNOWN,UNKNOWN,UNKNOWN,UNKNOWN,UNKNOWN,UNKNOWN,UNKNOWN,UNKNOWN,Y,UNKNOWN,UNKNOWN,UNKNOWN,UNKNOWN,UNKNOWN,UNKNOWN,UNKNOWN,UNKNOWN,Y,Y,Y,UNKNOWN,UNKNOWN,UNKNOWN,UNKNOWN,UNKNOWN,,,,,대구광역시,서구,,2026-05-23 19:35:48
대구의료원,A1300007,UNKNOWN,UNKNOWN,UNKNOWN,UNKNOWN,UNKNOWN,UNKNOWN,UNKNOWN,UNKNOWN,UNKNOWN,UNKNOWN,UNKNOWN,UNKNOWN,UNKNOWN,UNKNOWN,UNKNOWN,UNKNOWN,UNKNOWN,UNKNOWN,UNKNOWN,UNKNOWN,Y,UNKNOWN,UNKNOWN,UNKNOWN,UNKNOWN,UNKNOWN,UNKNOWN,UNKNOWN,,,,,대구광역시,서구,,2026-05-23 19:35:48
(재)미리내천주성삼성직수도회천주성삼병원,A1300081,UNKNOWN,UNKNOWN,UNKNOWN,UNKNOWN,UNKNOWN,UNKNOWN,UNKNOWN,UNKNOWN,UNKNOWN,UNKNOWN,UNKNOWN,UNKNOWN,UNKNOWN,UNKNOWN,UNKNOWN,UNKNOWN,UNKNOWN,UNKNOWN,UNKNOWN,UNKNOWN,Y,UNKNOWN,UNKNOWN,UNKNOWN,UNKNOWN,UNKNOWN,UNKNOWN,UNKNOWN,,,,,대구광역시,수성구,,2026-05-23 19:35:48
곽병원,A1300008,UNKNOWN,UNKNOWN,Y,UNKNOWN,UNKNOWN,UNKNOWN,UNKNOWN,UNKNOWN,UNKNOWN,UNKNOWN,UNKNOWN,UNKNOWN,UNKNOWN,UNKNOWN,UNKNOWN,UNKNOWN,UNKNOWN,UNKNOWN,UNKNOWN,UNKNOWN,Y,UNKNOWN,UNKNOWN,UNKNOWN,UNKNOWN,Y,Y,Y,,,,,대구광역시,중구,,2026-05-23 19:35:48
계명대학교대구동산병원,A1303386,UNKNOWN,UNKNOWN,Y,UNKNOWN,UNKNOWN,UNKNOWN,UNKNOWN,UNKNOWN,UNKNOWN,UNKNOWN,UNKNOWN,UNKNOWN,UNKNOWN,UNKNOWN,UNKNOWN,UNKNOWN,UNKNOWN,Y,UNKNOWN,UNKNOWN,Y,UNKNOWN,UNKNOWN,UNKNOWN,UNKNOWN,Y,UNKNOWN,Y,,,,,대구광역시,중구,,2026-05-23 19:35:48
경북대학교병원,A1300002,Y,N,Y,UNKNOWN,Y,UNKNOWN,Y,UNKNOWN,UNKNOWN,UNKNOWN,UNKNOWN,Y,UNKNOWN,UNKNOWN,Y,Y,Y,Y,Y,Y,Y,N,N,Y,Y,Y,Y,N,,,,,대구광역시,중구,,2026-05-23 19:35:48
대전보훈병원,A1600004,UNKNOWN,UNKNOWN,UNKNOWN,UNKNOWN,UNKNOWN,UNKNOWN,UNKNOWN,UNKNOWN,UNKNOWN,UNKNOWN,UNKNOWN,UNKNOWN,UNKNOWN,UNKNOWN,UNKNOWN,UNKNOWN,UNKNOWN,UNKNOWN,UNKNOWN,UNKNOWN,Y,UNKNOWN,UNKNOWN,UNKNOWN,UNKNOWN,UNKNOWN,UNKNOWN,UNKNOWN,,,,,대전광역시,대덕구,,2026-05-23 19:35:48
대전한국병원,A1600003,UNKNOWN,Y,Y,UNKNOWN,UNKNOWN,UNKNOWN,UNKNOWN,UNKNOWN,Y,Y,UNKNOWN,Y,UNKNOWN,UNKNOWN,UNKNOWN,UNKNOWN,UNKNOWN,UNKNOWN,Y,Y,Y,Y,Y,UNKNOWN,UNKNOWN,Y,UNKNOWN,Y,,,,,대전광역시,동구,,2026-05-23 19:35:48
대청병원,A1602246,UNKNOWN,UNKNOWN,UNKNOWN,UNKNOWN,UNKNOWN,UNKNOWN,UNKNOWN,UNKNOWN,UNKNOWN,UNKNOWN,UNKNOWN,UNKNOWN,UNKNOWN,UNKNOWN,UNKNOWN,UNKNOWN,UNKNOWN,UNKNOWN,UNKNOWN,UNKNOWN,Y,UNKNOWN,UNKNOWN,UNKNOWN,UNKNOWN,UNKNOWN,UNKNOWN,UNKNOWN,,,,,대전광역시,서구,,2026-05-23 19:35:48
학교법인건양교육재단건양대학교병원,A1600006,Y,Y,Y,Y,Y,UNKNOWN,Y,Y,Y,Y,UNKNOWN,Y,UNKNOWN,UNKNOWN,Y,Y,Y,Y,Y,Y,Y,Y,Y,Y,Y,Y,Y,Y,,,,,대전광역시,서구,,2026-05-23 19:35:48
학교법인을지학원대전을지대학교병원,A1600002,Y,N,N,N,UNKNOWN,UNKNOWN,Y,Y,Y,Y,UNKNOWN,Y,Y,Y,Y,Y,Y,UNKNOWN,Y,UNKNOWN,Y,Y,Y,Y,Y,Y,Y,Y,,,,,대전광역시,서구,,2026-05-23 19:35:48
의료법인영훈의료재단유성선병원,A1600007,Y,UNKNOWN,Y,UNKNOWN,UNKNOWN,UNKNOWN,UNKNOWN,UNKNOWN,UNKNOWN,UNKNOWN,UNKNOWN,Y,UNKNOWN,UNKNOWN,UNKNOWN,UNKNOWN,UNKNOWN,UNKNOWN,UNKNOWN,UNKNOWN,Y,N,N,UNKNOWN,UNKNOWN,Y,UNKNOWN,Y,,,,,대전광역시,유성구,,2026-05-23 19:35:48
학교법인가톨릭학원가톨릭대학교대전성모병원,A1600005,Y,UNKNOWN,Y,UNKNOWN,UNKNOWN,UNKNOWN,UNKNOWN,Y,Y,Y,UNKNOWN,Y,UNKNOWN,UNKNOWN,Y,Y,UNKNOWN,UNKNOWN,Y,Y,Y,Y,Y,UNKNOWN,UNKNOWN,Y,Y,Y,,,,,대전광역시,중구,,2026-05-23 19:35:48
의료법인영훈의료재단대전선병원,A1600008,Y,UNKNOWN,Y,UNKNOWN,UNKNOWN,UNKNOWN,UNKNOWN,Y,Y,Y,UNKNOWN,Y,Y,Y,Y,Y,UNKNOWN,UNKNOWN,Y,UNKNOWN,Y,Y,Y,UNKNOWN,UNKNOWN,Y,Y,Y,,,,,대전광역시,중구,,2026-05-23 19:35:48
충남대학교병원,A1600001,Y,Y,Y,UNKNOWN,UNKNOWN,UNKNOWN,Y,Y,Y,Y,UNKNOWN,Y,Y,Y,Y,Y,Y,Y,UNKNOWN,UNKNOWN,Y,Y,Y,Y,Y,Y,Y,Y,,,,,대전광역시,중구,,2026-05-23 19:35:48
(의)서일의료재단기장병원,A1200028,UNKNOWN,UNKNOWN,UNKNOWN,UNKNOWN,UNKNOWN,UNKNOWN,UNKNOWN,UNKNOWN,UNKNOWN,UNKNOWN,UNKNOWN,UNKNOWN,UNKNOWN,UNKNOWN,UNKNOWN,UNKNOWN,UNKNOWN,UNKNOWN,UNKNOWN,UNKNOWN,Y,UNKNOWN,UNKNOWN,UNKNOWN,UNKNOWN,UNKNOWN,UNKNOWN,UNKNOWN,,,,,부산광역시,기장군,,2026-05-23 19:35:48
동남권원자력의학원원자력병원,A1200015,UNKNOWN,UNKNOWN,UNKNOWN,UNKNOWN,UNKNOWN,UNKNOWN,UNKNOWN,UNKNOWN,UNKNOWN,UNKNOWN,UNKNOWN,UNKNOWN,UNKNOWN,UNKNOWN,UNKNOWN,UNKNOWN,UNKNOWN,UNKNOWN,UNKNOWN,UNKNOWN,Y,N,N,UNKNOWN,UNKNOWN,UNKNOWN,UNKNOWN,Y,,,,,부산광역시,기장군,,2026-05-23 19:35:48
부산성모병원(재단법인 천주교부산교구유지재단),A1200013,Y,UNKNOWN,UNKNOWN,UNKNOWN,UNKNOWN,UNKNOWN,Y,UNKNOWN,UNKNOWN,UNKNOWN,UNKNOWN,UNKNOWN,UNKNOWN,UNKNOWN,Y,UNKNOWN,UNKNOWN,UNKNOWN,UNKNOWN,UNKNOWN,Y,UNKNOWN,Y,UNKNOWN,UNKNOWN,UNKNOWN,Y,UNKNOWN,,,,,부산광역시,남구,,2026-05-23 19:35:48
좋은문화병원,A1200026,UNKNOWN,Y,UNKNOWN,UNKNOWN,UNKNOWN,UNKNOWN,Y,Y,Y,Y,UNKNOWN,UNKNOWN,UNKNOWN,UNKNOWN,UNKNOWN,UNKNOWN,UNKNOWN,UNKNOWN,UNKNOWN,UNKNOWN,Y,UNKNOWN,UNKNOWN,UNKNOWN,UNKNOWN,Y,UNKNOWN,Y,,,,,부산광역시,동구,,2026-05-23 19:35:48
의료법인정화의료재단 봉생기념병원,A1200017,Y,UNKNOWN,Y,UNKNOWN,UNKNOWN,UNKNOWN,UNKNOWN,UNKNOWN,UNKNOWN,UNKNOWN,UNKNOWN,Y,UNKNOWN,UNKNOWN,Y,Y,UNKNOWN,UNKNOWN,Y,UNKNOWN,Y,Y,Y,UNKNOWN,UNKNOWN,N,N,Y,,,,,부산광역시,동구,,2026-05-23 19:35:48
동래봉생병원,A1200011,Y,UNKNOWN,UNKNOWN,UNKNOWN,UNKNOWN,UNKNOWN,UNKNOWN,UNKNOWN,UNKNOWN,UNKNOWN,UNKNOWN,Y,UNKNOWN,UNKNOWN,Y,UNKNOWN,UNKNOWN,UNKNOWN,UNKNOWN,UNKNOWN,Y,Y,Y,UNKNOWN,UNKNOWN,UNKNOWN,UNKNOWN,Y,,,,,부산광역시,동래구,,2026-05-23 19:35:48
대동병원,A1200018,Y,UNKNOWN,UNKNOWN,UNKNOWN,UNKNOWN,UNKNOWN,UNKNOWN,UNKNOWN,UNKNOWN,Y,UNKNOWN,Y,UNKNOWN,UNKNOWN,UNKNOWN,UNKNOWN,UNKNOWN,UNKNOWN,UNKNOWN,UNKNOWN,Y,Y,Y,UNKNOWN,UNKNOWN,Y,Y,Y,,,,,부산광역시,동래구,,2026-05-23 19:35:48
의료법인 광혜의료재단 광혜병원,A1200009,UNKNOWN,UNKNOWN,UNKNOWN,UNKNOWN,UNKNOWN,UNKNOWN,UNKNOWN,UNKNOWN,UNKNOWN,UNKNOWN,UNKNOWN,UNKNOWN,UNKNOWN,UNKNOWN,UNKNOWN,UNKNOWN,UNKNOWN,UNKNOWN,UNKNOWN,UNKNOWN,Y,UNKNOWN,UNKNOWN,UNKNOWN,UNKNOWN,Y,UNKNOWN,UNKNOWN,,,,,부산광역시,동래구,,2026-05-23 19:35:48
의료법인 온그룹의료재단 온병원,A1200020,Y,UNKNOWN,UNKNOWN,UNKNOWN,UNKNOWN,UNKNOWN,UNKNOWN,UNKNOWN,UNKNOWN,UNKNOWN,UNKNOWN,Y,UNKNOWN,UNKNOWN,UNKNOWN,UNKNOWN,UNKNOWN,UNKNOWN,UNKNOWN,UNKNOWN,Y,Y,Y,UNKNOWN,UNKNOWN,Y,Y,Y,,,,,부산광역시,부산진구,,2026-05-23 19:35:48
인제대학교부산백병원,A1200001,Y,Y,Y,Y,UNKNOWN,UNKNOWN,Y,Y,Y,Y,UNKNOWN,Y,UNKNOWN,UNKNOWN,UNKNOWN,Y,UNKNOWN,Y,Y,UNKNOWN,Y,Y,Y,Y,Y,Y,Y,Y,,,,,부산광역시,부산진구,,2026-05-23 19:35:48
학교법인)동의병원,A1200019,Y,UNKNOWN,Y,UNKNOWN,UNKNOWN,UNKNOWN,UNKNOWN,UNKNOWN,UNKNOWN,UNKNOWN,UNKNOWN,Y,UNKNOWN,UNKNOWN,Y,UNKNOWN,UNKNOWN,UNKNOWN,UNKNOWN,UNKNOWN,Y,Y,Y,UNKNOWN,UNKNOWN,Y,UNKNOWN,Y,,,,,부산광역시,부산진구,,2026-05-23 19:35:48
학교법인 춘해병원,A1200025,UNKNOWN,UNKNOWN,UNKNOWN,UNKNOWN,UNKNOWN,UNKNOWN,UNKNOWN,UNKNOWN,UNKNOWN,UNKNOWN,UNKNOWN,UNKNOWN,Y,UNKNOWN,UNKNOWN,UNKNOWN,UNKNOWN,UNKNOWN,UNKNOWN,UNKNOWN,Y,UNKNOWN,UNKNOWN,UNKNOWN,UNKNOWN,UNKNOWN,UNKNOWN,UNKNOWN,,,,,부산광역시,부산진구,,2026-05-23 19:35:48
구포성심병원,A1200045,N,UNKNOWN,UNKNOWN,UNKNOWN,UNKNOWN,UNKNOWN,UNKNOWN,UNKNOWN,UNKNOWN,UNKNOWN,UNKNOWN,UNKNOWN,UNKNOWN,UNKNOWN,Y,UNKNOWN,UNKNOWN,UNKNOWN,UNKNOWN,UNKNOWN,Y,UNKNOWN,Y,UNKNOWN,UNKNOWN,Y,UNKNOWN,Y,,,,,부산광역시,북구,,2026-05-23 19:35:48
의료법인 인당의료재단 부민병원,A1200006,UNKNOWN,UNKNOWN,UNKNOWN,UNKNOWN,UNKNOWN,UNKNOWN,UNKNOWN,UNKNOWN,UNKNOWN,UNKNOWN,UNKNOWN,Y,UNKNOWN,UNKNOWN,Y,Y,UNKNOWN,UNKNOWN,UNKNOWN,UNKNOWN,Y,Y,Y,UNKNOWN,UNKNOWN,Y,Y,Y,,,,,부산광역시,북구,,2026-05-23 19:35:48
의료법인 은성의료재단 좋은삼선병원,A1200005,Y,UNKNOWN,UNKNOWN,UNKNOWN,UNKNOWN,UNKNOWN,UNKNOWN,UNKNOWN,UNKNOWN,Y,UNKNOWN,Y,UNKNOWN,UNKNOWN,Y,UNKNOWN,UNKNOWN,UNKNOWN,UNKNOWN,UNKNOWN,Y,Y,Y,UNKNOWN,UNKNOWN,Y,UNKNOWN,Y,,,,,부산광역시,사상구,,2026-05-23 19:35:48
한국보훈복지의료공단 부산보훈병원,A1200016,N,UNKNOWN,Y,UNKNOWN,Y,UNKNOWN,UNKNOWN,UNKNOWN,UNKNOWN,UNKNOWN,UNKNOWN,UNKNOWN,UNKNOWN,UNKNOWN,UNKNOWN,UNKNOWN,UNKNOWN,UNKNOWN,UNKNOWN,UNKNOWN,Y,UNKNOWN,UNKNOWN,UNKNOWN,UNKNOWN,UNKNOWN,UNKNOWN,UNKNOWN,,,,,부산광역시,사상구,,2026-05-23 19:35:48
고신대학교복음병원,A1200004,Y,UNKNOWN,UNKNOWN,UNKNOWN,UNKNOWN,UNKNOWN,Y,Y,Y,Y,UNKNOWN,Y,UNKNOWN,UNKNOWN,UNKNOWN,UNKNOWN,UNKNOWN,UNKNOWN,Y,UNKNOWN,Y,Y,Y,Y,Y,Y,Y,Y,,,,,부산광역시,서구,,2026-05-23 19:35:48
부산대학교병원,A1200002,Y,Y,Y,UNKNOWN,Y,UNKNOWN,Y,Y,Y,Y,UNKNOWN,Y,Y,Y,Y,Y,Y,Y,Y,UNKNOWN,Y,Y,Y,Y,Y,Y,Y,Y,,,,,부산광역시,서구,,2026-05-23 19:35:48
동아대학교병원,A1200003,Y,N,Y,UNKNOWN,N,UNKNOWN,Y,Y,Y,Y,UNKNOWN,Y,Y,Y,Y,Y,Y,Y,N,N,Y,N,N,N,N,N,Y,N,,,,,부산광역시,서구,,2026-05-23 19:35:48
삼육부산병원,A1200021,N,Y,Y,UNKNOWN,UNKNOWN,UNKNOWN,UNKNOWN,Y,Y,Y,UNKNOWN,N,UNKNOWN,UNKNOWN,UNKNOWN,Y,UNKNOWN,UNKNOWN,UNKNOWN,UNKNOWN,Y,Y,Y,N,N,Y,Y,Y,,,,,부산광역시,서구,,2026-05-23 19:35:48
의료법인 은성의료재단 좋은강안병원,A1200008,Y,UNKNOWN,Y,UNKNOWN,UNKNOWN,UNKNOWN,UNKNOWN,UNKNOWN,UNKNOWN,UNKNOWN,UNKNOWN,Y,UNKNOWN,Y,Y,Y,UNKNOWN,UNKNOWN,UNKNOWN,UNKNOWN,Y,Y,Y,UNKNOWN,UNKNOWN,Y,Y,Y,,,,,부산광역시,수영구,,2026-05-23 19:35:48
비에이치에스한서병원,A1200007,Y,UNKNOWN,UNKNOWN,UNKNOWN,UNKNOWN,UNKNOWN,UNKNOWN,UNKNOWN,UNKNOWN,UNKNOWN,UNKNOWN,UNKNOWN,UNKNOWN,UNKNOWN,Y,Y,UNKNOWN,UNKNOWN,UNKNOWN,UNKNOWN,Y,UNKNOWN,Y,UNKNOWN,UNKNOWN,Y,Y,Y,,,,,부산광역시,수영구,,2026-05-23 19:35:48
의료법인 센텀의료재단 센텀종합병원,A1200098,N,UNKNOWN,UNKNOWN,UNKNOWN,UNKNOWN,UNKNOWN,UNKNOWN,UNKNOWN,UNKNOWN,UNKNOWN,UNKNOWN,Y,Y,Y,UNKNOWN,Y,UNKNOWN,UNKNOWN,Y,UNKNOWN,Y,Y,Y,UNKNOWN,UNKNOWN,Y,Y,Y,,,,,부산광역시,수영구,,2026-05-23 19:35:48
부산광역시의료원,A1200024,Y,UNKNOWN,N,N,N,UNKNOWN,UNKNOWN,UNKNOWN,UNKNOWN,UNKNOWN,UNKNOWN,N,UNKNOWN,UNKNOWN,N,N,UNKNOWN,UNKNOWN,UNKNOWN,UNKNOWN,Y,UNKNOWN,N,UNKNOWN,UNKNOWN,UNKNOWN,UNKNOWN,UNKNOWN,,,,,부산광역시,연제구,,2026-05-23 19:35:48
의료법인 행도의료재단 해동병원,A1200012,UNKNOWN,UNKNOWN,UNKNOWN,UNKNOWN,UNKNOWN,UNKNOWN,UNKNOWN,UNKNOWN,UNKNOWN,UNKNOWN,UNKNOWN,UNKNOWN,UNKNOWN,UNKNOWN,UNKNOWN,Y,UNKNOWN,UNKNOWN,UNKNOWN,UNKNOWN,Y,UNKNOWN,UNKNOWN,UNKNOWN,UNKNOWN,UNKNOWN,UNKNOWN,Y,,,,,부산광역시,영도구,,2026-05-23 19:35:48
영도병원,A1200014,UNKNOWN,UNKNOWN,UNKNOWN,UNKNOWN,UNKNOWN,UNKNOWN,UNKNOWN,UNKNOWN,UNKNOWN,UNKNOWN,UNKNOWN,UNKNOWN,UNKNOWN,UNKNOWN,UNKNOWN,UNKNOWN,UNKNOWN,UNKNOWN,UNKNOWN,UNKNOWN,Y,UNKNOWN,UNKNOWN,UNKNOWN,UNKNOWN,Y,UNKNOWN,Y,,,,,부산광역시,영도구,,2026-05-23 19:35:48
재단법인천주교부산교구유지재단 메리놀병원,A1200023,UNKNOWN,UNKNOWN,UNKNOWN,UNKNOWN,UNKNOWN,UNKNOWN,UNKNOWN,UNKNOWN,UNKNOWN,UNKNOWN,UNKNOWN,UNKNOWN,UNKNOWN,UNKNOWN,Y,Y,UNKNOWN,Y,UNKNOWN,UNKNOWN,Y,UNKNOWN,UNKNOWN,UNKNOWN,UNKNOWN,Y,Y,Y,,,,,부산광역시,중구,,2026-05-23 19:35:48
의료법인 인당의료재단 해운대부민병원,A1205143,Y,UNKNOWN,Y,UNKNOWN,UNKNOWN,UNKNOWN,UNKNOWN,UNKNOWN,UNKNOWN,UNKNOWN,UNKNOWN,Y,UNKNOWN,UNKNOWN,Y,UNKNOWN,UNKNOWN,UNKNOWN,UNKNOWN,UNKNOWN,Y,Y,Y,UNKNOWN,UNKNOWN,Y,Y,Y,,,,,부산광역시,해운대구,,2026-05-23 19:35:48
인제대학교 해운대백병원,A1200022,Y,Y,Y,UNKNOWN,Y,UNKNOWN,Y,Y,Y,Y,Y,Y,Y,UNKNOWN,Y,Y,UNKNOWN,Y,Y,UNKNOWN,Y,Y,Y,UNKNOWN,UNKNOWN,Y,Y,Y,,,,,부산광역시,해운대구,,2026-05-23 19:35:48
연세대학교의과대학강남세브란스병원,A1100015,Y,UNKNOWN,Y,UNKNOWN,UNKNOWN,UNKNOWN,Y,Y,Y,Y,N,Y,UNKNOWN,UNKNOWN,UNKNOWN,UNKNOWN,UNKNOWN,N,UNKNOWN,UNKNOWN,Y,Y,Y,Y,Y,Y,Y,Y,,,,,서울특별시,강남구,,2026-05-23 19:35:48
삼성서울병원,A1100010,Y,Y,Y,Y,UNKNOWN,Y,Y,Y,Y,Y,UNKNOWN,Y,UNKNOWN,UNKNOWN,Y,Y,Y,Y,Y,Y,Y,Y,Y,Y,Y,Y,Y,Y,,,,,서울특별시,강남구,,2026-05-23 19:35:48
강동경희대학교병원,A1100043,Y,UNKNOWN,Y,UNKNOWN,Y,UNKNOWN,Y,Y,Y,Y,UNKNOWN,Y,UNKNOWN,Y,Y,Y,UNKNOWN,Y,Y,UNKNOWN,Y,Y,Y,UNKNOWN,Y,Y,Y,Y,,,,,서울특별시,강동구,,2026-05-23 19:35:48
성심의료재단강동성심병원,A1100028,Y,UNKNOWN,Y,UNKNOWN,UNKNOWN,UNKNOWN,UNKNOWN,UNKNOWN,UNKNOWN,UNKNOWN,UNKNOWN,Y,Y,Y,Y,Y,UNKNOWN,Y,Y,UNKNOWN,Y,Y,Y,Y,Y,Y,Y,Y,,,,,서울특별시,강동구,,2026-05-23 19:35:48
한국보훈복지의료공단중앙보훈병원,A1100053,UNKNOWN,UNKNOWN,Y,UNKNOWN,UNKNOWN,UNKNOWN,UNKNOWN,UNKNOWN,UNKNOWN,UNKNOWN,UNKNOWN,UNKNOWN,UNKNOWN,UNKNOWN,UNKNOWN,Y,UNKNOWN,Y,UNKNOWN,UNKNOWN,Y,Y,Y,UNKNOWN,UNKNOWN,N,UNKNOWN,Y,,,,,서울특별시,강동구,,2026-05-23 19:35:48
이화여자대학교의과대학부속서울병원,A1120796,Y,Y,Y,UNKNOWN,UNKNOWN,UNKNOWN,Y,Y,Y,Y,UNKNOWN,Y,Y,UNKNOWN,Y,Y,UNKNOWN,UNKNOWN,Y,UNKNOWN,Y,Y,Y,Y,Y,Y,Y,Y,,,,,서울특별시,강서구,,2026-05-23 19:35:48
부민병원,A1100036,UNKNOWN,UNKNOWN,UNKNOWN,UNKNOWN,UNKNOWN,UNKNOWN,UNKNOWN,UNKNOWN,UNKNOWN,UNKNOWN,UNKNOWN,UNKNOWN,UNKNOWN,UNKNOWN,UNKNOWN,UNKNOWN,UNKNOWN,UNKNOWN,UNKNOWN,UNKNOWN,Y,UNKNOWN,UNKNOWN,UNKNOWN,UNKNOWN,UNKNOWN,UNKNOWN,UNKNOWN,,,,,서울특별시,강서구,,2026-05-23 19:35:48
의료법인서울효천의료재단에이치플러스양지병원,A1100041,Y,UNKNOWN,Y,UNKNOWN,UNKNOWN,UNKNOWN,UNKNOWN,UNKNOWN,UNKNOWN,Y,UNKNOWN,N,UNKNOWN,UNKNOWN,Y,Y,UNKNOWN,UNKNOWN,Y,UNKNOWN,Y,N,N,UNKNOWN,UNKNOWN,Y,Y,Y,,,,,서울특별시,관악구,,2026-05-23 19:35:48
건국대학교병원,A1100002,Y,UNKNOWN,Y,UNKNOWN,Y,UNKNOWN,Y,Y,Y,Y,UNKNOWN,UNKNOWN,UNKNOWN,UNKNOWN,Y,Y,UNKNOWN,Y,Y,UNKNOWN,Y,Y,Y,UNKNOWN,UNKNOWN,Y,Y,Y,,,,,서울특별시,광진구,,2026-05-23 19:35:48
혜민병원,A1100051,UNKNOWN,UNKNOWN,UNKNOWN,UNKNOWN,UNKNOWN,UNKNOWN,UNKNOWN,UNKNOWN,UNKNOWN,UNKNOWN,UNKNOWN,UNKNOWN,UNKNOWN,UNKNOWN,UNKNOWN,UNKNOWN,UNKNOWN,UNKNOWN,UNKNOWN,UNKNOWN,Y,UNKNOWN,N,UNKNOWN,UNKNOWN,N,UNKNOWN,UNKNOWN,,,,,서울특별시,광진구,,2026-05-23 19:35:48
구로성심병원,A1100026,UNKNOWN,Y,UNKNOWN,UNKNOWN,UNKNOWN,UNKNOWN,UNKNOWN,UNKNOWN,UNKNOWN,Y,Y,UNKNOWN,UNKNOWN,UNKNOWN,UNKNOWN,UNKNOWN,UNKNOWN,UNKNOWN,UNKNOWN,UNKNOWN,Y,UNKNOWN,UNKNOWN,UNKNOWN,UNKNOWN,Y,Y,Y,,,,,서울특별시,구로구,,2026-05-23 19:35:48
고려대학교의과대학부속구로병원,A1100014,Y,Y,Y,Y,Y,Y,Y,Y,Y,Y,UNKNOWN,Y,Y,Y,Y,Y,Y,Y,Y,Y,Y,Y,Y,Y,Y,Y,Y,Y,,,,,서울특별시,구로구,,2026-05-23 19:35:48
희명병원,A1100049,Y,UNKNOWN,UNKNOWN,UNKNOWN,UNKNOWN,UNKNOWN,UNKNOWN,UNKNOWN,UNKNOWN,UNKNOWN,UNKNOWN,UNKNOWN,Y,Y,UNKNOWN,Y,UNKNOWN,UNKNOWN,UNKNOWN,UNKNOWN,Y,UNKNOWN,UNKNOWN,UNKNOWN,UNKNOWN,Y,Y,Y,,,,,서울특별시,금천구,,2026-05-23 19:35:48
한국원자력의학원원자력병원,A1100027,UNKNOWN,UNKNOWN,UNKNOWN,UNKNOWN,UNKNOWN,UNKNOWN,UNKNOWN,UNKNOWN,UNKNOWN,UNKNOWN,UNKNOWN,UNKNOWN,UNKNOWN,UNKNOWN,UNKNOWN,UNKNOWN,UNKNOWN,UNKNOWN,UNKNOWN,UNKNOWN,Y,UNKNOWN,UNKNOWN,UNKNOWN,UNKNOWN,UNKNOWN,UNKNOWN,UNKNOWN,,,,,서울특별시,노원구,,2026-05-23 19:35:48
인제대학교상계백병원,A1100016,Y,UNKNOWN,Y,UNKNOWN,UNKNOWN,UNKNOWN,Y,N,N,UNKNOWN,UNKNOWN,Y,UNKNOWN,UNKNOWN,UNKNOWN,Y,Y,UNKNOWN,UNKNOWN,UNKNOWN,Y,Y,Y,Y,Y,Y,UNKNOWN,Y,,,,,서울특별시,노원구,,2026-05-23 19:35:48
노원을지대학교병원,A1100048,N,Y,Y,N,N,UNKNOWN,Y,Y,Y,Y,UNKNOWN,Y,Y,Y,Y,Y,UNKNOWN,UNKNOWN,Y,UNKNOWN,Y,Y,Y,UNKNOWN,UNKNOWN,Y,Y,Y,,,,,서울특별시,노원구,,2026-05-23 19:35:48
의료법인한전의료재단한일병원,A1100020,Y,UNKNOWN,UNKNOWN,UNKNOWN,UNKNOWN,UNKNOWN,UNKNOWN,UNKNOWN,UNKNOWN,UNKNOWN,Y,Y,UNKNOWN,UNKNOWN,Y,Y,UNKNOWN,UNKNOWN,N,N,Y,Y,Y,UNKNOWN,UNKNOWN,UNKNOWN,Y,Y,,,,,서울특별시,도봉구,,2026-05-23 19:35:48
경희대학교병원,A1100001,Y,UNKNOWN,Y,Y,Y,UNKNOWN,Y,N,N,Y,UNKNOWN,Y,N,N,Y,Y,Y,Y,Y,UNKNOWN,Y,Y,Y,UNKNOWN,N,Y,Y,Y,,,,,서울특별시,동대문구,,2026-05-23 19:35:48
삼육서울병원,A1100021,Y,UNKNOWN,Y,UNKNOWN,UNKNOWN,UNKNOWN,UNKNOWN,Y,Y,UNKNOWN,UNKNOWN,UNKNOWN,UNKNOWN,UNKNOWN,Y,Y,UNKNOWN,UNKNOWN,UNKNOWN,UNKNOWN,Y,UNKNOWN,UNKNOWN,UNKNOWN,UNKNOWN,UNKNOWN,UNKNOWN,Y,,,,,서울특별시,동대문구,,2026-05-23 19:35:48
서울특별시동부병원,A1100022,UNKNOWN,UNKNOWN,UNKNOWN,UNKNOWN,UNKNOWN,UNKNOWN,UNKNOWN,UNKNOWN,UNKNOWN,UNKNOWN,UNKNOWN,UNKNOWN,UNKNOWN,UNKNOWN,UNKNOWN,UNKNOWN,UNKNOWN,UNKNOWN,UNKNOWN,UNKNOWN,Y,UNKNOWN,UNKNOWN,UNKNOWN,UNKNOWN,UNKNOWN,UNKNOWN,UNKNOWN,,,,,서울특별시,동대문구,,2026-05-23 19:35:48
서울성심병원,A1100050,UNKNOWN,UNKNOWN,UNKNOWN,UNKNOWN,UNKNOWN,UNKNOWN,UNKNOWN,UNKNOWN,UNKNOWN,UNKNOWN,UNKNOWN,UNKNOWN,Y,Y,Y,UNKNOWN,UNKNOWN,UNKNOWN,UNKNOWN,UNKNOWN,Y,UNKNOWN,UNKNOWN,UNKNOWN,UNKNOWN,UNKNOWN,UNKNOWN,UNKNOWN,,,,,서울특별시,동대문구,,2026-05-23 19:35:48
서울특별시보라매병원,A1100040,Y,UNKNOWN,Y,UNKNOWN,UNKNOWN,UNKNOWN,Y,Y,Y,Y,Y,Y,Y,UNKNOWN,Y,Y,Y,Y,UNKNOWN,UNKNOWN,Y,Y,Y,Y,Y,Y,UNKNOWN,Y,,,,,서울특별시,동작구,,2026-05-23 19:35:48
중앙대학교병원,A1100003,Y,UNKNOWN,Y,UNKNOWN,UNKNOWN,UNKNOWN,Y,Y,Y,Y,UNKNOWN,Y,UNKNOWN,UNKNOWN,Y,Y,UNKNOWN,UNKNOWN,Y,UNKNOWN,Y,Y,Y,Y,Y,Y,Y,Y,,,,,서울특별시,동작구,,2026-05-23 19:35:48
연세대학교의과대학세브란스병원,A1100007,Y,Y,Y,N,Y,Y,Y,UNKNOWN,UNKNOWN,UNKNOWN,UNKNOWN,Y,N,N,Y,N,Y,N,Y,Y,Y,Y,Y,Y,Y,Y,Y,Y,,,,,서울특별시,서대문구,,2026-05-23 19:35:48
의료법인동신의료재단동신병원,A1100025,UNKNOWN,UNKNOWN,UNKNOWN,UNKNOWN,UNKNOWN,UNKNOWN,UNKNOWN,UNKNOWN,UNKNOWN,UNKNOWN,UNKNOWN,UNKNOWN,UNKNOWN,UNKNOWN,UNKNOWN,UNKNOWN,UNKNOWN,UNKNOWN,UNKNOWN,UNKNOWN,Y,UNKNOWN,UNKNOWN,UNKNOWN,UNKNOWN,UNKNOWN,UNKNOWN,UNKNOWN,,,,,서울특별시,서대문구,,2026-05-23 19:35:48
학교법인가톨릭학원가톨릭대학교서울성모병원,A1100012,Y,Y,Y,Y,Y,Y,Y,Y,Y,Y,UNKNOWN,Y,Y,Y,Y,Y,Y,Y,Y,Y,Y,Y,Y,Y,Y,Y,Y,Y,,,,,서울특별시,서초구,,2026-05-23 19:35:48
기쁨병원,A1122033,UNKNOWN,UNKNOWN,UNKNOWN,UNKNOWN,UNKNOWN,UNKNOWN,UNKNOWN,UNKNOWN,UNKNOWN,UNKNOWN,UNKNOWN,UNKNOWN,UNKNOWN,UNKNOWN,UNKNOWN,UNKNOWN,UNKNOWN,UNKNOWN,UNKNOWN,UNKNOWN,Y,UNKNOWN,UNKNOWN,UNKNOWN,UNKNOWN,UNKNOWN,UNKNOWN,UNKNOWN,,,,,서울특별시,서초구,,2026-05-23 19:35:48
한양대학교병원,A1100013,Y,Y,Y,Y,UNKNOWN,UNKNOWN,Y,Y,Y,Y,UNKNOWN,Y,Y,Y,Y,Y,Y,Y,Y,UNKNOWN,Y,Y,Y,Y,Y,Y,Y,Y,,,,,서울특별시,성동구,,2026-05-23 19:35:48
학교법인고려중앙학원고려대학교의과대학부속병원(안암병원),A1100008,Y,Y,Y,Y,UNKNOWN,UNKNOWN,Y,Y,Y,Y,UNKNOWN,Y,Y,Y,Y,Y,Y,Y,Y,Y,Y,Y,Y,Y,Y,Y,Y,Y,,,,,서울특별시,성북구,,2026-05-23 19:35:48
경찰병원,A1100039,UNKNOWN,UNKNOWN,UNKNOWN,UNKNOWN,UNKNOWN,UNKNOWN,UNKNOWN,UNKNOWN,UNKNOWN,UNKNOWN,UNKNOWN,UNKNOWN,UNKNOWN,UNKNOWN,UNKNOWN,UNKNOWN,UNKNOWN,UNKNOWN,UNKNOWN,UNKNOWN,Y,UNKNOWN,UNKNOWN,UNKNOWN,UNKNOWN,UNKNOWN,UNKNOWN,UNKNOWN,,,,,서울특별시,송파구,,2026-05-23 19:35:48
재단법인아산사회복지재단서울아산병원,A1100009,Y,Y,Y,Y,UNKNOWN,UNKNOWN,Y,Y,Y,Y,UNKNOWN,Y,UNKNOWN,UNKNOWN,Y,Y,Y,Y,Y,UNKNOWN,Y,Y,Y,UNKNOWN,Y,Y,Y,Y,,,,,서울특별시,송파구,,2026-05-23 19:35:48
홍익병원,A1100019,Y,UNKNOWN,UNKNOWN,UNKNOWN,UNKNOWN,UNKNOWN,UNKNOWN,UNKNOWN,UNKNOWN,UNKNOWN,UNKNOWN,Y,UNKNOWN,UNKNOWN,UNKNOWN,UNKNOWN,UNKNOWN,UNKNOWN,UNKNOWN,UNKNOWN,Y,Y,Y,UNKNOWN,UNKNOWN,UNKNOWN,UNKNOWN,UNKNOWN,,,,,서울특별시,양천구,,2026-05-23 19:35:48
서울특별시서남병원,A1100223,UNKNOWN,UNKNOWN,UNKNOWN,UNKNOWN,UNKNOWN,UNKNOWN,UNKNOWN,UNKNOWN,UNKNOWN,N,UNKNOWN,UNKNOWN,UNKNOWN,UNKNOWN,UNKNOWN,Y,UNKNOWN,UNKNOWN,UNKNOWN,UNKNOWN,Y,UNKNOWN,UNKNOWN,UNKNOWN,UNKNOWN,N,UNKNOWN,UNKNOWN,,,,,서울특별시,양천구,,2026-05-23 19:35:48
이화여자대학교의과대학부속목동병원,A1100005,Y,UNKNOWN,Y,UNKNOWN,Y,UNKNOWN,Y,Y,Y,Y,UNKNOWN,Y,Y,UNKNOWN,Y,Y,Y,Y,Y,UNKNOWN,Y,Y,Y,Y,Y,Y,Y,Y,,,,,서울특별시,양천구,,2026-05-23 19:35:48
가톨릭대학교여의도성모병원,A1100011,Y,UNKNOWN,UNKNOWN,UNKNOWN,UNKNOWN,UNKNOWN,UNKNOWN,UNKNOWN,UNKNOWN,Y,UNKNOWN,UNKNOWN,UNKNOWN,UNKNOWN,Y,Y,UNKNOWN,Y,Y,UNKNOWN,Y,UNKNOWN,UNKNOWN,UNKNOWN,UNKNOWN,Y,Y,Y,,,,,서울특별시,영등포구,,2026-05-23 19:35:48
명지성모병원,A1100024,Y,UNKNOWN,UNKNOWN,UNKNOWN,UNKNOWN,UNKNOWN,UNKNOWN,UNKNOWN,UNKNOWN,UNKNOWN,UNKNOWN,Y,UNKNOWN,UNKNOWN,UNKNOWN,UNKNOWN,UNKNOWN,UNKNOWN,UNKNOWN,UNKNOWN,Y,Y,Y,UNKNOWN,UNKNOWN,UNKNOWN,UNKNOWN,UNKNOWN,,,,,서울특별시,영등포구,,2026-05-23 19:35:48
대림성모병원,A1100037,UNKNOWN,UNKNOWN,UNKNOWN,UNKNOWN,UNKNOWN,UNKNOWN,UNKNOWN,UNKNOWN,UNKNOWN,UNKNOWN,UNKNOWN,UNKNOWN,UNKNOWN,UNKNOWN,UNKNOWN,UNKNOWN,UNKNOWN,UNKNOWN,UNKNOWN,UNKNOWN,Y,UNKNOWN,UNKNOWN,UNKNOWN,UNKNOWN,UNKNOWN,UNKNOWN,UNKNOWN,,,,,서울특별시,영등포구,,2026-05-23 19:35:48
한림대학교강남성심병원,A1100055,Y,UNKNOWN,Y,UNKNOWN,UNKNOWN,UNKNOWN,Y,Y,Y,Y,Y,Y,Y,Y,Y,Y,UNKNOWN,Y,Y,UNKNOWN,Y,Y,Y,UNKNOWN,UNKNOWN,Y,Y,Y,,,,,서울특별시,영등포구,,2026-05-23 19:35:48
성애의료재단성애병원,A1100054,Y,UNKNOWN,N,UNKNOWN,UNKNOWN,UNKNOWN,UNKNOWN,Y,Y,Y,UNKNOWN,UNKNOWN,UNKNOWN,UNKNOWN,N,N,UNKNOWN,UNKNOWN,UNKNOWN,UNKNOWN,Y,UNKNOWN,Y,UNKNOWN,UNKNOWN,Y,UNKNOWN,Y,,,,,서울특별시,영등포구,,2026-05-23 19:35:48
씨엠병원,A1100045,UNKNOWN,UNKNOWN,UNKNOWN,UNKNOWN,UNKNOWN,UNKNOWN,UNKNOWN,UNKNOWN,UNKNOWN,UNKNOWN,UNKNOWN,UNKNOWN,UNKNOWN,UNKNOWN,UNKNOWN,UNKNOWN,UNKNOWN,UNKNOWN,UNKNOWN,UNKNOWN,Y,UNKNOWN,UNKNOWN,UNKNOWN,UNKNOWN,UNKNOWN,UNKNOWN,UNKNOWN,,,,,서울특별시,영등포구,,2026-05-23 19:35:48
순천향대학교부속서울병원,A1100004,N,UNKNOWN,Y,Y,UNKNOWN,UNKNOWN,Y,N,N,N,UNKNOWN,Y,Y,Y,Y,Y,Y,Y,Y,Y,Y,Y,Y,N,Y,Y,Y,Y,,,,,서울특별시,용산구,,2026-05-23 19:35:48
가톨릭대학교은평성모병원,A1121013,Y,Y,Y,UNKNOWN,Y,UNKNOWN,UNKNOWN,Y,Y,Y,Y,Y,Y,Y,Y,Y,UNKNOWN,UNKNOWN,UNKNOWN,UNKNOWN,Y,Y,Y,Y,Y,Y,Y,Y,,,,,서울특별시,은평구,,2026-05-23 19:35:48
의료법인청구성심병원,A1100023,UNKNOWN,UNKNOWN,UNKNOWN,UNKNOWN,UNKNOWN,UNKNOWN,UNKNOWN,UNKNOWN,UNKNOWN,UNKNOWN,UNKNOWN,UNKNOWN,UNKNOWN,UNKNOWN,UNKNOWN,UNKNOWN,UNKNOWN,UNKNOWN,UNKNOWN,UNKNOWN,Y,UNKNOWN,UNKNOWN,UNKNOWN,UNKNOWN,UNKNOWN,UNKNOWN,UNKNOWN,,,,,서울특별시,은평구,,2026-05-23 19:35:48
서울대학교병원,A1100017,Y,Y,Y,Y,Y,Y,Y,Y,Y,Y,UNKNOWN,Y,Y,Y,Y,Y,Y,N,Y,Y,Y,N,N,Y,Y,Y,Y,Y,,,,,서울특별시,종로구,,2026-05-23 19:35:48
강북삼성병원,A1100006,Y,UNKNOWN,Y,Y,UNKNOWN,UNKNOWN,Y,Y,Y,Y,UNKNOWN,Y,UNKNOWN,UNKNOWN,Y,Y,UNKNOWN,UNKNOWN,Y,UNKNOWN,Y,Y,Y,Y,Y,Y,Y,Y,,,,,서울특별시,종로구,,2026-05-23 19:35:48
서울적십자병원,A1100029,UNKNOWN,UNKNOWN,UNKNOWN,UNKNOWN,UNKNOWN,UNKNOWN,UNKNOWN,UNKNOWN,UNKNOWN,UNKNOWN,UNKNOWN,UNKNOWN,UNKNOWN,UNKNOWN,UNKNOWN,UNKNOWN,UNKNOWN,UNKNOWN,UNKNOWN,UNKNOWN,Y,UNKNOWN,UNKNOWN,UNKNOWN,UNKNOWN,UNKNOWN,UNKNOWN,UNKNOWN,,,,,서울특별시,종로구,,2026-05-23 19:35:48
세란병원,A1100032,UNKNOWN,UNKNOWN,UNKNOWN,UNKNOWN,UNKNOWN,UNKNOWN,UNKNOWN,UNKNOWN,UNKNOWN,UNKNOWN,UNKNOWN,UNKNOWN,UNKNOWN,UNKNOWN,UNKNOWN,UNKNOWN,UNKNOWN,UNKNOWN,UNKNOWN,UNKNOWN,Y,UNKNOWN,UNKNOWN,UNKNOWN,UNKNOWN,UNKNOWN,UNKNOWN,UNKNOWN,,,,,서울특별시,종로구,,2026-05-23 19:35:48
국립중앙의료원,A1100052,Y,UNKNOWN,UNKNOWN,UNKNOWN,UNKNOWN,UNKNOWN,UNKNOWN,UNKNOWN,UNKNOWN,Y,UNKNOWN,UNKNOWN,UNKNOWN,UNKNOWN,Y,Y,UNKNOWN,UNKNOWN,Y,UNKNOWN,Y,UNKNOWN,N,UNKNOWN,UNKNOWN,UNKNOWN,Y,UNKNOWN,,,,,서울특별시,중구,,2026-05-23 19:35:48
의료법인풍산의료재단동부제일병원,A1100075,UNKNOWN,UNKNOWN,UNKNOWN,UNKNOWN,UNKNOWN,UNKNOWN,UNKNOWN,UNKNOWN,UNKNOWN,UNKNOWN,UNKNOWN,UNKNOWN,UNKNOWN,UNKNOWN,UNKNOWN,UNKNOWN,UNKNOWN,UNKNOWN,UNKNOWN,UNKNOWN,Y,UNKNOWN,UNKNOWN,UNKNOWN,UNKNOWN,UNKNOWN,UNKNOWN,UNKNOWN,,,,,서울특별시,중랑구,,2026-05-23 19:35:48
녹색병원,A1100044,UNKNOWN,UNKNOWN,Y,UNKNOWN,UNKNOWN,UNKNOWN,UNKNOWN,UNKNOWN,UNKNOWN,UNKNOWN,UNKNOWN,UNKNOWN,UNKNOWN,UNKNOWN,Y,Y,UNKNOWN,UNKNOWN,UNKNOWN,UNKNOWN,Y,UNKNOWN,Y,UNKNOWN,UNKNOWN,Y,UNKNOWN,Y,,,,,서울특별시,중랑구,,2026-05-23 19:35:48
서울특별시서울의료원,A1100035,Y,UNKNOWN,Y,UNKNOWN,Y,UNKNOWN,Y,Y,Y,Y,Y,Y,UNKNOWN,UNKNOWN,Y,Y,Y,UNKNOWN,Y,UNKNOWN,Y,Y,Y,UNKNOWN,UNKNOWN,Y,Y,Y,,,,,서울특별시,중랑구,,2026-05-23 19:35:48
세종충남대학교병원,A1800441,UNKNOWN,UNKNOWN,Y,UNKNOWN,UNKNOWN,UNKNOWN,Y,Y,Y,Y,UNKNOWN,UNKNOWN,UNKNOWN,UNKNOWN,Y,Y,UNKNOWN,UNKNOWN,UNKNOWN,UNKNOWN,Y,UNKNOWN,UNKNOWN,UNKNOWN,Y,Y,Y,Y,,,,,세종특별자치시,보듬7로,,2026-05-23 19:35:48
의료법인 영제 의료재단 엔케이세종병원,A1800417,UNKNOWN,UNKNOWN,UNKNOWN,UNKNOWN,UNKNOWN,UNKNOWN,UNKNOWN,UNKNOWN,UNKNOWN,UNKNOWN,UNKNOWN,UNKNOWN,UNKNOWN,UNKNOWN,UNKNOWN,UNKNOWN,UNKNOWN,UNKNOWN,UNKNOWN,UNKNOWN,Y,UNKNOWN,UNKNOWN,UNKNOWN,UNKNOWN,UNKNOWN,UNKNOWN,UNKNOWN,,,,,세종특별자치시,한누리대로,,2026-05-23 19:35:48
의료법인정안의료재단중앙병원,A1700028,Y,UNKNOWN,Y,UNKNOWN,UNKNOWN,UNKNOWN,UNKNOWN,UNKNOWN,UNKNOWN,UNKNOWN,UNKNOWN,Y,UNKNOWN,UNKNOWN,UNKNOWN,UNKNOWN,UNKNOWN,UNKNOWN,UNKNOWN,UNKNOWN,Y,Y,Y,UNKNOWN,UNKNOWN,Y,UNKNOWN,Y,,,,,울산광역시,남구,,2026-05-23 19:35:48
의료법인은성의료재단좋은삼정병원,A1700011,Y,UNKNOWN,UNKNOWN,UNKNOWN,UNKNOWN,UNKNOWN,UNKNOWN,UNKNOWN,UNKNOWN,UNKNOWN,Y,UNKNOWN,UNKNOWN,UNKNOWN,Y,UNKNOWN,UNKNOWN,UNKNOWN,UNKNOWN,UNKNOWN,Y,UNKNOWN,UNKNOWN,UNKNOWN,UNKNOWN,Y,UNKNOWN,Y,,,,,울산광역시,남구,,2026-05-23 19:35:48
울산병원,A1700003,Y,Y,Y,UNKNOWN,Y,UNKNOWN,UNKNOWN,UNKNOWN,UNKNOWN,Y,UNKNOWN,Y,UNKNOWN,UNKNOWN,Y,Y,UNKNOWN,UNKNOWN,Y,UNKNOWN,Y,Y,Y,UNKNOWN,UNKNOWN,Y,Y,Y,,,,,울산광역시,남구,,2026-05-23 19:35:48
학교법인울산공업학원울산대학교병원,A1700004,Y,Y,UNKNOWN,UNKNOWN,Y,UNKNOWN,Y,Y,Y,Y,UNKNOWN,Y,UNKNOWN,UNKNOWN,Y,Y,Y,N,Y,Y,Y,Y,Y,Y,Y,Y,Y,Y,,,,,울산광역시,동구,,2026-05-23 19:35:48
의료법인송은의료재단울산시티병원,A1700025,Y,UNKNOWN,UNKNOWN,UNKNOWN,UNKNOWN,UNKNOWN,UNKNOWN,UNKNOWN,UNKNOWN,UNKNOWN,UNKNOWN,Y,Y,UNKNOWN,UNKNOWN,Y,UNKNOWN,UNKNOWN,UNKNOWN,UNKNOWN,Y,Y,Y,UNKNOWN,UNKNOWN,Y,UNKNOWN,Y,,,,,울산광역시,북구,,2026-05-23 19:35:48
서울산보람병원,A1700001,UNKNOWN,UNKNOWN,UNKNOWN,UNKNOWN,UNKNOWN,UNKNOWN,UNKNOWN,UNKNOWN,UNKNOWN,UNKNOWN,UNKNOWN,UNKNOWN,UNKNOWN,UNKNOWN,UNKNOWN,UNKNOWN,UNKNOWN,UNKNOWN,UNKNOWN,UNKNOWN,Y,UNKNOWN,Y,UNKNOWN,UNKNOWN,UNKNOWN,UNKNOWN,UNKNOWN,,,,,울산광역시,울주군,,2026-05-23 19:35:48
의료법인동강의료재단동강병원,A1700002,Y,Y,UNKNOWN,UNKNOWN,UNKNOWN,UNKNOWN,UNKNOWN,UNKNOWN,UNKNOWN,Y,Y,Y,UNKNOWN,UNKNOWN,Y,Y,UNKNOWN,UNKNOWN,Y,UNKNOWN,Y,Y,Y,Y,Y,Y,Y,Y,,,,,울산광역시,중구,,2026-05-23 19:35:48
비에스종합병원,A1403617,UNKNOWN,UNKNOWN,UNKNOWN,UNKNOWN,UNKNOWN,UNKNOWN,UNKNOWN,UNKNOWN,UNKNOWN,UNKNOWN,UNKNOWN,UNKNOWN,UNKNOWN,UNKNOWN,UNKNOWN,UNKNOWN,UNKNOWN,UNKNOWN,UNKNOWN,UNKNOWN,Y,UNKNOWN,Y,UNKNOWN,UNKNOWN,UNKNOWN,UNKNOWN,UNKNOWN,,,,,인천광역시,강화군,,2026-05-23 19:35:48
인천세종병원,A1403372,Y,UNKNOWN,Y,UNKNOWN,UNKNOWN,UNKNOWN,UNKNOWN,UNKNOWN,UNKNOWN,Y,UNKNOWN,Y,UNKNOWN,Y,UNKNOWN,Y,UNKNOWN,UNKNOWN,UNKNOWN,UNKNOWN,Y,Y,Y,Y,Y,Y,Y,Y,,,,,인천광역시,계양구,,2026-05-23 19:35:48
의료법인인성의료재단한림병원,A1400014,Y,UNKNOWN,Y,UNKNOWN,Y,UNKNOWN,UNKNOWN,UNKNOWN,UNKNOWN,Y,UNKNOWN,Y,Y,Y,Y,Y,UNKNOWN,UNKNOWN,Y,UNKNOWN,Y,Y,Y,UNKNOWN,UNKNOWN,Y,Y,Y,,,,,인천광역시,계양구,,2026-05-23 19:35:48
의료법인 길의료재단 길병원,A1400001,Y,Y,Y,Y,Y,UNKNOWN,Y,Y,Y,Y,UNKNOWN,Y,UNKNOWN,Y,Y,Y,Y,Y,Y,Y,Y,Y,Y,UNKNOWN,Y,Y,Y,Y,,,,,인천광역시,동구,,2026-05-23 19:35:48
인천힘찬종합병원,A1403871,UNKNOWN,UNKNOWN,UNKNOWN,UNKNOWN,UNKNOWN,UNKNOWN,UNKNOWN,UNKNOWN,UNKNOWN,UNKNOWN,UNKNOWN,UNKNOWN,UNKNOWN,UNKNOWN,UNKNOWN,UNKNOWN,UNKNOWN,UNKNOWN,UNKNOWN,UNKNOWN,Y,UNKNOWN,UNKNOWN,UNKNOWN,UNKNOWN,UNKNOWN,UNKNOWN,UNKNOWN,,,,,인천광역시,동구,,2026-05-23 19:35:48
인천광역시의료원,A1400017,UNKNOWN,UNKNOWN,Y,UNKNOWN,Y,UNKNOWN,UNKNOWN,UNKNOWN,UNKNOWN,Y,UNKNOWN,UNKNOWN,Y,UNKNOWN,Y,Y,Y,UNKNOWN,UNKNOWN,UNKNOWN,Y,UNKNOWN,Y,UNKNOWN,UNKNOWN,Y,Y,Y,,,,,인천광역시,동구,,2026-05-23 19:35:48
의료법인 성수의료재단 인천백병원,A1400007,UNKNOWN,UNKNOWN,Y,UNKNOWN,UNKNOWN,UNKNOWN,UNKNOWN,UNKNOWN,UNKNOWN,UNKNOWN,Y,UNKNOWN,Y,UNKNOWN,UNKNOWN,Y,UNKNOWN,UNKNOWN,UNKNOWN,UNKNOWN,Y,Y,Y,UNKNOWN,UNKNOWN,Y,Y,Y,,,,,인천광역시,동구,,2026-05-23 19:35:48
현대유비스병원,A1400004,UNKNOWN,UNKNOWN,Y,UNKNOWN,UNKNOWN,UNKNOWN,UNKNOWN,UNKNOWN,UNKNOWN,UNKNOWN,Y,UNKNOWN,UNKNOWN,UNKNOWN,Y,Y,UNKNOWN,UNKNOWN,UNKNOWN,UNKNOWN,Y,UNKNOWN,UNKNOWN,UNKNOWN,UNKNOWN,Y,Y,Y,,,,,인천광역시,미추홀구,,2026-05-23 19:35:48
인천사랑병원,A1400016,Y,UNKNOWN,Y,UNKNOWN,UNKNOWN,UNKNOWN,UNKNOWN,UNKNOWN,UNKNOWN,UNKNOWN,UNKNOWN,Y,UNKNOWN,Y,UNKNOWN,Y,UNKNOWN,UNKNOWN,UNKNOWN,UNKNOWN,Y,Y,Y,UNKNOWN,UNKNOWN,Y,Y,Y,,,,,인천광역시,미추홀구,,2026-05-23 19:35:48
가톨릭대학교 인천성모병원,A1400012,Y,Y,Y,Y,Y,Y,Y,Y,Y,Y,Y,Y,Y,Y,Y,Y,UNKNOWN,Y,Y,Y,Y,Y,Y,Y,Y,Y,Y,Y,,,,,인천광역시,부평구,,2026-05-23 19:35:48
안은의료재단 부평세림병원,A1400013,Y,UNKNOWN,Y,UNKNOWN,Y,UNKNOWN,UNKNOWN,UNKNOWN,UNKNOWN,UNKNOWN,UNKNOWN,Y,Y,UNKNOWN,UNKNOWN,UNKNOWN,UNKNOWN,UNKNOWN,Y,UNKNOWN,Y,Y,Y,UNKNOWN,UNKNOWN,Y,Y,Y,,,,,인천광역시,부평구,,2026-05-23 19:35:48
가톨릭관동대학교국제성모병원,A1400015,Y,UNKNOWN,UNKNOWN,UNKNOWN,Y,UNKNOWN,UNKNOWN,Y,Y,Y,UNKNOWN,Y,Y,Y,Y,Y,UNKNOWN,UNKNOWN,Y,UNKNOWN,Y,Y,Y,Y,Y,UNKNOWN,UNKNOWN,Y,,,,,인천광역시,서구,,2026-05-23 19:35:48
온누리병원,A1400005,UNKNOWN,UNKNOWN,Y,UNKNOWN,UNKNOWN,UNKNOWN,UNKNOWN,UNKNOWN,UNKNOWN,UNKNOWN,Y,UNKNOWN,Y,Y,Y,UNKNOWN,UNKNOWN,UNKNOWN,UNKNOWN,UNKNOWN,Y,Y,Y,UNKNOWN,UNKNOWN,UNKNOWN,UNKNOWN,Y,,,,,인천광역시,서구,,2026-05-23 19:35:48
의료법인 루가의료재단 나은병원,A1400003,Y,Y,Y,UNKNOWN,Y,UNKNOWN,UNKNOWN,UNKNOWN,UNKNOWN,Y,UNKNOWN,Y,Y,UNKNOWN,Y,Y,UNKNOWN,Y,Y,UNKNOWN,Y,Y,Y,UNKNOWN,UNKNOWN,Y,Y,Y,,,,,인천광역시,서구,,2026-05-23 19:35:48
검단탑병원,A1400010,Y,UNKNOWN,Y,UNKNOWN,UNKNOWN,UNKNOWN,UNKNOWN,UNKNOWN,UNKNOWN,UNKNOWN,UNKNOWN,Y,Y,Y,Y,Y,UNKNOWN,UNKNOWN,UNKNOWN,UNKNOWN,Y,Y,Y,UNKNOWN,UNKNOWN,Y,Y,Y,,,,,인천광역시,서구,,2026-05-23 19:35:48
(의)성세의료재단 뉴성민병원,A1400008,Y,UNKNOWN,UNKNOWN,UNKNOWN,UNKNOWN,UNKNOWN,UNKNOWN,UNKNOWN,UNKNOWN,UNKNOWN,UNKNOWN,Y,UNKNOWN,UNKNOWN,UNKNOWN,Y,UNKNOWN,UNKNOWN,UNKNOWN,UNKNOWN,Y,UNKNOWN,UNKNOWN,UNKNOWN,UNKNOWN,UNKNOWN,UNKNOWN,UNKNOWN,,,,,인천광역시,서구,,2026-05-23 19:35:48
의료법인 나사렛의료재단 나사렛국제병원,A1400011,Y,UNKNOWN,Y,UNKNOWN,Y,UNKNOWN,UNKNOWN,UNKNOWN,UNKNOWN,Y,UNKNOWN,Y,Y,Y,Y,Y,UNKNOWN,UNKNOWN,Y,UNKNOWN,Y,Y,Y,UNKNOWN,UNKNOWN,Y,Y,Y,,,,,인천광역시,연수구,,2026-05-23 19:35:48
인천적십자병원,A1400018,UNKNOWN,UNKNOWN,UNKNOWN,UNKNOWN,UNKNOWN,UNKNOWN,UNKNOWN,UNKNOWN,UNKNOWN,UNKNOWN,UNKNOWN,UNKNOWN,UNKNOWN,UNKNOWN,UNKNOWN,UNKNOWN,UNKNOWN,UNKNOWN,UNKNOWN,UNKNOWN,Y,UNKNOWN,UNKNOWN,UNKNOWN,UNKNOWN,UNKNOWN,UNKNOWN,UNKNOWN,,,,,인천광역시,연수구,,2026-05-23 19:35:48
인천광역시의료원백령병원,A1400037,UNKNOWN,UNKNOWN,UNKNOWN,UNKNOWN,UNKNOWN,UNKNOWN,UNKNOWN,UNKNOWN,UNKNOWN,UNKNOWN,UNKNOWN,UNKNOWN,UNKNOWN,UNKNOWN,UNKNOWN,UNKNOWN,UNKNOWN,UNKNOWN,UNKNOWN,UNKNOWN,Y,UNKNOWN,UNKNOWN,UNKNOWN,UNKNOWN,UNKNOWN,UNKNOWN,UNKNOWN,,,,,인천광역시,옹진군,,2026-05-23 19:35:48
인천기독병원,A1400009,UNKNOWN,UNKNOWN,Y,UNKNOWN,Y,Y,UNKNOWN,UNKNOWN,UNKNOWN,UNKNOWN,UNKNOWN,Y,UNKNOWN,UNKNOWN,Y,Y,UNKNOWN,UNKNOWN,UNKNOWN,UNKNOWN,Y,Y,Y,UNKNOWN,UNKNOWN,UNKNOWN,UNKNOWN,UNKNOWN,,,,,인천광역시,중구,,2026-05-23 19:35:48
인하대학교의과대학부속병원,A1400002,Y,Y,Y,Y,Y,Y,Y,Y,Y,Y,UNKNOWN,Y,Y,Y,Y,Y,Y,Y,Y,UNKNOWN,Y,Y,Y,Y,Y,Y,Y,Y,,,,,인천광역시,중구,,2026-05-23 19:35:48
전라남도강진의료원,A2600050,UNKNOWN,UNKNOWN,UNKNOWN,UNKNOWN,UNKNOWN,UNKNOWN,UNKNOWN,UNKNOWN,UNKNOWN,UNKNOWN,UNKNOWN,UNKNOWN,UNKNOWN,UNKNOWN,UNKNOWN,UNKNOWN,UNKNOWN,UNKNOWN,UNKNOWN,UNKNOWN,Y,UNKNOWN,UNKNOWN,UNKNOWN,UNKNOWN,UNKNOWN,UNKNOWN,UNKNOWN,,,,,전라남도,강진군,,2026-05-23 19:35:48
의료법인영성의료재단고흥종합병원,A2600018,UNKNOWN,UNKNOWN,UNKNOWN,UNKNOWN,UNKNOWN,UNKNOWN,UNKNOWN,Y,UNKNOWN,UNKNOWN,UNKNOWN,UNKNOWN,UNKNOWN,UNKNOWN,UNKNOWN,UNKNOWN,UNKNOWN,UNKNOWN,UNKNOWN,UNKNOWN,Y,UNKNOWN,UNKNOWN,UNKNOWN,UNKNOWN,UNKNOWN,UNKNOWN,Y,,,,,전라남도,고흥군,,2026-05-23 19:35:48
의료법인장호의료재단녹동현대병원,A2600068,UNKNOWN,UNKNOWN,UNKNOWN,UNKNOWN,UNKNOWN,UNKNOWN,UNKNOWN,UNKNOWN,UNKNOWN,UNKNOWN,UNKNOWN,UNKNOWN,UNKNOWN,UNKNOWN,UNKNOWN,UNKNOWN,UNKNOWN,UNKNOWN,UNKNOWN,UNKNOWN,Y,UNKNOWN,UNKNOWN,UNKNOWN,UNKNOWN,UNKNOWN,UNKNOWN,UNKNOWN,,,,,전라남도,고흥군,,2026-05-23 19:35:48
곡성사랑병원,A2600029,UNKNOWN,UNKNOWN,UNKNOWN,UNKNOWN,UNKNOWN,UNKNOWN,UNKNOWN,UNKNOWN,UNKNOWN,UNKNOWN,UNKNOWN,UNKNOWN,UNKNOWN,UNKNOWN,UNKNOWN,UNKNOWN,UNKNOWN,UNKNOWN,UNKNOWN,UNKNOWN,Y,UNKNOWN,UNKNOWN,UNKNOWN,UNKNOWN,UNKNOWN,UNKNOWN,UNKNOWN,,,,,전라남도,곡성군,,2026-05-23 19:35:48
광양사랑병원,A2600006,UNKNOWN,UNKNOWN,Y,UNKNOWN,UNKNOWN,UNKNOWN,UNKNOWN,UNKNOWN,UNKNOWN,UNKNOWN,Y,UNKNOWN,UNKNOWN,UNKNOWN,Y,UNKNOWN,UNKNOWN,UNKNOWN,UNKNOWN,UNKNOWN,Y,UNKNOWN,UNKNOWN,UNKNOWN,UNKNOWN,UNKNOWN,UNKNOWN,Y,,,,,전라남도,광양시,,2026-05-23 19:35:48
의료법인현경의료재단광양서울병원,A2600024,UNKNOWN,UNKNOWN,UNKNOWN,UNKNOWN,UNKNOWN,UNKNOWN,UNKNOWN,UNKNOWN,UNKNOWN,UNKNOWN,UNKNOWN,UNKNOWN,UNKNOWN,UNKNOWN,UNKNOWN,UNKNOWN,UNKNOWN,UNKNOWN,UNKNOWN,UNKNOWN,Y,UNKNOWN,UNKNOWN,UNKNOWN,UNKNOWN,UNKNOWN,UNKNOWN,UNKNOWN,,,,,전라남도,광양시,,2026-05-23 19:35:48
구례병원,A2600061,UNKNOWN,UNKNOWN,UNKNOWN,UNKNOWN,UNKNOWN,UNKNOWN,UNKNOWN,UNKNOWN,UNKNOWN,UNKNOWN,UNKNOWN,UNKNOWN,UNKNOWN,UNKNOWN,UNKNOWN,UNKNOWN,UNKNOWN,UNKNOWN,UNKNOWN,UNKNOWN,Y,UNKNOWN,UNKNOWN,UNKNOWN,UNKNOWN,UNKNOWN,UNKNOWN,UNKNOWN,,,,,전라남도,구례군,,2026-05-23 19:35:48
나주종합병원,A2600016,UNKNOWN,UNKNOWN,UNKNOWN,UNKNOWN,UNKNOWN,UNKNOWN,UNKNOWN,UNKNOWN,UNKNOWN,UNKNOWN,UNKNOWN,UNKNOWN,UNKNOWN,UNKNOWN,UNKNOWN,UNKNOWN,UNKNOWN,UNKNOWN,UNKNOWN,UNKNOWN,Y,UNKNOWN,UNKNOWN,UNKNOWN,UNKNOWN,Y,UNKNOWN,Y,,,,,전라남도,나주시,,2026-05-23 19:35:48
빛가람종합병원,A2602211,UNKNOWN,UNKNOWN,UNKNOWN,UNKNOWN,UNKNOWN,UNKNOWN,UNKNOWN,UNKNOWN,UNKNOWN,UNKNOWN,UNKNOWN,UNKNOWN,UNKNOWN,UNKNOWN,UNKNOWN,UNKNOWN,UNKNOWN,UNKNOWN,UNKNOWN,UNKNOWN,Y,UNKNOWN,UNKNOWN,UNKNOWN,UNKNOWN,UNKNOWN,UNKNOWN,UNKNOWN,,,,,전라남도,나주시,,2026-05-23 19:35:48
담양사랑병원,A2600054,UNKNOWN,UNKNOWN,UNKNOWN,UNKNOWN,UNKNOWN,UNKNOWN,UNKNOWN,UNKNOWN,UNKNOWN,UNKNOWN,UNKNOWN,UNKNOWN,UNKNOWN,UNKNOWN,UNKNOWN,UNKNOWN,UNKNOWN,UNKNOWN,UNKNOWN,UNKNOWN,Y,UNKNOWN,UNKNOWN,UNKNOWN,UNKNOWN,UNKNOWN,UNKNOWN,UNKNOWN,,,,,전라남도,담양군,,2026-05-23 19:35:48
의료법인해민의료재단 세안종합병원,A2600007,UNKNOWN,UNKNOWN,UNKNOWN,UNKNOWN,UNKNOWN,UNKNOWN,UNKNOWN,UNKNOWN,UNKNOWN,UNKNOWN,UNKNOWN,UNKNOWN,UNKNOWN,UNKNOWN,UNKNOWN,UNKNOWN,UNKNOWN,UNKNOWN,UNKNOWN,UNKNOWN,Y,UNKNOWN,UNKNOWN,UNKNOWN,UNKNOWN,UNKNOWN,UNKNOWN,UNKNOWN,,,,,전라남도,목포시,,2026-05-23 19:35:48
목포기독병원,A2600020,UNKNOWN,UNKNOWN,N,N,UNKNOWN,UNKNOWN,UNKNOWN,UNKNOWN,UNKNOWN,Y,Y,UNKNOWN,UNKNOWN,UNKNOWN,N,N,UNKNOWN,UNKNOWN,UNKNOWN,UNKNOWN,Y,UNKNOWN,Y,UNKNOWN,UNKNOWN,Y,UNKNOWN,UNKNOWN,,,,,전라남도,목포시,,2026-05-23 19:35:48
목포한국병원,A2600011,Y,Y,Y,Y,UNKNOWN,UNKNOWN,UNKNOWN,UNKNOWN,UNKNOWN,UNKNOWN,UNKNOWN,UNKNOWN,UNKNOWN,UNKNOWN,Y,Y,UNKNOWN,UNKNOWN,Y,Y,Y,UNKNOWN,Y,UNKNOWN,UNKNOWN,Y,Y,Y,,,,,전라남도,목포시,,2026-05-23 19:35:48
의료법인목포구암의료재단목포중앙병원,A2600017,UNKNOWN,UNKNOWN,Y,UNKNOWN,UNKNOWN,UNKNOWN,UNKNOWN,UNKNOWN,UNKNOWN,Y,UNKNOWN,Y,UNKNOWN,UNKNOWN,Y,UNKNOWN,Y,UNKNOWN,UNKNOWN,UNKNOWN,Y,Y,Y,UNKNOWN,UNKNOWN,Y,UNKNOWN,Y,,,,,전라남도,목포시,,2026-05-23 19:35:48
목포시의료원,A2600022,UNKNOWN,UNKNOWN,UNKNOWN,UNKNOWN,UNKNOWN,UNKNOWN,UNKNOWN,UNKNOWN,UNKNOWN,UNKNOWN,UNKNOWN,UNKNOWN,UNKNOWN,UNKNOWN,UNKNOWN,UNKNOWN,UNKNOWN,UNKNOWN,UNKNOWN,UNKNOWN,Y,UNKNOWN,UNKNOWN,UNKNOWN,UNKNOWN,UNKNOWN,UNKNOWN,UNKNOWN,,,,,전라남도,목포시,,2026-05-23 19:35:48
대송의료재단무안병원,A2600003,UNKNOWN,UNKNOWN,UNKNOWN,UNKNOWN,UNKNOWN,UNKNOWN,UNKNOWN,UNKNOWN,UNKNOWN,UNKNOWN,UNKNOWN,UNKNOWN,UNKNOWN,UNKNOWN,Y,Y,Y,UNKNOWN,UNKNOWN,UNKNOWN,Y,UNKNOWN,UNKNOWN,UNKNOWN,UNKNOWN,UNKNOWN,UNKNOWN,UNKNOWN,,,,,전라남도,무안군,,2026-05-23 19:35:48
보성아산병원,A2600052,UNKNOWN,UNKNOWN,UNKNOWN,UNKNOWN,UNKNOWN,UNKNOWN,UNKNOWN,UNKNOWN,UNKNOWN,UNKNOWN,UNKNOWN,UNKNOWN,UNKNOWN,UNKNOWN,UNKNOWN,UNKNOWN,UNKNOWN,UNKNOWN,UNKNOWN,UNKNOWN,Y,UNKNOWN,UNKNOWN,UNKNOWN,UNKNOWN,UNKNOWN,UNKNOWN,UNKNOWN,,,,,전라남도,보성군,,2026-05-23 19:35:48
의료법인삼호의료재단벌교삼호병원,A2600066,UNKNOWN,UNKNOWN,UNKNOWN,UNKNOWN,UNKNOWN,UNKNOWN,UNKNOWN,UNKNOWN,UNKNOWN,UNKNOWN,UNKNOWN,UNKNOWN,UNKNOWN,UNKNOWN,UNKNOWN,UNKNOWN,UNKNOWN,UNKNOWN,UNKNOWN,UNKNOWN,Y,UNKNOWN,UNKNOWN,UNKNOWN,UNKNOWN,UNKNOWN,UNKNOWN,UNKNOWN,,,,,전라남도,보성군,,2026-05-23 19:35:48
순천제일병원,A2600008,UNKNOWN,UNKNOWN,UNKNOWN,UNKNOWN,UNKNOWN,UNKNOWN,UNKNOWN,UNKNOWN,UNKNOWN,UNKNOWN,UNKNOWN,UNKNOWN,UNKNOWN,UNKNOWN,UNKNOWN,UNKNOWN,UNKNOWN,UNKNOWN,UNKNOWN,UNKNOWN,Y,UNKNOWN,UNKNOWN,UNKNOWN,UNKNOWN,UNKNOWN,UNKNOWN,UNKNOWN,,,,,전라남도,순천시,,2026-05-23 19:35:48
전라남도순천의료원,A2600056,UNKNOWN,UNKNOWN,UNKNOWN,UNKNOWN,UNKNOWN,UNKNOWN,UNKNOWN,UNKNOWN,UNKNOWN,UNKNOWN,UNKNOWN,UNKNOWN,UNKNOWN,UNKNOWN,UNKNOWN,UNKNOWN,Y,UNKNOWN,UNKNOWN,UNKNOWN,Y,UNKNOWN,UNKNOWN,UNKNOWN,UNKNOWN,N,UNKNOWN,N,,,,,전라남도,순천시,,2026-05-23 19:35:48
성가롤로병원,A2600019,Y,Y,Y,Y,Y,UNKNOWN,UNKNOWN,UNKNOWN,Y,Y,UNKNOWN,Y,UNKNOWN,UNKNOWN,Y,Y,UNKNOWN,UNKNOWN,Y,Y,Y,Y,Y,Y,Y,Y,Y,Y,,,,,전라남도,순천시,,2026-05-23 19:35:48
의료법인한국의료재단한국병원,A2600005,UNKNOWN,UNKNOWN,Y,UNKNOWN,UNKNOWN,UNKNOWN,UNKNOWN,UNKNOWN,UNKNOWN,UNKNOWN,UNKNOWN,UNKNOWN,UNKNOWN,UNKNOWN,Y,UNKNOWN,UNKNOWN,UNKNOWN,UNKNOWN,UNKNOWN,Y,UNKNOWN,Y,UNKNOWN,UNKNOWN,Y,Y,Y,,,,,전라남도,순천시,,2026-05-23 19:35:48
의료법인신안대우병원,A2600051,UNKNOWN,UNKNOWN,UNKNOWN,UNKNOWN,UNKNOWN,UNKNOWN,UNKNOWN,UNKNOWN,UNKNOWN,UNKNOWN,UNKNOWN,UNKNOWN,UNKNOWN,UNKNOWN,UNKNOWN,UNKNOWN,UNKNOWN,UNKNOWN,UNKNOWN,UNKNOWN,Y,UNKNOWN,UNKNOWN,UNKNOWN,UNKNOWN,UNKNOWN,UNKNOWN,UNKNOWN,,,,,전라남도,신안군,,2026-05-23 19:35:48
여천전남병원,A2600014,N,Y,Y,UNKNOWN,UNKNOWN,UNKNOWN,UNKNOWN,UNKNOWN,UNKNOWN,Y,Y,UNKNOWN,Y,Y,Y,Y,UNKNOWN,UNKNOWN,UNKNOWN,UNKNOWN,Y,UNKNOWN,Y,UNKNOWN,UNKNOWN,Y,Y,Y,,,,,전라남도,여수시,,2026-05-23 19:35:48
의료법인한마음의료재단여수제일병원,A2600027,UNKNOWN,UNKNOWN,Y,UNKNOWN,UNKNOWN,UNKNOWN,UNKNOWN,UNKNOWN,Y,Y,UNKNOWN,UNKNOWN,UNKNOWN,UNKNOWN,UNKNOWN,UNKNOWN,UNKNOWN,UNKNOWN,UNKNOWN,UNKNOWN,Y,UNKNOWN,Y,UNKNOWN,UNKNOWN,Y,Y,Y,,,,,전라남도,여수시,,2026-05-23 19:35:48
여수전남병원,A2600010,UNKNOWN,Y,Y,UNKNOWN,UNKNOWN,UNKNOWN,UNKNOWN,UNKNOWN,UNKNOWN,Y,Y,UNKNOWN,UNKNOWN,UNKNOWN,Y,Y,UNKNOWN,UNKNOWN,UNKNOWN,UNKNOWN,Y,UNKNOWN,Y,UNKNOWN,UNKNOWN,Y,Y,Y,,,,,전라남도,여수시,,2026-05-23 19:35:48
의료법인 거명의료재단 영광기독병원,A2600034,UNKNOWN,UNKNOWN,UNKNOWN,UNKNOWN,UNKNOWN,UNKNOWN,UNKNOWN,UNKNOWN,UNKNOWN,UNKNOWN,UNKNOWN,UNKNOWN,UNKNOWN,UNKNOWN,UNKNOWN,UNKNOWN,UNKNOWN,UNKNOWN,UNKNOWN,UNKNOWN,Y,UNKNOWN,UNKNOWN,UNKNOWN,UNKNOWN,UNKNOWN,UNKNOWN,UNKNOWN,,,,,전라남도,영광군,,2026-05-23 19:35:48
영광종합병원,A2600015,UNKNOWN,UNKNOWN,UNKNOWN,UNKNOWN,UNKNOWN,UNKNOWN,UNKNOWN,UNKNOWN,UNKNOWN,UNKNOWN,UNKNOWN,UNKNOWN,UNKNOWN,UNKNOWN,Y,UNKNOWN,UNKNOWN,UNKNOWN,UNKNOWN,UNKNOWN,Y,UNKNOWN,UNKNOWN,UNKNOWN,UNKNOWN,Y,UNKNOWN,UNKNOWN,,,,,전라남도,영광군,,2026-05-23 19:35:48
영암한국병원,A2600070,UNKNOWN,UNKNOWN,UNKNOWN,UNKNOWN,UNKNOWN,UNKNOWN,UNKNOWN,UNKNOWN,UNKNOWN,UNKNOWN,UNKNOWN,UNKNOWN,UNKNOWN,UNKNOWN,UNKNOWN,UNKNOWN,UNKNOWN,UNKNOWN,UNKNOWN,UNKNOWN,Y,UNKNOWN,UNKNOWN,UNKNOWN,UNKNOWN,UNKNOWN,UNKNOWN,UNKNOWN,,,,,전라남도,영암군,,2026-05-23 19:35:48
완도대성병원,A2600032,UNKNOWN,UNKNOWN,UNKNOWN,UNKNOWN,UNKNOWN,UNKNOWN,UNKNOWN,Y,UNKNOWN,UNKNOWN,UNKNOWN,UNKNOWN,UNKNOWN,UNKNOWN,Y,UNKNOWN,UNKNOWN,UNKNOWN,UNKNOWN,UNKNOWN,Y,UNKNOWN,UNKNOWN,UNKNOWN,UNKNOWN,UNKNOWN,UNKNOWN,UNKNOWN,,,,,전라남도,완도군,,2026-05-23 19:35:48
의료법인행복나눔의료재단장성병원,A2600035,UNKNOWN,UNKNOWN,UNKNOWN,UNKNOWN,UNKNOWN,UNKNOWN,UNKNOWN,UNKNOWN,UNKNOWN,UNKNOWN,UNKNOWN,UNKNOWN,UNKNOWN,UNKNOWN,UNKNOWN,UNKNOWN,UNKNOWN,UNKNOWN,UNKNOWN,UNKNOWN,Y,UNKNOWN,UNKNOWN,UNKNOWN,UNKNOWN,UNKNOWN,UNKNOWN,UNKNOWN,,,,,전라남도,장성군,,2026-05-23 19:35:48
의료법인우범의료재단장흥종합병원,A2600021,UNKNOWN,UNKNOWN,UNKNOWN,UNKNOWN,UNKNOWN,UNKNOWN,UNKNOWN,UNKNOWN,UNKNOWN,UNKNOWN,UNKNOWN,UNKNOWN,UNKNOWN,UNKNOWN,UNKNOWN,UNKNOWN,UNKNOWN,UNKNOWN,UNKNOWN,UNKNOWN,Y,UNKNOWN,UNKNOWN,UNKNOWN,UNKNOWN,UNKNOWN,UNKNOWN,UNKNOWN,,,,,전라남도,장흥군,,2026-05-23 19:35:48
장흥우리병원,A2600037,UNKNOWN,UNKNOWN,UNKNOWN,UNKNOWN,UNKNOWN,UNKNOWN,UNKNOWN,UNKNOWN,UNKNOWN,UNKNOWN,UNKNOWN,UNKNOWN,UNKNOWN,UNKNOWN,UNKNOWN,UNKNOWN,UNKNOWN,UNKNOWN,UNKNOWN,UNKNOWN,Y,UNKNOWN,UNKNOWN,UNKNOWN,UNKNOWN,UNKNOWN,UNKNOWN,UNKNOWN,,,,,전라남도,장흥군,,2026-05-23 19:35:48
진도한국병원,A2600040,UNKNOWN,UNKNOWN,UNKNOWN,UNKNOWN,UNKNOWN,UNKNOWN,UNKNOWN,UNKNOWN,UNKNOWN,UNKNOWN,UNKNOWN,UNKNOWN,UNKNOWN,UNKNOWN,UNKNOWN,UNKNOWN,UNKNOWN,UNKNOWN,UNKNOWN,UNKNOWN,Y,UNKNOWN,UNKNOWN,UNKNOWN,UNKNOWN,UNKNOWN,UNKNOWN,UNKNOWN,,,,,전라남도,진도군,,2026-05-23 19:35:48
해남우리종합병원,A2600077,UNKNOWN,UNKNOWN,UNKNOWN,UNKNOWN,UNKNOWN,UNKNOWN,UNKNOWN,UNKNOWN,UNKNOWN,UNKNOWN,UNKNOWN,Y,UNKNOWN,UNKNOWN,Y,UNKNOWN,UNKNOWN,UNKNOWN,UNKNOWN,UNKNOWN,Y,UNKNOWN,UNKNOWN,UNKNOWN,UNKNOWN,UNKNOWN,UNKNOWN,UNKNOWN,,,,,전라남도,해남군,,2026-05-23 19:35:48
의료법인행촌의료재단해남종합병원,A2600009,UNKNOWN,UNKNOWN,UNKNOWN,UNKNOWN,UNKNOWN,UNKNOWN,UNKNOWN,Y,Y,UNKNOWN,UNKNOWN,UNKNOWN,UNKNOWN,UNKNOWN,Y,UNKNOWN,UNKNOWN,UNKNOWN,UNKNOWN,UNKNOWN,Y,UNKNOWN,UNKNOWN,UNKNOWN,UNKNOWN,UNKNOWN,UNKNOWN,UNKNOWN,,,,,전라남도,해남군,,2026-05-23 19:35:48
화순전남대학교병원,A2600001,UNKNOWN,UNKNOWN,Y,UNKNOWN,UNKNOWN,UNKNOWN,UNKNOWN,UNKNOWN,UNKNOWN,UNKNOWN,UNKNOWN,UNKNOWN,UNKNOWN,UNKNOWN,UNKNOWN,Y,UNKNOWN,UNKNOWN,Y,Y,Y,UNKNOWN,UNKNOWN,UNKNOWN,UNKNOWN,UNKNOWN,Y,Y,,,,,전라남도,화순군,,2026-05-23 19:35:48
의료법인석천재단고창병원,A2500009,UNKNOWN,UNKNOWN,UNKNOWN,UNKNOWN,UNKNOWN,UNKNOWN,Y,Y,Y,Y,UNKNOWN,UNKNOWN,UNKNOWN,UNKNOWN,UNKNOWN,UNKNOWN,UNKNOWN,UNKNOWN,UNKNOWN,UNKNOWN,Y,UNKNOWN,UNKNOWN,UNKNOWN,UNKNOWN,UNKNOWN,UNKNOWN,UNKNOWN,,,,,전북특별자치도,고창군,,2026-05-23 19:35:48
전북특별자치도군산의료원,A2500007,UNKNOWN,UNKNOWN,UNKNOWN,UNKNOWN,UNKNOWN,UNKNOWN,UNKNOWN,UNKNOWN,UNKNOWN,UNKNOWN,UNKNOWN,UNKNOWN,Y,UNKNOWN,UNKNOWN,UNKNOWN,UNKNOWN,UNKNOWN,UNKNOWN,UNKNOWN,Y,UNKNOWN,Y,UNKNOWN,UNKNOWN,Y,UNKNOWN,Y,,,,,전북특별자치도,군산시,,2026-05-23 19:35:48
의료법인오성의료재단동군산병원,A2500012,Y,UNKNOWN,Y,UNKNOWN,UNKNOWN,UNKNOWN,UNKNOWN,UNKNOWN,UNKNOWN,UNKNOWN,UNKNOWN,N,UNKNOWN,UNKNOWN,UNKNOWN,Y,UNKNOWN,UNKNOWN,UNKNOWN,UNKNOWN,Y,N,N,UNKNOWN,UNKNOWN,Y,Y,Y,,,,,전북특별자치도,군산시,,2026-05-23 19:35:48
김제우석병원,A2500038,UNKNOWN,UNKNOWN,UNKNOWN,UNKNOWN,UNKNOWN,UNKNOWN,UNKNOWN,UNKNOWN,UNKNOWN,UNKNOWN,UNKNOWN,UNKNOWN,UNKNOWN,UNKNOWN,UNKNOWN,UNKNOWN,UNKNOWN,UNKNOWN,UNKNOWN,UNKNOWN,Y,UNKNOWN,UNKNOWN,UNKNOWN,UNKNOWN,UNKNOWN,UNKNOWN,UNKNOWN,,,,,전북특별자치도,김제시,,2026-05-23 19:35:48
전북특별자치도남원의료원,A2500004,UNKNOWN,UNKNOWN,UNKNOWN,UNKNOWN,UNKNOWN,UNKNOWN,UNKNOWN,Y,Y,UNKNOWN,UNKNOWN,UNKNOWN,UNKNOWN,UNKNOWN,UNKNOWN,UNKNOWN,UNKNOWN,UNKNOWN,UNKNOWN,UNKNOWN,Y,UNKNOWN,UNKNOWN,UNKNOWN,UNKNOWN,Y,UNKNOWN,Y,,,,,전북특별자치도,남원시,,2026-05-23 19:35:48
무주군보건의료원,E2500019,UNKNOWN,UNKNOWN,UNKNOWN,UNKNOWN,UNKNOWN,UNKNOWN,UNKNOWN,UNKNOWN,UNKNOWN,UNKNOWN,UNKNOWN,UNKNOWN,UNKNOWN,UNKNOWN,UNKNOWN,UNKNOWN,UNKNOWN,UNKNOWN,UNKNOWN,UNKNOWN,Y,UNKNOWN,UNKNOWN,UNKNOWN,UNKNOWN,UNKNOWN,UNKNOWN,UNKNOWN,,,,,전북특별자치도,무주군,,2026-05-23 19:35:48
부안성모병원,A2500010,UNKNOWN,UNKNOWN,UNKNOWN,UNKNOWN,UNKNOWN,UNKNOWN,UNKNOWN,UNKNOWN,UNKNOWN,UNKNOWN,UNKNOWN,UNKNOWN,UNKNOWN,UNKNOWN,UNKNOWN,UNKNOWN,UNKNOWN,UNKNOWN,UNKNOWN,UNKNOWN,Y,UNKNOWN,UNKNOWN,UNKNOWN,UNKNOWN,UNKNOWN,UNKNOWN,Y,,,,,전북특별자치도,부안군,,2026-05-23 19:35:48
순창군보건의료원,E2500021,UNKNOWN,UNKNOWN,UNKNOWN,UNKNOWN,UNKNOWN,UNKNOWN,UNKNOWN,UNKNOWN,UNKNOWN,UNKNOWN,UNKNOWN,UNKNOWN,UNKNOWN,UNKNOWN,UNKNOWN,UNKNOWN,UNKNOWN,UNKNOWN,UNKNOWN,UNKNOWN,Y,UNKNOWN,UNKNOWN,UNKNOWN,UNKNOWN,UNKNOWN,UNKNOWN,UNKNOWN,,,,,전북특별자치도,순창군,,2026-05-23 19:35:48
원광대학교병원,A2500001,Y,Y,Y,Y,Y,UNKNOWN,Y,Y,Y,Y,UNKNOWN,Y,N,N,Y,Y,Y,Y,Y,Y,Y,Y,Y,Y,Y,Y,Y,Y,,,,,전북특별자치도,익산시,,2026-05-23 19:35:48
의료법인대산의료재단익산병원,A2500011,UNKNOWN,UNKNOWN,UNKNOWN,UNKNOWN,UNKNOWN,UNKNOWN,UNKNOWN,UNKNOWN,UNKNOWN,UNKNOWN,UNKNOWN,UNKNOWN,UNKNOWN,UNKNOWN,UNKNOWN,UNKNOWN,UNKNOWN,UNKNOWN,UNKNOWN,UNKNOWN,Y,UNKNOWN,UNKNOWN,UNKNOWN,UNKNOWN,Y,UNKNOWN,UNKNOWN,,,,,전북특별자치도,익산시,,2026-05-23 19:35:48
임실군보건의료원,E2500022,UNKNOWN,UNKNOWN,UNKNOWN,UNKNOWN,UNKNOWN,UNKNOWN,UNKNOWN,UNKNOWN,UNKNOWN,UNKNOWN,UNKNOWN,UNKNOWN,UNKNOWN,UNKNOWN,UNKNOWN,UNKNOWN,UNKNOWN,UNKNOWN,UNKNOWN,UNKNOWN,Y,UNKNOWN,UNKNOWN,UNKNOWN,UNKNOWN,UNKNOWN,UNKNOWN,UNKNOWN,,,,,전북특별자치도,임실군,,2026-05-23 19:35:48
장수군보건의료원,E2500020,UNKNOWN,UNKNOWN,UNKNOWN,UNKNOWN,UNKNOWN,UNKNOWN,UNKNOWN,UNKNOWN,UNKNOWN,UNKNOWN,UNKNOWN,UNKNOWN,UNKNOWN,UNKNOWN,UNKNOWN,UNKNOWN,UNKNOWN,UNKNOWN,UNKNOWN,UNKNOWN,Y,UNKNOWN,UNKNOWN,UNKNOWN,UNKNOWN,UNKNOWN,UNKNOWN,UNKNOWN,,,,,전북특별자치도,장수군,,2026-05-23 19:35:48
전북대학교병원,A2500002,Y,Y,Y,Y,Y,Y,Y,N,Y,Y,UNKNOWN,Y,Y,Y,Y,Y,Y,Y,Y,Y,Y,Y,Y,N,Y,Y,Y,Y,,,,,전북특별자치도,전주시,,2026-05-23 19:35:48
대자인병원,A2500056,Y,UNKNOWN,Y,UNKNOWN,Y,UNKNOWN,UNKNOWN,UNKNOWN,UNKNOWN,Y,UNKNOWN,Y,Y,UNKNOWN,Y,UNKNOWN,UNKNOWN,UNKNOWN,Y,UNKNOWN,Y,Y,Y,UNKNOWN,UNKNOWN,Y,Y,Y,,,,,전북특별자치도,전주시,,2026-05-23 19:35:48
의료법인영경의료재단호성전주병원,A2501890,UNKNOWN,UNKNOWN,UNKNOWN,UNKNOWN,UNKNOWN,UNKNOWN,UNKNOWN,UNKNOWN,UNKNOWN,UNKNOWN,UNKNOWN,UNKNOWN,UNKNOWN,UNKNOWN,UNKNOWN,UNKNOWN,UNKNOWN,UNKNOWN,UNKNOWN,UNKNOWN,Y,UNKNOWN,UNKNOWN,UNKNOWN,UNKNOWN,UNKNOWN,UNKNOWN,UNKNOWN,,,,,전북특별자치도,전주시,,2026-05-23 19:35:48
새강병원,A2502742,UNKNOWN,UNKNOWN,UNKNOWN,UNKNOWN,UNKNOWN,UNKNOWN,UNKNOWN,UNKNOWN,UNKNOWN,UNKNOWN,UNKNOWN,UNKNOWN,UNKNOWN,UNKNOWN,UNKNOWN,UNKNOWN,UNKNOWN,UNKNOWN,UNKNOWN,UNKNOWN,Y,UNKNOWN,UNKNOWN,UNKNOWN,UNKNOWN,UNKNOWN,UNKNOWN,UNKNOWN,,,,,전북특별자치도,전주시,,2026-05-23 19:35:48
재단법인예수병원유지재단예수병원,A2500006,Y,Y,Y,Y,Y,UNKNOWN,Y,Y,Y,Y,UNKNOWN,Y,UNKNOWN,UNKNOWN,Y,Y,UNKNOWN,UNKNOWN,Y,UNKNOWN,Y,Y,Y,UNKNOWN,UNKNOWN,Y,Y,Y,,,,,전북특별자치도,전주시,,2026-05-23 19:35:48
의료법인영경의료재단전주병원,A2500005,UNKNOWN,UNKNOWN,UNKNOWN,UNKNOWN,UNKNOWN,UNKNOWN,UNKNOWN,UNKNOWN,UNKNOWN,Y,UNKNOWN,UNKNOWN,UNKNOWN,UNKNOWN,UNKNOWN,UNKNOWN,UNKNOWN,UNKNOWN,UNKNOWN,UNKNOWN,Y,UNKNOWN,Y,UNKNOWN,UNKNOWN,Y,UNKNOWN,Y,,,,,전북특별자치도,전주시,,2026-05-23 19:35:48
재단법인 아산사회복지재단 정읍아산병원,A2500008,UNKNOWN,UNKNOWN,UNKNOWN,UNKNOWN,UNKNOWN,UNKNOWN,UNKNOWN,UNKNOWN,UNKNOWN,UNKNOWN,UNKNOWN,UNKNOWN,UNKNOWN,UNKNOWN,UNKNOWN,UNKNOWN,UNKNOWN,UNKNOWN,UNKNOWN,UNKNOWN,Y,UNKNOWN,N,UNKNOWN,UNKNOWN,UNKNOWN,UNKNOWN,UNKNOWN,,,,,전북특별자치도,정읍시,,2026-05-23 19:35:48
진안군의료원,A2502031,UNKNOWN,UNKNOWN,UNKNOWN,UNKNOWN,UNKNOWN,UNKNOWN,UNKNOWN,UNKNOWN,UNKNOWN,UNKNOWN,UNKNOWN,UNKNOWN,UNKNOWN,UNKNOWN,UNKNOWN,UNKNOWN,UNKNOWN,UNKNOWN,UNKNOWN,UNKNOWN,Y,UNKNOWN,UNKNOWN,UNKNOWN,UNKNOWN,UNKNOWN,UNKNOWN,UNKNOWN,,,,,전북특별자치도,진안군,,2026-05-23 19:35:48
제주특별자치도서귀포의료원,A2900002,Y,Y,Y,UNKNOWN,UNKNOWN,UNKNOWN,UNKNOWN,Y,Y,Y,UNKNOWN,UNKNOWN,UNKNOWN,UNKNOWN,Y,Y,Y,UNKNOWN,UNKNOWN,UNKNOWN,Y,UNKNOWN,Y,UNKNOWN,UNKNOWN,Y,UNKNOWN,Y,,,,,제주특별자치도,서귀포시,,2026-05-23 19:35:48
제주한라병원,A2900001,N,Y,Y,UNKNOWN,UNKNOWN,UNKNOWN,Y,UNKNOWN,UNKNOWN,UNKNOWN,Y,Y,UNKNOWN,UNKNOWN,Y,Y,UNKNOWN,UNKNOWN,Y,UNKNOWN,Y,Y,Y,N,Y,Y,Y,Y,,,,,제주특별자치도,제주시,,2026-05-23 19:35:48
의료법인 혜인의료재단 한국병원,A2900003,UNKNOWN,UNKNOWN,UNKNOWN,UNKNOWN,UNKNOWN,UNKNOWN,UNKNOWN,UNKNOWN,UNKNOWN,UNKNOWN,UNKNOWN,UNKNOWN,UNKNOWN,UNKNOWN,UNKNOWN,Y,UNKNOWN,UNKNOWN,UNKNOWN,UNKNOWN,Y,UNKNOWN,UNKNOWN,UNKNOWN,UNKNOWN,Y,UNKNOWN,Y,,,,,제주특별자치도,제주시,,2026-05-23 19:35:48
제주대학교병원,A2900007,N,UNKNOWN,UNKNOWN,Y,Y,Y,Y,N,N,Y,UNKNOWN,Y,Y,Y,Y,Y,Y,Y,Y,Y,Y,Y,Y,UNKNOWN,UNKNOWN,Y,Y,Y,,,,,제주특별자치도,제주시,,2026-05-23 19:35:48
한마음병원,A2900005,UNKNOWN,UNKNOWN,Y,UNKNOWN,Y,UNKNOWN,UNKNOWN,UNKNOWN,Y,Y,UNKNOWN,UNKNOWN,UNKNOWN,UNKNOWN,Y,Y,UNKNOWN,UNKNOWN,UNKNOWN,UNKNOWN,Y,UNKNOWN,Y,UNKNOWN,UNKNOWN,Y,UNKNOWN,Y,,,,,제주특별자치도,제주시,,2026-05-23 19:35:48
의료법인중앙의료재단중앙병원,A2900006,Y,UNKNOWN,Y,UNKNOWN,UNKNOWN,UNKNOWN,UNKNOWN,UNKNOWN,UNKNOWN,Y,UNKNOWN,Y,UNKNOWN,UNKNOWN,Y,Y,UNKNOWN,UNKNOWN,N,UNKNOWN,Y,Y,Y,UNKNOWN,UNKNOWN,Y,UNKNOWN,Y,,,,,제주특별자치도,제주시,,2026-05-23 19:35:48
충청남도공주의료원,A2400010,UNKNOWN,UNKNOWN,UNKNOWN,UNKNOWN,UNKNOWN,UNKNOWN,UNKNOWN,UNKNOWN,UNKNOWN,UNKNOWN,UNKNOWN,UNKNOWN,UNKNOWN,UNKNOWN,UNKNOWN,UNKNOWN,UNKNOWN,UNKNOWN,UNKNOWN,UNKNOWN,Y,UNKNOWN,UNKNOWN,UNKNOWN,UNKNOWN,UNKNOWN,UNKNOWN,UNKNOWN,,,,,충청남도,공주시,,2026-05-23 19:35:48
의료법인백제병원,A2400009,Y,UNKNOWN,Y,UNKNOWN,Y,UNKNOWN,UNKNOWN,UNKNOWN,UNKNOWN,UNKNOWN,UNKNOWN,UNKNOWN,UNKNOWN,UNKNOWN,Y,Y,Y,UNKNOWN,UNKNOWN,UNKNOWN,Y,UNKNOWN,Y,UNKNOWN,UNKNOWN,UNKNOWN,UNKNOWN,Y,,,,,충청남도,논산시,,2026-05-23 19:35:48
당진종합병원,A2400008,Y,UNKNOWN,UNKNOWN,UNKNOWN,UNKNOWN,UNKNOWN,UNKNOWN,UNKNOWN,UNKNOWN,UNKNOWN,Y,UNKNOWN,UNKNOWN,UNKNOWN,Y,Y,UNKNOWN,UNKNOWN,UNKNOWN,UNKNOWN,Y,UNKNOWN,Y,UNKNOWN,UNKNOWN,Y,UNKNOWN,Y,,,,,충청남도,당진시,,2026-05-23 19:35:48
재단법인아산사회복지재단보령아산병원,A2400011,UNKNOWN,UNKNOWN,UNKNOWN,UNKNOWN,UNKNOWN,UNKNOWN,UNKNOWN,UNKNOWN,UNKNOWN,UNKNOWN,UNKNOWN,UNKNOWN,UNKNOWN,UNKNOWN,Y,UNKNOWN,UNKNOWN,UNKNOWN,UNKNOWN,UNKNOWN,Y,UNKNOWN,UNKNOWN,UNKNOWN,UNKNOWN,UNKNOWN,UNKNOWN,Y,,,,,충청남도,보령시,,2026-05-23 19:35:48
학교법인건양교육재단건양대학교부여병원,A2400038,UNKNOWN,UNKNOWN,UNKNOWN,UNKNOWN,UNKNOWN,UNKNOWN,UNKNOWN,UNKNOWN,UNKNOWN,UNKNOWN,UNKNOWN,UNKNOWN,UNKNOWN,UNKNOWN,UNKNOWN,UNKNOWN,UNKNOWN,UNKNOWN,UNKNOWN,UNKNOWN,Y,UNKNOWN,UNKNOWN,UNKNOWN,UNKNOWN,UNKNOWN,UNKNOWN,UNKNOWN,,,,,충청남도,부여군,,2026-05-23 19:35:48
서산중앙병원,A2400003,Y,UNKNOWN,Y,UNKNOWN,UNKNOWN,UNKNOWN,UNKNOWN,UNKNOWN,UNKNOWN,UNKNOWN,UNKNOWN,Y,UNKNOWN,UNKNOWN,Y,Y,UNKNOWN,UNKNOWN,UNKNOWN,UNKNOWN,Y,UNKNOWN,Y,UNKNOWN,UNKNOWN,Y,UNKNOWN,Y,,,,,충청남도,서산시,,2026-05-23 19:35:48
충청남도서산의료원,A2400006,UNKNOWN,UNKNOWN,Y,UNKNOWN,UNKNOWN,UNKNOWN,UNKNOWN,UNKNOWN,UNKNOWN,UNKNOWN,UNKNOWN,UNKNOWN,UNKNOWN,UNKNOWN,UNKNOWN,UNKNOWN,UNKNOWN,UNKNOWN,UNKNOWN,UNKNOWN,Y,UNKNOWN,UNKNOWN,UNKNOWN,UNKNOWN,UNKNOWN,UNKNOWN,UNKNOWN,,,,,충청남도,서산시,,2026-05-23 19:35:48
의료법인 서해병원,A2400044,UNKNOWN,UNKNOWN,UNKNOWN,UNKNOWN,UNKNOWN,UNKNOWN,UNKNOWN,UNKNOWN,UNKNOWN,UNKNOWN,UNKNOWN,UNKNOWN,UNKNOWN,UNKNOWN,UNKNOWN,UNKNOWN,UNKNOWN,UNKNOWN,UNKNOWN,UNKNOWN,Y,UNKNOWN,UNKNOWN,UNKNOWN,UNKNOWN,UNKNOWN,UNKNOWN,UNKNOWN,,,,,충청남도,서천군,,2026-05-23 19:35:48
아산충무병원,A2402257,Y,UNKNOWN,Y,UNKNOWN,Y,UNKNOWN,UNKNOWN,UNKNOWN,UNKNOWN,Y,UNKNOWN,Y,UNKNOWN,UNKNOWN,Y,Y,UNKNOWN,UNKNOWN,Y,UNKNOWN,Y,Y,Y,UNKNOWN,UNKNOWN,Y,Y,Y,,,,,충청남도,아산시,,2026-05-23 19:35:48
현대병원,A2400039,UNKNOWN,UNKNOWN,UNKNOWN,UNKNOWN,UNKNOWN,UNKNOWN,UNKNOWN,UNKNOWN,UNKNOWN,UNKNOWN,UNKNOWN,UNKNOWN,UNKNOWN,UNKNOWN,UNKNOWN,UNKNOWN,UNKNOWN,UNKNOWN,UNKNOWN,UNKNOWN,Y,UNKNOWN,UNKNOWN,UNKNOWN,UNKNOWN,UNKNOWN,UNKNOWN,UNKNOWN,,,,,충청남도,아산시,,2026-05-23 19:35:48
의료법인예당의료재단예산종합병원,A2400004,UNKNOWN,UNKNOWN,UNKNOWN,UNKNOWN,UNKNOWN,UNKNOWN,UNKNOWN,UNKNOWN,UNKNOWN,UNKNOWN,UNKNOWN,UNKNOWN,UNKNOWN,UNKNOWN,UNKNOWN,UNKNOWN,UNKNOWN,UNKNOWN,UNKNOWN,UNKNOWN,Y,UNKNOWN,UNKNOWN,UNKNOWN,UNKNOWN,UNKNOWN,UNKNOWN,UNKNOWN,,,,,충청남도,예산군,,2026-05-23 19:35:48
단국대학교의과대학부속병원,A2400002,Y,N,Y,N,Y,UNKNOWN,N,N,N,N,UNKNOWN,Y,Y,Y,Y,Y,Y,Y,Y,Y,Y,Y,Y,Y,Y,Y,Y,Y,,,,,충청남도,천안시,,2026-05-23 19:35:48
학교법인동은학원순천향대학교부속천안병원,A2400001,Y,UNKNOWN,Y,Y,Y,Y,Y,Y,Y,Y,UNKNOWN,Y,Y,Y,Y,Y,UNKNOWN,Y,Y,Y,Y,Y,Y,Y,Y,Y,Y,Y,,,,,충청남도,천안시,,2026-05-23 19:35:48
충청남도천안의료원,A2400005,UNKNOWN,UNKNOWN,UNKNOWN,UNKNOWN,UNKNOWN,UNKNOWN,UNKNOWN,UNKNOWN,UNKNOWN,UNKNOWN,UNKNOWN,UNKNOWN,UNKNOWN,UNKNOWN,UNKNOWN,UNKNOWN,UNKNOWN,UNKNOWN,UNKNOWN,UNKNOWN,Y,UNKNOWN,UNKNOWN,UNKNOWN,UNKNOWN,UNKNOWN,UNKNOWN,UNKNOWN,,,,,충청남도,천안시,,2026-05-23 19:35:48
의료법인영서의료재단천안충무병원,A2400012,Y,UNKNOWN,Y,UNKNOWN,Y,UNKNOWN,UNKNOWN,UNKNOWN,UNKNOWN,Y,Y,Y,Y,Y,Y,Y,UNKNOWN,UNKNOWN,Y,Y,Y,Y,Y,UNKNOWN,UNKNOWN,Y,Y,Y,,,,,충청남도,천안시,,2026-05-23 19:35:48
청양군보건의료원,E2400032,UNKNOWN,UNKNOWN,UNKNOWN,UNKNOWN,UNKNOWN,UNKNOWN,UNKNOWN,UNKNOWN,UNKNOWN,UNKNOWN,UNKNOWN,UNKNOWN,UNKNOWN,UNKNOWN,UNKNOWN,UNKNOWN,UNKNOWN,UNKNOWN,UNKNOWN,UNKNOWN,Y,UNKNOWN,UNKNOWN,UNKNOWN,UNKNOWN,UNKNOWN,UNKNOWN,UNKNOWN,,,,,충청남도,청양군,,2026-05-23 19:35:48
태안군보건의료원,E2400033,UNKNOWN,UNKNOWN,UNKNOWN,UNKNOWN,UNKNOWN,UNKNOWN,UNKNOWN,UNKNOWN,UNKNOWN,UNKNOWN,UNKNOWN,UNKNOWN,UNKNOWN,UNKNOWN,UNKNOWN,UNKNOWN,UNKNOWN,UNKNOWN,UNKNOWN,UNKNOWN,Y,UNKNOWN,UNKNOWN,UNKNOWN,UNKNOWN,UNKNOWN,UNKNOWN,UNKNOWN,,,,,충청남도,태안군,,2026-05-23 19:35:48
충청남도홍성의료원,A2400007,UNKNOWN,UNKNOWN,UNKNOWN,UNKNOWN,UNKNOWN,UNKNOWN,UNKNOWN,UNKNOWN,UNKNOWN,UNKNOWN,UNKNOWN,UNKNOWN,UNKNOWN,UNKNOWN,UNKNOWN,UNKNOWN,UNKNOWN,UNKNOWN,UNKNOWN,UNKNOWN,Y,UNKNOWN,UNKNOWN,UNKNOWN,UNKNOWN,UNKNOWN,UNKNOWN,UNKNOWN,,,,,충청남도,홍성군,,2026-05-23 19:35:48
의료법인대광의료재단괴산성모병원,A2300034,UNKNOWN,UNKNOWN,UNKNOWN,UNKNOWN,UNKNOWN,UNKNOWN,UNKNOWN,UNKNOWN,UNKNOWN,UNKNOWN,UNKNOWN,UNKNOWN,UNKNOWN,UNKNOWN,UNKNOWN,UNKNOWN,UNKNOWN,UNKNOWN,UNKNOWN,UNKNOWN,Y,UNKNOWN,UNKNOWN,UNKNOWN,UNKNOWN,UNKNOWN,UNKNOWN,UNKNOWN,,,,,충청북도,괴산군,,2026-05-23 19:35:48
단양군보건의료원,E2300011,UNKNOWN,UNKNOWN,UNKNOWN,UNKNOWN,UNKNOWN,UNKNOWN,UNKNOWN,UNKNOWN,UNKNOWN,UNKNOWN,UNKNOWN,UNKNOWN,UNKNOWN,UNKNOWN,UNKNOWN,UNKNOWN,UNKNOWN,UNKNOWN,UNKNOWN,UNKNOWN,Y,UNKNOWN,UNKNOWN,UNKNOWN,UNKNOWN,UNKNOWN,UNKNOWN,UNKNOWN,,,,,충청북도,단양군,,2026-05-23 19:35:48
의료법인조윤의료재단영동병원,A2300030,UNKNOWN,UNKNOWN,UNKNOWN,UNKNOWN,UNKNOWN,UNKNOWN,UNKNOWN,UNKNOWN,UNKNOWN,UNKNOWN,UNKNOWN,UNKNOWN,UNKNOWN,UNKNOWN,UNKNOWN,UNKNOWN,UNKNOWN,UNKNOWN,UNKNOWN,UNKNOWN,Y,UNKNOWN,UNKNOWN,UNKNOWN,UNKNOWN,UNKNOWN,UNKNOWN,UNKNOWN,,,,,충청북도,영동군,,2026-05-23 19:35:48
의료법인힐링의료재단옥천성모병원,A2300011,UNKNOWN,UNKNOWN,UNKNOWN,UNKNOWN,UNKNOWN,UNKNOWN,UNKNOWN,UNKNOWN,UNKNOWN,UNKNOWN,UNKNOWN,UNKNOWN,UNKNOWN,UNKNOWN,UNKNOWN,UNKNOWN,UNKNOWN,UNKNOWN,UNKNOWN,UNKNOWN,Y,UNKNOWN,UNKNOWN,UNKNOWN,UNKNOWN,UNKNOWN,UNKNOWN,UNKNOWN,,,,,충청북도,옥천군,,2026-05-23 19:35:48
의료법인명지의료재단명지병원,A2300009,Y,UNKNOWN,UNKNOWN,UNKNOWN,UNKNOWN,UNKNOWN,UNKNOWN,UNKNOWN,UNKNOWN,UNKNOWN,UNKNOWN,UNKNOWN,UNKNOWN,UNKNOWN,Y,Y,UNKNOWN,UNKNOWN,UNKNOWN,UNKNOWN,Y,UNKNOWN,UNKNOWN,UNKNOWN,UNKNOWN,UNKNOWN,UNKNOWN,UNKNOWN,,,,,충청북도,제천시,,2026-05-23 19:35:48
의료법인자산의료재단제천서울병원,A2300005,UNKNOWN,UNKNOWN,UNKNOWN,UNKNOWN,UNKNOWN,UNKNOWN,UNKNOWN,UNKNOWN,UNKNOWN,UNKNOWN,UNKNOWN,UNKNOWN,UNKNOWN,UNKNOWN,Y,Y,UNKNOWN,UNKNOWN,UNKNOWN,UNKNOWN,Y,UNKNOWN,Y,UNKNOWN,UNKNOWN,Y,UNKNOWN,Y,,,,,충청북도,제천시,,2026-05-23 19:35:48
의료법인 건명의료재단 중앙제일병원,A2300013,UNKNOWN,UNKNOWN,UNKNOWN,UNKNOWN,UNKNOWN,UNKNOWN,UNKNOWN,UNKNOWN,UNKNOWN,Y,UNKNOWN,UNKNOWN,Y,Y,Y,Y,UNKNOWN,UNKNOWN,UNKNOWN,UNKNOWN,Y,UNKNOWN,UNKNOWN,UNKNOWN,UNKNOWN,Y,UNKNOWN,Y,,,,,충청북도,진천군,,2026-05-23 19:35:48
의료법인인화재단한국병원,A2300007,Y,Y,Y,UNKNOWN,UNKNOWN,UNKNOWN,UNKNOWN,UNKNOWN,Y,Y,Y,Y,UNKNOWN,UNKNOWN,Y,Y,UNKNOWN,UNKNOWN,Y,UNKNOWN,Y,Y,Y,UNKNOWN,UNKNOWN,Y,UNKNOWN,Y,,,,,충청북도,청주시,,2026-05-23 19:35:48
의료법인정산의료재단효성병원,A2300003,Y,Y,Y,UNKNOWN,UNKNOWN,UNKNOWN,UNKNOWN,UNKNOWN,UNKNOWN,Y,Y,Y,Y,Y,Y,Y,UNKNOWN,UNKNOWN,Y,UNKNOWN,Y,Y,Y,UNKNOWN,UNKNOWN,Y,Y,Y,,,,,충청북도,청주시,,2026-05-23 19:35:48
충북대학교병원,A2300001,Y,UNKNOWN,N,UNKNOWN,Y,UNKNOWN,UNKNOWN,UNKNOWN,UNKNOWN,UNKNOWN,UNKNOWN,Y,UNKNOWN,UNKNOWN,Y,Y,Y,UNKNOWN,N,UNKNOWN,Y,Y,Y,UNKNOWN,UNKNOWN,UNKNOWN,UNKNOWN,UNKNOWN,,,,,충청북도,청주시,,2026-05-23 19:35:48
충청북도청주의료원,A2300006,UNKNOWN,UNKNOWN,Y,UNKNOWN,UNKNOWN,UNKNOWN,UNKNOWN,UNKNOWN,UNKNOWN,UNKNOWN,UNKNOWN,UNKNOWN,UNKNOWN,UNKNOWN,UNKNOWN,UNKNOWN,N,UNKNOWN,UNKNOWN,UNKNOWN,Y,Y,Y,UNKNOWN,UNKNOWN,Y,UNKNOWN,N,,,,,충청북도,청주시,,2026-05-23 19:35:48
청주성모병원,A2300008,Y,UNKNOWN,Y,UNKNOWN,UNKNOWN,UNKNOWN,UNKNOWN,Y,Y,Y,UNKNOWN,Y,UNKNOWN,UNKNOWN,Y,Y,UNKNOWN,UNKNOWN,Y,UNKNOWN,Y,Y,Y,UNKNOWN,UNKNOWN,Y,Y,Y,,,,,충청북도,청주시,,2026-05-23 19:35:48
의료법인한마음의료재단하나병원,A2300002,Y,UNKNOWN,Y,UNKNOWN,UNKNOWN,UNKNOWN,UNKNOWN,UNKNOWN,UNKNOWN,Y,UNKNOWN,Y,UNKNOWN,UNKNOWN,Y,Y,UNKNOWN,UNKNOWN,Y,UNKNOWN,Y,Y,Y,UNKNOWN,UNKNOWN,Y,Y,Y,,,,,충청북도,청주시,,2026-05-23 19:35:48
건국대학교충주병원,A2300010,UNKNOWN,UNKNOWN,Y,UNKNOWN,UNKNOWN,UNKNOWN,UNKNOWN,UNKNOWN,UNKNOWN,UNKNOWN,Y,Y,UNKNOWN,UNKNOWN,UNKNOWN,UNKNOWN,UNKNOWN,UNKNOWN,UNKNOWN,UNKNOWN,Y,Y,Y,UNKNOWN,UNKNOWN,Y,Y,UNKNOWN,,,,,충청북도,충주시,,2026-05-23 19:35:48
충청북도충주의료원,A2300004,Y,Y,Y,UNKNOWN,UNKNOWN,UNKNOWN,UNKNOWN,UNKNOWN,UNKNOWN,UNKNOWN,UNKNOWN,UNKNOWN,UNKNOWN,UNKNOWN,UNKNOWN,UNKNOWN,UNKNOWN,UNKNOWN,UNKNOWN,UNKNOWN,Y,UNKNOWN,Y,UNKNOWN,UNKNOWN,Y,Y,Y,,,,,충청북도,충주시,,2026-05-23 19:35:48
